feature,coefficient,absolute_coefficient
我爸,0.38718708406433516,0.38718708406433516
发呆,0.29433031767476775,0.29433031767476775
工作,-0.2881784447468372,0.2881784447468372
吵架,0.26443368696342173,0.26443368696342173
我妈,0.25645081119775415,0.25645081119775415
候。,0.24852819886438077,0.24852819886438077
时候。,0.24852819886438077,0.24852819886438077
"
额，",0.2425724693612634,0.2425724693612634
"
额",0.2425724693612634,0.2425724693612634
比较,-0.24202901082968736,0.24202901082968736
是不,0.24103088966695083,0.24103088966695083
事情,-0.22664402113461,0.22664402113461
还有我,0.2218347083816297,0.2218347083816297
有我,0.21428053769631478,0.21428053769631478
因为他,0.2073880575064836,0.2073880575064836
为他,0.2073880575064836,0.2073880575064836
而且,0.20544216514323724,0.20544216514323724
我好,0.20493991852200175,0.20493991852200175
为他们,0.20170586853540842,0.20170586853540842
因为他们,0.20170586853540842,0.20170586853540842
我说,0.2012106269353085,0.2012106269353085
爸我妈,0.19879501232087216,0.19879501232087216
爸我,0.19879501232087216,0.19879501232087216
我爸我,0.19879501232087216,0.19879501232087216
我爸我妈,0.19879501232087216,0.19879501232087216
他们,0.19731942845787723,0.19731942845787723
奶奶,0.19673010109280592,0.19673010109280592
不给,0.19561339985308732,0.19561339985308732
的工,-0.1884735476783922,0.1884735476783922
的工作,-0.1884735476783922,0.1884735476783922
视频,0.1867851876332057,0.1867851876332057
了，,0.18570180574320466,0.18570180574320466
一些,-0.18428603500813093,0.18428603500813093
，而且,0.18426886033598966,0.18426886033598966
爸爸,0.18412738321034014,0.18412738321034014
要把,0.18318976609335644,0.18318976609335644
作，,-0.17824843251426048,0.17824843251426048
工作，,-0.17824843251426048,0.17824843251426048
记得,0.17748530292327577,0.17748530292327577
回去,0.17439160397558734,0.17439160397558734
程中,0.17373598017242017,0.17373598017242017
过程中,0.17373598017242017,0.17373598017242017
家乡,-0.17265369733460156,0.17265369733460156
从事,-0.17195296312896596,0.17195296312896596
跟我爸,0.1714666350565769,0.1714666350565769
，一个人,0.16854433771086152,0.16854433771086152
舒服,0.16837410109561043,0.16837410109561043
两个,0.16659954255374607,0.16659954255374607
不能,0.16502976650742507,0.16502976650742507
。因为他,0.164406520472883,0.164406520472883
可以,-0.16414902953066013,0.16414902953066013
考试,0.16358066036791752,0.16358066036791752
，还,-0.16345979155390844,0.16345979155390844
主任,0.16197586871176126,0.16197586871176126
班主任,0.16197586871176126,0.16197586871176126
班主任，,0.16197586871176126,0.16197586871176126
主任，,0.16197586871176126,0.16197586871176126
任，,0.16197586871176126,0.16197586871176126
班主,0.16197586871176126,0.16197586871176126
情，,-0.16184054889663904,0.16184054889663904
"吧
额，",0.16157329297546677,0.16157329297546677
"吧
额",0.16157329297546677,0.16157329297546677
，因为他,0.16116524930744955,0.16116524930744955
的时候。,0.16101237548119832,0.16101237548119832
力的,0.15742793688558873,0.15742793688558873
的一,-0.1561703464968243,0.1561703464968243
妈妈,0.15500643277894852,0.15500643277894852
我爸爸,0.1540354015894948,0.1540354015894948
跟我爸爸,0.1540354015894948,0.1540354015894948
乡的,-0.15304341258975693,0.15304341258975693
家乡的,-0.15304341258975693,0.15304341258975693
我把,0.1527519436081386,0.1527519436081386
，一个,0.152088337059953,0.152088337059953
太记得,0.15079662958431914,0.15079662958431914
不太记得,0.15079662958431914,0.15079662958431914
不太记,0.15079662958431914,0.15079662958431914
太记,0.15079662958431914,0.15079662958431914
希望,-0.15006832109730098,0.15006832109730098
事情，,-0.1494394138739295,0.1494394138739295
"爱
",0.14667874006752535,0.14667874006752535
"可爱
",0.14667874006752535,0.14667874006752535
我好像,0.1466723671339131,0.1466723671339131
孩子,-0.14645721115693708,0.14645721115693708
都不,0.14636597043767408,0.14636597043767408
过程,0.1451130123880549,0.1451130123880549
，还有,-0.1445070433155025,0.1445070433155025
特别,-0.14416630986622114,0.14416630986622114
很开心,-0.14386969581898224,0.14386969581898224
很开,-0.14386969581898224,0.14386969581898224
额，我,0.14378093406648235,0.14378093406648235
像是,0.14350139835528297,0.14350139835528297
好像是,0.14350139835528297,0.14350139835528297
现在,0.14332444265944502,0.14332444265944502
，就是,0.1423634476994179,0.1423634476994179
如果,-0.1412263999466061,0.1412263999466061
不清了,0.1409007142550773,0.1409007142550773
清了,0.1409007142550773,0.1409007142550773
记不清了,0.1409007142550773,0.1409007142550773
记不清,0.1409007142550773,0.1409007142550773
我的,-0.140631741723334,0.140631741723334
的故,0.1405287346626685,0.1405287346626685
后悔,-0.13978871002999818,0.13978871002999818
的事情,-0.139617466481432,0.139617466481432
吵架。,0.13892500292269766,0.13892500292269766
架。,0.13892500292269766,0.13892500292269766
，而,0.13745547375495826,0.13745547375495826
，喜,0.13712463795728977,0.13712463795728977
，喜欢,0.13712463795728977,0.13712463795728977
久远了，,0.13709584451370246,0.13709584451370246
久远了,0.13709584451370246,0.13709584451370246
久远,0.13709584451370246,0.13709584451370246
为睡觉,0.13709584451370246,0.13709584451370246
觉，因为,0.13709584451370246,0.13709584451370246
觉，因,0.13709584451370246,0.13709584451370246
因为睡觉,0.13709584451370246,0.13709584451370246
因为睡,0.13709584451370246,0.13709584451370246
太久远,0.13709584451370246,0.13709584451370246
太久,0.13709584451370246,0.13709584451370246
太久远了,0.13709584451370246,0.13709584451370246
太久远了，,0.13709584451370246,0.13709584451370246
觉，因为睡,0.13709584451370246,0.13709584451370246
欢睡觉，,0.13709584451370246,0.13709584451370246
喜欢睡觉，,0.13709584451370246,0.13709584451370246
睡觉，因,0.13709584451370246,0.13709584451370246
睡觉，因为,0.13709584451370246,0.13709584451370246
欢睡觉，因,0.13709584451370246,0.13709584451370246
为睡,0.13709584451370246,0.13709584451370246
，因为睡,0.13709584451370246,0.13709584451370246
远了,0.13709584451370246,0.13709584451370246
远了，,0.13709584451370246,0.13709584451370246
，因为睡觉,0.13709584451370246,0.13709584451370246
好像,0.13709389372124284,0.13709389372124284
一个人,0.13618038874682104,0.13618038874682104
他们有,0.13590642443994866,0.13590642443994866
们有,0.13590642443994866,0.13590642443994866
跟我,0.13520961790261735,0.13520961790261735
小孩子,-0.1344613879273008,0.1344613879273008
，因为他们,0.13411535325892998,0.13411535325892998
上一次争,0.13373949443380095,0.13373949443380095
上一次争吵,0.13373949443380095,0.13373949443380095
只能,0.1329074549212849,0.1329074549212849
大概,0.13277975785548354,0.13277975785548354
"
不喜",0.13178489156825865,0.13178489156825865
"
不喜欢",0.13178489156825865,0.13178489156825865
小孩。,0.13133288400852655,0.13133288400852655
孩。,0.13133288400852655,0.13133288400852655
人的人,0.13122411844614332,0.13122411844614332
"
不",0.12967727020860562,0.12967727020860562
，爷,0.12910854656892554,0.12910854656892554
，爷爷,0.12910854656892554,0.12910854656892554
爷爷,0.12910854656892554,0.12910854656892554
别人,0.1284973697950832,0.1284973697950832
喜欢。因,0.12847708049534648,0.12847708049534648
喜欢。因为,0.12847708049534648,0.12847708049534648
欢。因为,0.12847708049534648,0.12847708049534648
欢。因,0.12847708049534648,0.12847708049534648
最近,-0.12825402724476614,0.12825402724476614
悔的,-0.1279844384186897,0.1279844384186897
后悔的,-0.1279844384186897,0.1279844384186897
什么,-0.12791097159201223,0.12791097159201223
高考,-0.127850366386488,0.127850366386488
方面,-0.12748099170738103,0.12748099170738103
因为小,-0.12733742382445162,0.12733742382445162
为小,-0.12733742382445162,0.12733742382445162
因为小孩,-0.12733742382445162,0.12733742382445162
为小孩子,-0.12733742382445162,0.12733742382445162
为小孩,-0.12733742382445162,0.12733742382445162
因为小孩子,-0.12733742382445162,0.12733742382445162
为他们有,0.12672415707931534,0.12672415707931534
不是说,0.12672415707931534,0.12672415707931534
因为他们有,0.12672415707931534,0.12672415707931534
也会,-0.126123379744267,0.126123379744267
不要,0.12601087195863733,0.12601087195863733
游戏,-0.12593192801672956,0.12593192801672956
我放松,0.1257487571554311,0.1257487571554311
我放,0.1257487571554311,0.1257487571554311
能在,0.12474936796691348,0.12474936796691348
得了,0.12405161570728074,0.12405161570728074
的话,-0.12325143788183576,0.12325143788183576
人类,0.12290586840561023,0.12290586840561023
的工作，,-0.12256022486912665,0.12256022486912665
或者,-0.12254901246170989,0.12254901246170989
后，,-0.1223791732028879,0.1223791732028879
接触,0.12137567613089188,0.12137567613089188
"了
",-0.12117349007412002,0.12117349007412002
不喜欢,0.12083182906892237,0.12083182906892237
不喜,0.12083182906892237,0.12083182906892237
友吵,0.12067965830781091,0.12067965830781091
友吵架,0.12067965830781091,0.12067965830781091
电影,-0.11991454254098631,0.11991454254098631
动的,0.11956696581801346,0.11956696581801346
的，,-0.11726323046385838,0.11726323046385838
的很,0.11715632683276454,0.11715632683276454
老师,-0.11705648800823523,0.11705648800823523
子里,0.11663417878275835,0.11663417878275835
一个比,0.11648695879294098,0.11648695879294098
一个比较,0.11648695879294098,0.11648695879294098
个比,0.11648695879294098,0.11648695879294098
个比较,0.11648695879294098,0.11648695879294098
理的,0.1161157496659566,0.1161157496659566
时候,0.11602709510541309,0.11602709510541309
吵了,-0.11554082683736369,0.11554082683736369
心，,-0.11486431678874615,0.11486431678874615
时候喜欢看,0.11476631882591096,0.11476631882591096
候喜欢看,0.11476631882591096,0.11476631882591096
，非常,0.11436403060145367,0.11436403060145367
，非,0.11436403060145367,0.11436403060145367
带来,-0.11393533137726115,0.11393533137726115
，然后，,-0.11377508820108417,0.11377508820108417
后悔的事,-0.11349890357494279,0.11349890357494279
悔的事,-0.11349890357494279,0.11349890357494279
上个,0.11345055680514195,0.11345055680514195
是上个,0.11345055680514195,0.11345055680514195
额，,0.11330123308643966,0.11330123308643966
乐，,0.11317071943738019,0.11317071943738019
我希望,-0.11311194085228927,0.11311194085228927
我希,-0.11311194085228927,0.11311194085228927
喜欢睡觉,0.11278518658984743,0.11278518658984743
喜欢睡,0.11278518658984743,0.11278518658984743
欢睡,0.11278518658984743,0.11278518658984743
欢睡觉,0.11278518658984743,0.11278518658984743
能是,0.11267140706505178,0.11267140706505178
可能是,0.11267140706505178,0.11267140706505178
吵架吧,0.11265378312451589,0.11265378312451589
架吧,0.11265378312451589,0.11265378312451589
架吧。,0.11265378312451589,0.11265378312451589
吵架吧。,0.11265378312451589,0.11265378312451589
到一个,0.11250660800931091,0.11250660800931091
人吵架,0.11223616177546679,0.11223616177546679
总是,0.11191020707513137,0.11191020707513137
的事,-0.11154785706419079,0.11154785706419079
的样子,0.11132725691837576,0.11132725691837576
的样子。,0.11132725691837576,0.11132725691837576
"的样子。
",0.11132725691837576,0.11132725691837576
的样,0.11132725691837576,0.11132725691837576
是一个比较,0.11132725691837576,0.11132725691837576
是一个比,0.11132725691837576,0.11132725691837576
"样子。
",0.11132725691837576,0.11132725691837576
"子。
",0.11132725691837576,0.11132725691837576
说，,0.1112307140685917,0.1112307140685917
，对,0.11101456146997013,0.11101456146997013
是说,0.1108534679335755,0.1108534679335755
运动,0.11065278257647783,0.11065278257647783
我，我,0.1106412590133274,0.1106412590133274
我带,-0.11053174901867643,0.11053174901867643
有一,-0.11051483298656432,0.11051483298656432
次争吵,0.11035474939243785,0.11035474939243785
一次争吵,0.11035474939243785,0.11035474939243785
一次争,0.11035474939243785,0.11035474939243785
次争,0.11035474939243785,0.11035474939243785
了，不,0.1102876171166319,0.1102876171166319
分开,0.11017671609304878,0.11017671609304878
开心的。,0.1099742671536441,0.1099742671536441
心的。,0.1099742671536441,0.1099742671536441
软件工程。,0.10990445999880634,0.10990445999880634
件工程。,0.10990445999880634,0.10990445999880634
是，可能是,0.10975268600561738,0.10975268600561738
觉得他们,0.10919394538148335,0.10919394538148335
得他们,0.10919394538148335,0.10919394538148335
的原因，,0.10905275539566205,0.10905275539566205
喜欢小,0.10889923863813993,0.10889923863813993
欢小孩,0.10889923863813993,0.10889923863813993
欢小,0.10889923863813993,0.10889923863813993
喜欢小孩,0.10889923863813993,0.10889923863813993
，就，,-0.1086458727994284,0.1086458727994284
太闹腾,0.1083070288053209,0.1083070288053209
他觉得,0.10814481417834397,0.10814481417834397
是不要,0.10814481417834397,0.10814481417834397
轻松,0.10814481417834397,0.10814481417834397
他觉,0.10814481417834397,0.10814481417834397
理解,0.10814481417834397,0.10814481417834397
不清,0.10784353239725411,0.10784353239725411
比较好,-0.10783634280825802,0.10783634280825802
较好,-0.10783634280825802,0.10783634280825802
们家,0.10728902123212673,0.10728902123212673
我们家,0.10728902123212673,0.10728902123212673
我会觉,0.10715157575651806,0.10715157575651806
我会觉得,0.10715157575651806,0.10715157575651806
，额,-0.10668528398068342,0.10668528398068342
打游戏,-0.10665389187344973,0.10665389187344973
打游,-0.10665389187344973,0.10665389187344973
喜欢看,0.10567051650509275,0.10567051650509275
欢看,0.10567051650509275,0.10567051650509275
发泄,0.1056605377515122,0.1056605377515122
朋友,-0.1052300273973692,0.1052300273973692
，生,0.10506064556717613,0.10506064556717613
争吵。因为,0.10494612612371597,0.10494612612371597
吵。因,0.10494612612371597,0.10494612612371597
吵。因为,0.10494612612371597,0.10494612612371597
争吵。因,0.10494612612371597,0.10494612612371597
是在,-0.10469632956274397,0.10469632956274397
，比,-0.10468575803063809,0.10468575803063809
，那,-0.10465285050100605,0.10465285050100605
孩子很,-0.10459267711280519,0.10459267711280519
小孩子很,-0.10459267711280519,0.10459267711280519
子很,-0.10459267711280519,0.10459267711280519
情绪,0.10450339087345144,0.10450339087345144
力。,0.10449056228066524,0.10449056228066524
不舒服,0.10449056228066524,0.10449056228066524
不舒,0.10449056228066524,0.10449056228066524
上一次和,0.10437210488867986,0.10437210488867986
上一次和别,0.10437210488867986,0.10437210488867986
次和,0.10437210488867986,0.10437210488867986
一次和别人,0.10437210488867986,0.10437210488867986
次和别人,0.10437210488867986,0.10437210488867986
次和别,0.10437210488867986,0.10437210488867986
一次和,0.10437210488867986,0.10437210488867986
一次和别,0.10437210488867986,0.10437210488867986
愉快,0.10431507033537679,0.10431507033537679
我不,0.10395677811125886,0.10395677811125886
有跟,0.10388200754503753,0.10388200754503753
没有跟,0.10388200754503753,0.10388200754503753
他们很,0.10266140387167005,0.10266140387167005
他们很吵,0.10266140387167005,0.10266140387167005
们很吵,0.10266140387167005,0.10266140387167005
们很,0.10266140387167005,0.10266140387167005
他说,0.10229909603627371,0.10229909603627371
第一,-0.10210980751543763,0.10210980751543763
又不,0.10151462620228764,0.10151462620228764
。因为他们,0.10147681084557096,0.10147681084557096
，看,-0.10134366624264696,0.10134366624264696
子。喜欢,0.1013256704027011,0.1013256704027011
小孩子。喜,0.1013256704027011,0.1013256704027011
孩子。喜,0.1013256704027011,0.1013256704027011
孩子。喜欢,0.1013256704027011,0.1013256704027011
子。喜,0.1013256704027011,0.1013256704027011
后悔的事情,-0.10129004037868644,0.10129004037868644
悔的事情,-0.10129004037868644,0.10129004037868644
很不,0.10128002363407511,0.10128002363407511
的小,-0.10101502086592225,0.10101502086592225
观的,0.10093263870010405,0.10093263870010405
乐观,0.10093263870010405,0.10093263870010405
乐观的,0.10093263870010405,0.10093263870010405
的过程中,0.10062533336303042,0.10062533336303042
一个,0.10034148161164819,0.10034148161164819
会觉,0.10027261176793337,0.10027261176793337
会觉得,0.10027261176793337,0.10027261176793337
心是,0.10026173634312216,0.10026173634312216
开心是,0.10026173634312216,0.10026173634312216
，额，,-0.10017073068857407,0.10017073068857407
"
在",0.10006432321783522,0.10006432321783522
设计,0.09985022850785484,0.09985022850785484
开心，,-0.09976237376629908,0.09976237376629908
专业,-0.09974399895741667,0.09974399895741667
得很,0.09965744912072295,0.09965744912072295
，一,0.099315502800676,0.099315502800676
和他们,0.098953552233014,0.098953552233014
很好,-0.09866708101653854,0.09866708101653854
影响,-0.098458683266061,0.098458683266061
"
家",-0.09836059154141974,0.09836059154141974
然后，,-0.0981238694325936,0.0981238694325936
总会,0.09803925801012862,0.09803925801012862
还有,0.09796674959885068,0.09796674959885068
，觉得,0.09769804860413628,0.09769804860413628
，觉,0.09769804860413628,0.09769804860413628
，开心,0.0976205670482768,0.0976205670482768
，开,0.0976205670482768,0.0976205670482768
因为觉得他,0.09732905224588652,0.09732905224588652
为觉得他们,0.09732905224588652,0.09732905224588652
为觉得他,0.09732905224588652,0.09732905224588652
来可以,-0.09732474627970232,0.09732474627970232
来可,-0.09732474627970232,0.09732474627970232
我开,0.09712851182454012,0.09712851182454012
我开心,0.09712851182454012,0.09712851182454012
的事情，,-0.09695257243338049,0.09695257243338049
为我,-0.09682717503347348,0.09682717503347348
，然后我,0.09672156690060123,0.09672156690060123
给我,0.09669612526731117,0.09669612526731117
一种,-0.09646425661681374,0.09646425661681374
周的,0.09635407135112475,0.09635407135112475
况下,0.09628445586025604,0.09628445586025604
情况下,0.09628445586025604,0.09628445586025604
音乐，,0.09589210051056053,0.09589210051056053
跟我说,0.09584338606655676,0.09584338606655676
失眠,-0.09565280271780936,0.09565280271780936
，就比,0.09564119774514657,0.09564119774514657
考试周,0.09547573618229668,0.09547573618229668
试周,0.09547573618229668,0.09547573618229668
真的,-0.0953210486191309,0.0953210486191309
学，,-0.09510958941250505,0.09510958941250505
今天,-0.09501156725328407,0.09501156725328407
有一些,-0.09447217737081756,0.09447217737081756
正面,-0.09425534616861145,0.09425534616861145
比较喜欢,-0.0942357422521153,0.0942357422521153
比较喜,-0.0942357422521153,0.0942357422521153
较喜,-0.0942357422521153,0.0942357422521153
较喜欢,-0.0942357422521153,0.0942357422521153
清楚，,0.09386053442509837,0.09386053442509837
我现,0.09383043231870127,0.09383043231870127
我现在,0.09383043231870127,0.09383043231870127
觉很,0.09353410323939015,0.09353410323939015
点不,0.09342644545568,0.09342644545568
好，,-0.09335985364516672,0.09335985364516672
我放松的时,0.09328015593444841,0.09328015593444841
我放松的,0.09328015593444841,0.09328015593444841
但是他,0.0932698440923439,0.0932698440923439
就觉,0.09314901312382469,0.09314901312382469
就觉得,0.09314901312382469,0.09314901312382469
的人。,0.0931438180203536,0.0931438180203536
可能还是,0.09304684595301874,0.09304684595301874
能还是,0.09304684595301874,0.09304684595301874
能还,0.09304684595301874,0.09304684595301874
可能还,0.09304684595301874,0.09304684595301874
样子,0.0930361536206485,0.0930361536206485
样子。,0.0930361536206485,0.0930361536206485
和我的,-0.09295648645824554,0.09295648645824554
"我。
",0.0925604310286481,0.0925604310286481
么，,-0.09239764427807627,0.09239764427807627
"。
不",0.09233174560105936,0.09233174560105936
的小孩子,-0.09218912597776013,0.09218912597776013
友，,-0.09212893658971694,0.09212893658971694
为什么，,-0.09191105837414397,0.09191105837414397
因为我,-0.0918412571002905,0.0918412571002905
他的,0.09182731179761751,0.09182731179761751
子。,0.09173702495624529,0.09173702495624529
，我很,0.09167225128054467,0.09167225128054467
是很,-0.09144884609325375,0.09144884609325375
和别人,0.09140225787966741,0.09140225787966741
和别,0.09140225787966741,0.09140225787966741
然后我,0.09102223321227051,0.09102223321227051
有的,-0.09100150769612433,0.09100150769612433
挺开心的。,0.09099499060137327,0.09099499060137327
是他,0.09074275062904108,0.09074275062904108
活泼,-0.09069203833893051,0.09069203833893051
原因，,0.09038459840503785,0.09038459840503785
因，,0.09038459840503785,0.09038459840503785
两天,-0.09017495633272092,0.09017495633272092
的可,0.09016420015475558,0.09016420015475558
"了。
喜",-0.08935000265953846,0.08935000265953846
"了。
喜欢",-0.08935000265953846,0.08935000265953846
但是，,-0.08906800209909463,0.08906800209909463
能算争,0.08875191846635744,0.08875191846635744
能算,0.08875191846635744,0.08875191846635744
本来,-0.08849547694521609,0.08849547694521609
不喜欢小,0.08847142776357783,0.08847142776357783
不喜欢小孩,0.08847142776357783,0.08847142776357783
就，,-0.08834653628829629,0.08834653628829629
不需要,-0.08813392532931695,0.08813392532931695
不需,-0.08813392532931695,0.08813392532931695
，就是不,0.08790672233844293,0.08790672233844293
是太,-0.08786194701793847,0.08786194701793847
是，可能,0.0878405422508521,0.0878405422508521
是，可,0.0878405422508521,0.0878405422508521
清楚,0.0878318825740721,0.0878318825740721
楚，,0.0878318825740721,0.0878318825740721
虽然,0.08769749645074014,0.08769749645074014
后一,0.08766694499419028,0.08766694499419028
爸妈,0.08738650772196337,0.08738650772196337
过的,0.08738650772196337,0.08738650772196337
，嗯，爷爷,0.08738650772196337,0.08738650772196337
，嗯，爷,0.08738650772196337,0.08738650772196337
额，应该,0.08738650772196337,0.08738650772196337
额，应该是,0.08738650772196337,0.08738650772196337
难过的,0.08738650772196337,0.08738650772196337
爸妈妈,0.08738650772196337,0.08738650772196337
嗯，爷爷,0.08738650772196337,0.08738650772196337
爸爸妈,0.08738650772196337,0.08738650772196337
嗯，爷,0.08738650772196337,0.08738650772196337
爸爸妈妈,0.08738650772196337,0.08738650772196337
的时,0.08726466946309469,0.08726466946309469
下来,0.08682758560655188,0.08682758560655188
，可能是,0.08672867930180818,0.08672867930180818
天，,-0.08670364473732382,0.08670364473732382
不想,0.08666759201627093,0.08666759201627093
非常的,0.08632535994539302,0.08632535994539302
不经常,-0.08621141945762616,0.08621141945762616
不经,-0.08621141945762616,0.08621141945762616
应该是，,0.08614295890843975,0.08614295890843975
该是，,0.08614295890843975,0.08614295890843975
，然,-0.0856443553061875,0.0856443553061875
，然后,-0.0856443553061875,0.0856443553061875
"。
我喜",-0.08530386390894579,0.08530386390894579
"。
我喜欢",-0.08530386390894579,0.08530386390894579
呢，,-0.08522098839498757,0.08522098839498757
过来,0.08521524451125063,0.08521524451125063
公司,-0.08499728970350352,0.08499728970350352
，乐,0.08481986827726877,0.08481986827726877
最后,-0.08472955675332293,0.08472955675332293
歌。,0.08472649881527264,0.08472649881527264
喜欢家乡,-0.08471964729323585,0.08471964729323585
喜欢家乡的,-0.08471964729323585,0.08471964729323585
欢家乡,-0.08471964729323585,0.08471964729323585
欢家乡的,-0.08471964729323585,0.08471964729323585
欢家,-0.08471964729323585,0.08471964729323585
喜欢家,-0.08471964729323585,0.08471964729323585
人吵,0.08462300441405843,0.08462300441405843
近一,-0.08443923143904991,0.08443923143904991
么时,0.0844025063449173,0.0844025063449173
什么时,0.0844025063449173,0.0844025063449173
么时候,0.0844025063449173,0.0844025063449173
什么时候,0.0844025063449173,0.0844025063449173
看电,-0.08433451371185717,0.08433451371185717
就我,0.08433173417625185,0.08433173417625185
考的,-0.0841054001038065,0.0841054001038065
什么，,-0.08407476011180337,0.08407476011180337
我不能,0.0840410533376394,0.0840410533376394
要让,0.0840410533376394,0.0840410533376394
一次争吵是,0.08397440729437679,0.08397440729437679
次争吵是,0.08397440729437679,0.08397440729437679
三个,-0.08377990087996376,0.08377990087996376
次是,-0.08344703959681758,0.08344703959681758
我还,-0.08343461106171765,0.08343461106171765
应该,-0.08335281464828177,0.08335281464828177
很喜,0.0833170729990577,0.0833170729990577
很喜欢,0.0833170729990577,0.0833170729990577
的时候,0.08324528966708596,0.08324528966708596
项目的时候,0.08323657897674391,0.08323657897674391
项目的,0.08323657897674391,0.08323657897674391
目的时,0.08323657897674391,0.08323657897674391
目的时候,0.08323657897674391,0.08323657897674391
项目的时,0.08323657897674391,0.08323657897674391
就比,0.08320739398012385,0.08320739398012385
还是因,0.08308032578781435,0.08308032578781435
还是因为,0.08308032578781435,0.08308032578781435
能还是因为,0.08308032578781435,0.08308032578781435
可能还是因,0.08308032578781435,0.08308032578781435
能还是因,0.08308032578781435,0.08308032578781435
希望从,-0.0830690826132335,0.0830690826132335
望从事,-0.0830690826132335,0.0830690826132335
望从,-0.0830690826132335,0.0830690826132335
希望从事,-0.0830690826132335,0.0830690826132335
，好像,0.083066635541853,0.083066635541853
"
放",-0.08300135757124133,0.08300135757124133
"
放松",-0.08300135757124133,0.08300135757124133
"
放松的时",-0.08300135757124133,0.08300135757124133
"
放松的",-0.08300135757124133,0.08300135757124133
来。,0.08292785231997322,0.08292785231997322
热情,-0.08284145745411332,0.08284145745411332
果是,-0.08278103536924226,0.08278103536924226
如果是,-0.08278103536924226,0.08278103536924226
"吧
",0.08266075886715739,0.08266075886715739
不好,0.08256989389916174,0.08256989389916174
很好。,-0.08249591540517953,0.08249591540517953
能力,0.08231560562717677,0.08231560562717677
，而且他们,0.08228812992160824,0.08228812992160824
，而且他,0.08228812992160824,0.08228812992160824
"
我，",0.08228812992160824,0.08228812992160824
且他们,0.08228812992160824,0.08228812992160824
且他,0.08228812992160824,0.08228812992160824
而且他们,0.08228812992160824,0.08228812992160824
而且他,0.08228812992160824,0.08228812992160824
"。
我，",0.08228812992160824,0.08228812992160824
小事,-0.08228587556659982,0.08228587556659982
不会,0.08226147907749513,0.08226147907749513
是跟,0.08205888332563636,0.08205888332563636
，给,-0.08183946677702773,0.08183946677702773
就会,-0.08176076425887736,0.08176076425887736
什么事,-0.08115105557364105,0.08115105557364105
么事情,-0.08115105557364105,0.08115105557364105
么事,-0.08115105557364105,0.08115105557364105
什么事情,-0.08115105557364105,0.08115105557364105
"的
",-0.08111232771722982,0.08111232771722982
，在,-0.08110563115913551,0.08110563115913551
难过,0.0809290450322538,0.0809290450322538
很放松,-0.08072641018975169,0.08072641018975169
很放,-0.08072641018975169,0.08072641018975169
就特,-0.08067709548334241,0.08067709548334241
就特别,-0.08067709548334241,0.08067709548334241
我觉,-0.08034619144625336,0.08034619144625336
我觉得,-0.08034619144625336,0.08034619144625336
最喜,-0.08028916696916892,0.08028916696916892
最喜欢,-0.08028916696916892,0.08028916696916892
不太,0.08026580040486696,0.08026580040486696
一部,-0.08025939170957226,0.08025939170957226
到开心的,-0.08014379071144495,0.08014379071144495
感到开心的,-0.08014379071144495,0.08014379071144495
但是我,0.0801322770709525,0.0801322770709525
，但是我,0.0801322770709525,0.0801322770709525
"
额，我",0.08005265220552683,0.08005265220552683
自己，,0.07999168979179422,0.07999168979179422
己，,0.07999168979179422,0.07999168979179422
末考,0.07986435325076258,0.07986435325076258
末考试,0.07986435325076258,0.07986435325076258
的就是,-0.07955840716344602,0.07955840716344602
，每,-0.07933637925338138,0.07933637925338138
，我的,-0.07923671930865836,0.07923671930865836
有和,-0.07911461159031234,0.07911461159031234
没有和,-0.07911461159031234,0.07911461159031234
本来可以,-0.0790390692500052,0.0790390692500052
本来可,-0.0790390692500052,0.0790390692500052
候，,0.07877288259110991,0.07877288259110991
时候，,0.07877288259110991,0.07877288259110991
，她,0.07848821190050878,0.07848821190050878
，这,-0.0784409117863108,0.0784409117863108
妈，,-0.0784400508854301,0.0784400508854301
工程。,0.07824807033788772,0.07824807033788772
程。,0.07824807033788772,0.07824807033788772
朋友，,-0.07821719546566369,0.07821719546566369
有关,-0.07808531707922504,0.07808531707922504
了，然,0.07784066741649079,0.07784066741649079
了，然后,0.07784066741649079,0.07784066741649079
。而且我,0.07770699169312613,0.07770699169312613
以的,0.07770699169312613,0.07770699169312613
严重,0.07770699169312613,0.07770699169312613
有很,0.07770699169312613,0.07770699169312613
可以的,0.07770699169312613,0.07770699169312613
的好,0.07770699169312613,0.07770699169312613
面的,-0.07765963476389018,0.07765963476389018
闹腾,0.07760498525770425,0.07760498525770425
我最,-0.0775472326491912,0.0775472326491912
悔的事情，,-0.07753688491229893,0.07753688491229893
气，,-0.07737766279017722,0.07737766279017722
，就是，,0.07690370860130163,0.07690370860130163
，会,0.07670817241968211,0.07670817241968211
是想,-0.07661405521158893,0.07661405521158893
可爱的，,-0.0765319795435304,0.0765319795435304
爱的，,-0.0765319795435304,0.0765319795435304
，应该是，,0.07645993935383703,0.07645993935383703
架，,0.07641456392352333,0.07641456392352333
吵架，,0.07641456392352333,0.07641456392352333
业，,-0.07630528398644817,0.07630528398644817
。虽然,0.07630369652987758,0.07630369652987758
。虽,0.07630369652987758,0.07630369652987758
还行,0.07626796457785694,0.07626796457785694
人也,-0.0761916454372906,0.0761916454372906
是可,0.07617802563258609,0.07617802563258609
睡觉,0.07616160678435345,0.07616160678435345
常失眠,-0.07612737060277519,0.07612737060277519
常失,-0.07612737060277519,0.07612737060277519
经常失,-0.07612737060277519,0.07612737060277519
经常失眠,-0.07612737060277519,0.07612737060277519
"。
不喜",0.07601265903232399,0.07601265903232399
"。
不喜欢",0.07601265903232399,0.07601265903232399
，非常的,0.07593128343978238,0.07593128343978238
就不,-0.0757795547721826,0.0757795547721826
后还,0.07565086188219669,0.07565086188219669
然后还,0.07565086188219669,0.07565086188219669
是什么,-0.07563943706976603,0.07563943706976603
是什,-0.07563943706976603,0.07563943706976603
人的,0.07526088222727284,0.07526088222727284
记不,0.07518188003346005,0.07518188003346005
嗯，我,-0.07517467628379475,0.07517467628379475
就是两,0.07510563042552114,0.07510563042552114
然他,0.07499710091000883,0.07499710091000883
虽然他,0.07499710091000883,0.07499710091000883
己也,-0.07473581077537655,0.07473581077537655
自己也,-0.07473581077537655,0.07473581077537655
吵。,0.07469958116449675,0.07469958116449675
好，然,-0.0746113381176899,0.0746113381176899
好，然后,-0.0746113381176899,0.0746113381176899
的原,0.07442357348404366,0.07442357348404366
的原因,0.07442357348404366,0.07442357348404366
心的时,-0.07438506597524852,0.07438506597524852
开心的时候,-0.07438506597524852,0.07438506597524852
心的时候,-0.07438506597524852,0.07438506597524852
开心的时,-0.07438506597524852,0.07438506597524852
得不,-0.07430726266881292,0.07430726266881292
的小事,-0.07407690460721673,0.07407690460721673
希望能,-0.07405860889018022,0.07405860889018022
望能,-0.07405860889018022,0.07405860889018022
单纯,0.07401378117205963,0.07401378117205963
欢，,-0.07391049782341982,0.07391049782341982
喜欢，,-0.07391049782341982,0.07391049782341982
，你,-0.07384280761237454,0.07384280761237454
玩一,-0.0738348532995879,0.0738348532995879
同济,-0.07376346792572093,0.07376346792572093
压力,-0.07372626823738067,0.07372626823738067
的过程,0.0737210383136295,0.0737210383136295
的过,0.0737210383136295,0.0737210383136295
看电影,-0.0736921294568477,0.0736921294568477
大，,-0.0736073738962345,0.0736073738962345
戏的时,-0.0736051596745788,0.0736051596745788
戏的时候,-0.0736051596745788,0.0736051596745788
游戏的时候,-0.0736051596745788,0.0736051596745788
游戏的时,-0.0736051596745788,0.0736051596745788
游戏的,-0.0736051596745788,0.0736051596745788
戏的,-0.0736051596745788,0.0736051596745788
，并,-0.07352075492917134,0.07352075492917134
较好，,-0.07344551938119166,0.07344551938119166
比较好，,-0.07344551938119166,0.07344551938119166
关的,-0.07339090682971536,0.07339090682971536
睡觉，,0.07323122316752789,0.07323122316752789
就比如,0.07313196063191754,0.07313196063191754
，经,0.07313196063191754,0.07313196063191754
就比如说，,0.07313196063191754,0.07313196063191754
就比如说,0.07313196063191754,0.07313196063191754
，经常,0.07313196063191754,0.07313196063191754
"的。
",-0.07312014600561101,0.07312014600561101
小的小,-0.07303274566577032,0.07303274566577032
的大,-0.07296795020734718,0.07296795020734718
太闹,0.07287876015902096,0.07287876015902096
给他,-0.07281216640122441,0.07281216640122441
就是在,-0.07269401996254056,0.07269401996254056
出了,-0.07220794189605746,0.07220794189605746
，应该是,0.07216022427307035,0.07216022427307035
，就是，额,0.07192965030280873,0.07192965030280873
实，,0.07192965030280873,0.07192965030280873
就是不,0.07186711106521323,0.07186711106521323
觉得很,0.0718354395706832,0.0718354395706832
，然后可,0.0718354395706832,0.0718354395706832
然后可,0.0718354395706832,0.0718354395706832
后可,0.0718354395706832,0.0718354395706832
"
今天",-0.07177410539474052,0.07177410539474052
"
今",-0.07177410539474052,0.07177410539474052
，还有一,-0.0717385351090982,0.0717385351090982
吵了。,-0.0717147137432831,0.0717147137432831
给我带来,-0.07168234801526334,0.07168234801526334
给我带,-0.07168234801526334,0.07168234801526334
我带来,-0.07168234801526334,0.07168234801526334
最近一次,-0.07162311216937166,0.07162311216937166
最近一,-0.07162311216937166,0.07162311216937166
近一次,-0.07162311216937166,0.07162311216937166
程序,-0.07153221174722868,0.07153221174722868
是上周,-0.07147275053650338,0.07147275053650338
常的,0.07145172267923396,0.07145172267923396
是自,-0.07125492378111813,0.07125492378111813
是自己,-0.07125492378111813,0.07125492378111813
"。
喜欢",-0.0712219361944075,0.0712219361944075
"。
喜",-0.0712219361944075,0.0712219361944075
和朋,-0.07115577895834332,0.07115577895834332
和朋友,-0.07115577895834332,0.07115577895834332
概就是,0.07110166892929809,0.07110166892929809
概就,0.07110166892929809,0.07110166892929809
大概就是,0.07110166892929809,0.07110166892929809
大概就,0.07110166892929809,0.07110166892929809
者是,-0.07098528734882989,0.07098528734882989
或者是,-0.07098528734882989,0.07098528734882989
和他,0.07093365504730738,0.07093365504730738
"
嗯，",-0.07091142795214747,0.07091142795214747
多的,-0.07076756685460961,0.07076756685460961
里。,0.07070895622976031,0.07070895622976031
听话的,0.07061332035269711,0.07061332035269711
听话的小孩,0.07061332035269711,0.07061332035269711
听话的小,0.07061332035269711,0.07061332035269711
话的小,0.07061332035269711,0.07061332035269711
话的,0.07061332035269711,0.07061332035269711
话的小孩,0.07061332035269711,0.07061332035269711
听话,0.07061332035269711,0.07061332035269711
遇到,-0.07060004977696666,0.07060004977696666
了一,-0.07053975020519107,0.07053975020519107
，只,0.07044496191646309,0.07044496191646309
，玩,-0.07023732786510856,0.07023732786510856
争吵,0.07023719756290117,0.07023719756290117
争吵，,-0.07022424279645915,0.07022424279645915
睡不,-0.06998146962669687,0.06998146962669687
不着,-0.06998146962669687,0.06998146962669687
睡不着,-0.06998146962669687,0.06998146962669687
他在,-0.06993540320221081,0.06993540320221081
，就感,0.06984888432500251,0.06984888432500251
，就感觉,0.06984888432500251,0.06984888432500251
是我不,0.0697923268795672,0.0697923268795672
那么,-0.0697378456564297,0.0697378456564297
时候，就是,0.06970698160570458,0.06970698160570458
候，就是,0.06970698160570458,0.06970698160570458
结果,-0.06960899618796344,0.06960899618796344
食堂,0.06960072784774485,0.06960072784774485
我。,0.06958174304726618,0.06958174304726618
次，我,0.06957510778439378,0.06957510778439378
漂亮,-0.06955518217697108,0.06955518217697108
妈。,-0.06953534888578003,0.06953534888578003
妈妈。,-0.06953534888578003,0.06953534888578003
为人,-0.06950922321240763,0.06950922321240763
"。
我放",0.06936007922605952,0.06936007922605952
"。
我放松",0.06936007922605952,0.06936007922605952
会有一,-0.06935369396325504,0.06935369396325504
得自,-0.06925996783394305,0.06925996783394305
缓解,-0.06925437114945619,0.06925437114945619
。因为小孩,-0.0692432521563617,0.0692432521563617
。因为小,-0.0692432521563617,0.0692432521563617
一天,-0.0690611999913401,0.0690611999913401
一个非常,-0.06898666404829837,0.06898666404829837
个非,-0.06898666404829837,0.06898666404829837
个非常,-0.06898666404829837,0.06898666404829837
一个非,-0.06898666404829837,0.06898666404829837
的小孩子，,-0.06897485146581543,0.06897485146581543
很可爱,-0.06880554849710693,0.06880554849710693
很可,-0.06880554849710693,0.06880554849710693
，因为我,-0.06873173800686022,0.06873173800686022
"
上一",-0.06871588575115307,0.06871588575115307
是不是,0.06865730982208762,0.06865730982208762
爸，,-0.06851120185369199,0.06851120185369199
爸爸，,-0.06851120185369199,0.06851120185369199
。是,-0.06848893107860707,0.06848893107860707
老是,-0.06843043614627888,0.06843043614627888
，反,-0.06841827243416407,0.06841827243416407
面影响,-0.06841728706648437,0.06841728706648437
面影,-0.06841728706648437,0.06841728706648437
正面影,-0.06841728706648437,0.06841728706648437
正面影响,-0.06841728706648437,0.06841728706648437
，有的,-0.06836206651307265,0.06836206651307265
还有一个,-0.06826187463481694,0.06826187463481694
得比较,0.06813505330998518,0.06813505330998518
得比,0.06813505330998518,0.06813505330998518
那一,-0.06810310422143565,0.06810310422143565
，有,-0.06809007195445442,0.06809007195445442
多，,-0.06802105020612857,0.06802105020612857
我就不,-0.06783109307618095,0.06783109307618095
最后悔,-0.06781257812510262,0.06781257812510262
最后悔的事,-0.06781257812510262,0.06781257812510262
最后悔的,-0.06781257812510262,0.06781257812510262
出去,-0.06760059760141601,0.06760059760141601
也没,-0.06753460836432747,0.06753460836432747
人生,-0.06739147391325236,0.06739147391325236
生活,-0.06729447764750308,0.06729447764750308
是那种,0.06691470626076021,0.06691470626076021
，空气,-0.06687962220452036,0.06687962220452036
好，空气,-0.06687962220452036,0.06687962220452036
，空,-0.06687962220452036,0.06687962220452036
好，空,-0.06687962220452036,0.06687962220452036
空气,-0.06687962220452036,0.06687962220452036
很久没有和,-0.06671251852880983,0.06671251852880983
久没有和,-0.06671251852880983,0.06671251852880983
争吵是,0.06668986771287362,0.06668986771287362
吵是,0.06668986771287362,0.06668986771287362
在学,0.06656888408605582,0.06656888408605582
去，,-0.06656641341350766,0.06656641341350766
小学,-0.06649570918670063,0.06649570918670063
，是,-0.06634525085387016,0.06634525085387016
那边,0.06632278432767989,0.06632278432767989
，本,-0.06629676769501681,0.06629676769501681
感到,-0.0661955913494515,0.0661955913494515
中最,-0.06619135154596309,0.06619135154596309
历就是,-0.06619135154596309,0.06619135154596309
的经历就是,-0.06619135154596309,0.06619135154596309
的经历就,-0.06619135154596309,0.06619135154596309
经历就是,-0.06619135154596309,0.06619135154596309
经历就,-0.06619135154596309,0.06619135154596309
中最深,-0.06619135154596309,0.06619135154596309
历就,-0.06619135154596309,0.06619135154596309
看小说,0.06617349915593436,0.06617349915593436
事会,0.06617349915593436,0.06617349915593436
小说,0.06617349915593436,0.06617349915593436
看小,0.06617349915593436,0.06617349915593436
姐，,-0.06613201112872671,0.06613201112872671
额，应,0.06611273299106107,0.06611273299106107
。喜,0.0660845438866801,0.0660845438866801
。喜欢,0.0660845438866801,0.0660845438866801
那种，,-0.0660157501369879,0.0660157501369879
个，,-0.06595267186650272,0.06595267186650272
一方,-0.06589059400910502,0.06589059400910502
"
最近",-0.06586981211832293,0.06586981211832293
。因为我,-0.06580971216076398,0.06580971216076398
，比较,-0.06576195584139112,0.06576195584139112
"
就",-0.06572594921886261,0.06572594921886261
"。
就",-0.06572594921886261,0.06572594921886261
导致,-0.06562353248138342,0.06562353248138342
然后她,0.06558164928366168,0.06558164928366168
后她,0.06558164928366168,0.06558164928366168
不经常失,-0.06557369121794011,0.06557369121794011
不经常失眠,-0.06557369121794011,0.06557369121794011
吧，就,-0.06554055819097879,0.06554055819097879
外面,0.06541520215268448,0.06541520215268448
听音乐，,0.06541520215268448,0.06541520215268448
"。
",0.06539380118288635,0.06539380118288635
大学,-0.06538302611169004,0.06538302611169004
是拿,-0.06532102533490719,0.06532102533490719
一次是,-0.06523131482247568,0.06523131482247568
算争,0.06519693240877342,0.06519693240877342
，和他,-0.06515097176954183,0.06515097176954183
友一起,-0.06514383341267836,0.06514383341267836
友一,-0.06514383341267836,0.06514383341267836
他是,-0.0651113025474097,0.0651113025474097
的歌,0.06500352368508741,0.06500352368508741
是因为他,-0.06498889618679694,0.06498889618679694
我还是,-0.06493633423290163,0.06493633423290163
乐，一,0.06491482959777571,0.06491482959777571
音乐，一,0.06491482959777571,0.06491482959777571
带来正面,-0.0648854861793247,0.0648854861793247
我带来正,-0.0648854861793247,0.0648854861793247
我带来正面,-0.0648854861793247,0.0648854861793247
来正面,-0.0648854861793247,0.0648854861793247
来正,-0.0648854861793247,0.0648854861793247
给我带来正,-0.0648854861793247,0.0648854861793247
带来正,-0.0648854861793247,0.0648854861793247
些事,-0.06485239087377159,0.06485239087377159
有三个,-0.06480777399867446,0.06480777399867446
有三,-0.06480777399867446,0.06480777399867446
就是那,0.06474336003079628,0.06474336003079628
是，嗯，,0.06474184192790235,0.06474184192790235
是，嗯,0.06474184192790235,0.06474184192790235
好好,0.06473084506888362,0.06473084506888362
近的,-0.06454113449184248,0.06454113449184248
乡的人,-0.06452141055745136,0.06452141055745136
"
家乡",-0.06452141055745136,0.06452141055745136
家乡的人,-0.06452141055745136,0.06452141055745136
"
家乡的",-0.06452141055745136,0.06452141055745136
说要,0.06447488811449427,0.06447488811449427
就跟,0.06447488811449427,0.06447488811449427
面，,0.06446716489087187,0.06446716489087187
家是,0.06439070084494912,0.06439070084494912
也不,-0.0643494386230205,0.0643494386230205
特别烦,-0.06434248842883294,0.06434248842883294
别烦,-0.06434248842883294,0.06434248842883294
旁边,-0.06431721513844818,0.06431721513844818
的。因为,-0.06429056517017179,0.06429056517017179
的。因,-0.06429056517017179,0.06429056517017179
别大,0.06423982430961721,0.06423982430961721
特别大,0.06423982430961721,0.06423982430961721
后我,0.06410473648984936,0.06410473648984936
"
一",-0.0640893559803316,0.0640893559803316
创造,-0.06406305895143537,0.06406305895143537
"人
",-0.0640571989671272,0.0640571989671272
该是去,0.06398787881774956,0.06398787881774956
动，,0.06398787881774956,0.06398787881774956
说，因,0.06398787881774956,0.06398787881774956
说，因为,0.06398787881774956,0.06398787881774956
应该是去,0.06398787881774956,0.06398787881774956
争执,-0.0639871129890024,0.0639871129890024
得小孩子,-0.06398172317716139,0.06398172317716139
觉得小孩子,-0.06398172317716139,0.06398172317716139
不喜欢。,-0.06393050863073121,0.06393050863073121
从小,-0.06390833710073489,0.06390833710073489
的一次,-0.06390720978200108,0.06390720978200108
，大,-0.06390550257720137,0.06390550257720137
挺开心,0.06385102102439386,0.06385102102439386
挺开,0.06385102102439386,0.06385102102439386
挺开心的,0.06385102102439386,0.06385102102439386
司里,-0.06382815096533136,0.06382815096533136
公司里,-0.06382815096533136,0.06382815096533136
课的时候,0.06374485412692875,0.06374485412692875
课的时,0.06374485412692875,0.06374485412692875
边有,-0.0637299997418665,0.0637299997418665
"
我希",-0.06358188147523317,0.06358188147523317
"
我希望",-0.06358188147523317,0.06358188147523317
也比较,-0.06356931803034754,0.06356931803034754
也比,-0.06356931803034754,0.06356931803034754
声音,-0.06345953894911853,0.06345953894911853
，做,0.06338836929845014,0.06338836929845014
并且,-0.06337302067154774,0.06337302067154774
，并且,-0.06337302067154774,0.06337302067154774
人一起,0.06319477190698489,0.06319477190698489
人一,0.06319477190698489,0.06319477190698489
"去
",0.06319477190698489,0.06319477190698489
起玩,-0.063147762313799,0.063147762313799
一起玩,-0.063147762313799,0.063147762313799
些地方,0.06312380351385716,0.06312380351385716
些地,0.06312380351385716,0.06312380351385716
时候不,-0.06302137938596448,0.06302137938596448
候不,-0.06302137938596448,0.06302137938596448
的时候不,-0.06302137938596448,0.06302137938596448
"
我放松",0.0629620809409194,0.0629620809409194
"
我放松的",0.0629620809409194,0.0629620809409194
"
我放",0.0629620809409194,0.0629620809409194
，爸爸,0.06295074648627058,0.06295074648627058
，爸,0.06295074648627058,0.06295074648627058
是有一,-0.06284335707348918,0.06284335707348918
欢和,0.06281790334690261,0.06281790334690261
喜欢和,0.06281790334690261,0.06281790334690261
玩，,-0.06272691629611023,0.06272691629611023
规划,0.06270511255200535,0.06270511255200535
，但是，,-0.06261907021366787,0.06261907021366787
前吧,0.06255113726600042,0.06255113726600042
"吵了。
",-0.06247297368621573,0.06247297368621573
自己喜,-0.062371840681287136,0.062371840681287136
自己喜欢,-0.062371840681287136,0.062371840681287136
己喜,-0.062371840681287136,0.062371840681287136
己喜欢,-0.062371840681287136,0.062371840681287136
打游戏的时,-0.062252935341911356,0.062252935341911356
打游戏的,-0.062252935341911356,0.062252935341911356
了，没,-0.06223769597550095,0.06223769597550095
了，没有,-0.06223769597550095,0.06223769597550095
个姐,-0.06222378130195134,0.06222378130195134
个姐姐,-0.06222378130195134,0.06222378130195134
应该就,-0.062171746976843474,0.062171746976843474
该就,-0.062171746976843474,0.062171746976843474
该就是,-0.062171746976843474,0.062171746976843474
应该就是,-0.062171746976843474,0.062171746976843474
，他,-0.062102927123925566,0.062102927123925566
生的,-0.06207313968870949,0.06207313968870949
记得了，,0.06205351701438395,0.06205351701438395
记得了,0.06205351701438395,0.06205351701438395
，如果,-0.06198380058023602,0.06198380058023602
，如,-0.06198380058023602,0.06198380058023602
有意思,0.0619518827517193,0.0619518827517193
意思,0.0619518827517193,0.0619518827517193
一边,-0.061878459672066254,0.061878459672066254
和家,0.06185294693294041,0.06185294693294041
很吵，,0.06152869500424127,0.06152869500424127
要去,0.06150280222289655,0.06150280222289655
事，我,-0.06140732302699369,0.06140732302699369
的地,-0.06138118101391646,0.06138118101391646
的地方,-0.06138118101391646,0.06138118101391646
我会,0.06114427565886221,0.06114427565886221
是，额,-0.06113169801278596,0.06113169801278596
成长,0.061116049585895504,0.061116049585895504
安排,-0.061067343785468825,0.061067343785468825
构成,-0.06103084415571421,0.06103084415571421
了，然后我,0.0610030819346824,0.0610030819346824
还是,-0.06099967032120302,0.06099967032120302
会睡,-0.060879572865016995,0.060879572865016995
都是,-0.06080520012206084,0.06080520012206084
会让,0.060782707011552084,0.060782707011552084
，但是他,0.06076001170888177,0.06076001170888177
也是,-0.06069717110479089,0.06069717110479089
。是因,-0.06067504415018897,0.06067504415018897
。是因为,-0.06067504415018897,0.06067504415018897
觉得不,-0.06067504415018897,0.06067504415018897
一件,-0.06059654477754687,0.06059654477754687
里面，,0.06058474196172934,0.06058474196172934
舍友,0.060523904019281045,0.060523904019281045
以，,-0.06048219642355372,0.06048219642355372
，比如说,-0.06042008381648572,0.06042008381648572
，比如,-0.06042008381648572,0.06042008381648572
不到,-0.06035221636891451,0.06035221636891451
高考的,-0.06025730361434024,0.06025730361434024
欢小孩子,0.060167222618166434,0.060167222618166434
喜欢小孩子,0.060167222618166434,0.060167222618166434
机会,-0.060157535324048036,0.060157535324048036
，没,0.06010174905306845,0.06010174905306845
，能,0.06005136696711083,0.06005136696711083
。而,0.05999583883349505,0.05999583883349505
，对我,0.05999583883349505,0.05999583883349505
。而且,0.05999583883349505,0.05999583883349505
平常,-0.0599679217073167,0.0599679217073167
未来,-0.05994584185231172,0.05994584185231172
是和,0.05979428073182379,0.05979428073182379
真浪,-0.05977282091025934,0.05977282091025934
浪漫,-0.05977282091025934,0.05977282091025934
真浪漫,-0.05977282091025934,0.05977282091025934
天真浪,-0.05977282091025934,0.05977282091025934
天真浪漫,-0.05977282091025934,0.05977282091025934
，不,0.0597715276677741,0.0597715276677741
但是，额,-0.059682401380893285,0.059682401380893285
着他,-0.05961665659412323,0.05961665659412323
漂亮的,-0.05957954421657958,0.05957954421657958
亮的,-0.05957954421657958,0.05957954421657958
，可能还,0.05957554314755637,0.05957554314755637
，可能还是,0.05957554314755637,0.05957554314755637
候是,-0.05956341997364832,0.05956341997364832
时候是,-0.05956341997364832,0.05956341997364832
出来，,0.05949013773174637,0.05949013773174637
为什么,-0.059434226221437375,0.059434226221437375
为什,-0.059434226221437375,0.059434226221437375
么最,-0.05942768133825348,0.05942768133825348
什么最,-0.05942768133825348,0.05942768133825348
，感觉自己,0.05940096396632735,0.05940096396632735
，感觉自,0.05940096396632735,0.05940096396632735
觉自,0.05940096396632735,0.05940096396632735
所以一,0.05940096396632735,0.05940096396632735
感觉自己,0.05940096396632735,0.05940096396632735
感觉自,0.05940096396632735,0.05940096396632735
觉自己,0.05940096396632735,0.05940096396632735
觉得自,-0.0593722517492924,0.0593722517492924
得自己,-0.0593722517492924,0.0593722517492924
觉得自己,-0.0593722517492924,0.0593722517492924
地工,-0.05937151851676452,0.05937151851676452
地工作，,-0.05937151851676452,0.05937151851676452
地工作,-0.05937151851676452,0.05937151851676452
什么的,-0.05925543305325562,0.05925543305325562
么的,-0.05925543305325562,0.05925543305325562
还有一,-0.059254908875905316,0.059254908875905316
妈妈，,-0.0592357315009083,0.0592357315009083
的妈,-0.0592357315009083,0.0592357315009083
的妈妈，,-0.0592357315009083,0.0592357315009083
的妈妈,-0.0592357315009083,0.0592357315009083
，算,-0.05914040214905199,0.05914040214905199
种人,-0.05912855458259986,0.05912855458259986
不用,-0.05912851386234699,0.05912851386234699
就是很,-0.059085299661731976,0.059085299661731976
因为我觉得,-0.05906357595635034,0.05906357595635034
为我觉,-0.05906357595635034,0.05906357595635034
为我觉得,-0.05906357595635034,0.05906357595635034
因为我觉,-0.05906357595635034,0.05906357595635034
得他,0.059022479320233995,0.059022479320233995
觉得他,0.059022479320233995,0.059022479320233995
人吵架，,0.05898333045644124,0.05898333045644124
别人吵架,0.05898333045644124,0.05898333045644124
别人吵架，,0.05898333045644124,0.05898333045644124
，有的时,-0.058974533939241645,0.058974533939241645
，有的时候,-0.058974533939241645,0.058974533939241645
和我,-0.05896549778420733,0.05896549778420733
复习的,0.058900591411418575,0.058900591411418575
嘛，,-0.05888587199790832,0.05888587199790832
很舒,0.058853813053098274,0.058853813053098274
到一,0.05884852170769002,0.05884852170769002
腾了，,0.05877134108630013,0.05877134108630013
闹腾了，,0.05877134108630013,0.05877134108630013
闹腾了,0.05877134108630013,0.05877134108630013
场上,0.05877134108630013,0.05877134108630013
太闹腾了，,0.05877134108630013,0.05877134108630013
腾了,0.05877134108630013,0.05877134108630013
太闹腾了,0.05877134108630013,0.05877134108630013
印象最深刻,0.058616204558005605,0.058616204558005605
象最,0.058616204558005605,0.058616204558005605
象最深,0.058616204558005605,0.058616204558005605
印象最,0.058616204558005605,0.058616204558005605
印象最深,0.058616204558005605,0.058616204558005605
象最深刻,0.058616204558005605,0.058616204558005605
象最深刻的,0.058616204558005605,0.058616204558005605
那是,0.05855221941455078,0.05855221941455078
"
我最",-0.05853266142564192,0.05853266142564192
试吧，,0.05851359069772628,0.05851359069772628
考试吧,0.05851359069772628,0.05851359069772628
考试吧，,0.05851359069772628,0.05851359069772628
试吧,0.05851359069772628,0.05851359069772628
候没有,0.05844807300735585,0.05844807300735585
的时候没,0.05844807300735585,0.05844807300735585
候没,0.05844807300735585,0.05844807300735585
的时候没有,0.05844807300735585,0.05844807300735585
时候没,0.05844807300735585,0.05844807300735585
时候没有,0.05844807300735585,0.05844807300735585
大学。,-0.05842075211055279,0.05842075211055279
"大学。
",-0.05842075211055279,0.05842075211055279
学。,-0.05842075211055279,0.05842075211055279
"学。
",-0.05842075211055279,0.05842075211055279
是最,-0.05838310133540901,0.05838310133540901
我比,-0.058273884144337505,0.058273884144337505
我比较,-0.058273884144337505,0.058273884144337505
"烦。
",-0.05823946930965009,0.05823946930965009
我有,-0.05813750136123362,0.05813750136123362
吧，然,-0.05807657001492609,0.05807657001492609
吧，然后,-0.05807657001492609,0.05807657001492609
，然后很,-0.05805151264035417,0.05805151264035417
后很,-0.05805151264035417,0.05805151264035417
然后很,-0.05805151264035417,0.05805151264035417
，因为，,0.058023121215075316,0.058023121215075316
爱的,-0.057912705209955416,0.057912705209955416
可爱的,-0.057912705209955416,0.057912705209955416
，因为，嗯,0.057897539497900295,0.057897539497900295
对的,-0.0578758128286565,0.0578758128286565
"爱。
",-0.057828558586122694,0.057828558586122694
爱。,-0.057828558586122694,0.057828558586122694
心情比较,0.05780712708636526,0.05780712708636526
心情比,0.05780712708636526,0.05780712708636526
动。,0.05779392241130091,0.05779392241130091
我有一,-0.05768768957501346,0.05768768957501346
我有一个,-0.05768768957501346,0.05768768957501346
天的,-0.057687358413090625,0.057687358413090625
后，就,-0.05765401269695536,0.05765401269695536
我很,0.05758496621822436,0.05758496621822436
相关,-0.05746005320391865,0.05746005320391865
嗯，不,-0.057456062414581816,0.057456062414581816
一方面,-0.057401601082010166,0.057401601082010166
成绩,-0.05738758867681727,0.05738758867681727
，额，我,0.05737723389900615,0.05737723389900615
的学习,0.0573752314494491,0.0573752314494491
家，,-0.057302109006507465,0.057302109006507465
网络,0.05729354985639212,0.05729354985639212
候吧,-0.05729033370407922,0.05729033370407922
候吧，,-0.05729033370407922,0.05729033370407922
他们，,0.05728754359296046,0.05728754359296046
们，,0.05728754359296046,0.05728754359296046
有什么,-0.05724234063772317,0.05724234063772317
有什,-0.05724234063772317,0.05724234063772317
绪的,0.05717343197949159,0.05717343197949159
情绪的,0.05717343197949159,0.05717343197949159
是两,0.057144783397487506,0.057144783397487506
住，,0.05707107205006523,0.05707107205006523
很开心。,-0.056990269333257286,0.056990269333257286
"
那",0.05694063295559127,0.05694063295559127
。但,-0.05692416991257845,0.05692416991257845
子比,-0.05687176988829418,0.05687176988829418
孩子比较,-0.05687176988829418,0.05687176988829418
子比较,-0.05687176988829418,0.05687176988829418
孩子比,-0.05687176988829418,0.05687176988829418
了好,-0.05686091317108646,0.05686091317108646
为了,-0.05682570447616844,0.05682570447616844
"
不喜欢，",0.05679297364213791,0.05679297364213791
的就,-0.056757410922590026,0.056757410922590026
"就这样
",0.056756796784273214,0.056756796784273214
觉得就,0.056756796784273214,0.056756796784273214
就这样,0.056756796784273214,0.056756796784273214
"就这样
我",0.056756796784273214,0.056756796784273214
"，就这样
",0.056756796784273214,0.056756796784273214
，就这样,0.056756796784273214,0.056756796784273214
得就,0.056756796784273214,0.056756796784273214
找我,0.05672756402705334,0.05672756402705334
到了,0.056721931335490125,0.056721931335490125
人争吵过,0.056699841353520096,0.056699841353520096
时的,-0.05664393350082551,0.05664393350082551
上一次,0.05662325631070478,0.05662325631070478
插队,-0.05657005355797756,0.05657005355797756
了喜,0.05654209208317948,0.05654209208317948
了喜欢,0.05654209208317948,0.05654209208317948
了喜欢的,0.05654209208317948,0.05654209208317948
作也,-0.056509866982221914,0.056509866982221914
我和,-0.056494908293063764,0.056494908293063764
一些小,-0.05649358996701073,0.05649358996701073
些小,-0.05649358996701073,0.05649358996701073
困难,-0.056359394506296775,0.056359394506296775
我，,0.05629871621575226,0.05629871621575226
在高考,-0.0562195400074777,0.0562195400074777
中心,-0.05619716242249261,0.05619716242249261
这方,-0.056091581193909806,0.056091581193909806
这方面,-0.056091581193909806,0.056091581193909806
和男,0.05590023199884127,0.05590023199884127
和男朋,0.05590023199884127,0.05590023199884127
和男朋友,0.05590023199884127,0.05590023199884127
中获,0.055895936247767716,0.055895936247767716
们。,-0.05582776019320695,0.05582776019320695
人争吵了,-0.05566884129875389,0.05566884129875389
争吵了,-0.05566884129875389,0.05566884129875389
人争吵了。,-0.05566884129875389,0.05566884129875389
争吵了。,-0.05566884129875389,0.05566884129875389
母，,-0.055611202481989926,0.055611202481989926
父母，,-0.055611202481989926,0.055611202481989926
种，,-0.05559431806733221,0.05559431806733221
欢，因为小,-0.0555645873585071,0.0555645873585071
，因为小孩,-0.0555645873585071,0.0555645873585071
，因为小,-0.0555645873585071,0.0555645873585071
吧，因,-0.05548638613530565,0.05548638613530565
吧，因为,-0.05548638613530565,0.05548638613530565
子，因为,0.05535092417353758,0.05535092417353758
孩子，因,0.05535092417353758,0.05535092417353758
子，因,0.05535092417353758,0.05535092417353758
小孩子，因,0.05535092417353758,0.05535092417353758
孩子，因为,0.05535092417353758,0.05535092417353758
心的，,-0.05532675446066647,0.05532675446066647
久没有跟别,0.05532034928734631,0.05532034928734631
久没有跟,0.05532034928734631,0.05532034928734631
很久没有跟,0.05532034928734631,0.05532034928734631
，我也,-0.05528735591266534,0.05528735591266534
，怎,-0.05522869705536614,0.05522869705536614
认为,-0.05521157896074524,0.05521157896074524
我要,0.05515480120374951,0.05515480120374951
不了,0.05508662449029144,0.05508662449029144
我妈妈,0.055019040261134765,0.055019040261134765
吃的，,0.055019040261134765,0.055019040261134765
不是很,-0.05499147389516236,0.05499147389516236
体育,0.054926749947951235,0.054926749947951235
看比,-0.05476492254868146,0.05476492254868146
我自己也,-0.054741761222907026,0.054741761222907026
"。
嗯",0.054740056296861135,0.054740056296861135
。大,0.054740056296861135,0.054740056296861135
整个,-0.05473189820382068,0.05473189820382068
个人,0.05468998881208488,0.05468998881208488
一部分,-0.05466268399303415,0.05466268399303415
写的,-0.05462134384325986,0.05462134384325986
"
希",-0.05451929001668175,0.05451929001668175
"
希望",-0.05451929001668175,0.05451929001668175
"
希望从",-0.05451929001668175,0.05451929001668175
"
希望从事",-0.05451929001668175,0.05451929001668175
了，而,-0.05451095008940367,0.05451095008940367
了，而且,-0.05451095008940367,0.05451095008940367
太吵了,-0.05450706491295166,0.05450706491295166
太吵,-0.05450706491295166,0.05450706491295166
志愿,-0.05450102316186997,0.05450102316186997
的话我,-0.05447411386980364,0.05447411386980364
话我,-0.05447411386980364,0.05447411386980364
最讨厌的人,0.05446017752443266,0.05446017752443266
友在,-0.054394099211491645,0.054394099211491645
心的人,0.05438254372688874,0.05438254372688874
"。
喜欢小",-0.05437924320531484,0.05437924320531484
"
喜欢小孩",-0.05437924320531484,0.05437924320531484
"
喜欢小",-0.05437924320531484,0.05437924320531484
经常,-0.05433391462740408,0.05433391462740408
当中,-0.05431122363958687,0.05431122363958687
。我,0.05428661604558243,0.05428661604558243
是有,-0.054261569910165744,0.054261569910165744
生气，,-0.05424372688006871,0.05424372688006871
是情,0.05423166719155683,0.05423166719155683
是情绪,0.05423166719155683,0.05423166719155683
放松。,-0.05418994469489884,0.05418994469489884
些比,-0.054084951169290775,0.054084951169290775
些比较,-0.054084951169290775,0.054084951169290775
项目,0.05396485555573557,0.05396485555573557
欢小孩子，,0.053963852765036936,0.053963852765036936
。就是,0.05393708641634314,0.05393708641634314
这样,0.0539283351785713,0.0539283351785713
最喜欢的,-0.05391563748420386,0.05391563748420386
，就很,-0.05389888881880037,0.05389888881880037
响的人,-0.053852840726476454,0.053852840726476454
正面影响的,-0.053852840726476454,0.053852840726476454
面影响的,-0.053852840726476454,0.053852840726476454
面影响的人,-0.053852840726476454,0.053852840726476454
影响的,-0.053852840726476454,0.053852840726476454
影响的人,-0.053852840726476454,0.053852840726476454
响的,-0.053852840726476454,0.053852840726476454
后和,-0.053779802543749845,0.053779802543749845
然后和,-0.053779802543749845,0.053779802543749845
，然后和,-0.053779802543749845,0.053779802543749845
我的父,-0.053712228031182585,0.053712228031182585
的父母,-0.053712228031182585,0.053712228031182585
的父,-0.053712228031182585,0.053712228031182585
我的父母,-0.053712228031182585,0.053712228031182585
的东西,-0.05370762504909124,0.05370762504909124
的东,-0.05370762504909124,0.05370762504909124
气候,-0.05363287864197434,0.05363287864197434
票的时候,-0.05363287864197434,0.05363287864197434
票的,-0.05363287864197434,0.05363287864197434
票的时,-0.05363287864197434,0.05363287864197434
在高,-0.053577660611666786,0.053577660611666786
因是因,-0.053565635696765014,0.053565635696765014
原因是因为,-0.053565635696765014,0.053565635696765014
原因是因,-0.053565635696765014,0.053565635696765014
因是因为,-0.053565635696765014,0.053565635696765014
应该算,0.05355597326730637,0.05355597326730637
应该算是,0.05355597326730637,0.05355597326730637
该算是,0.05355597326730637,0.05355597326730637
时候他,0.05355597326730637,0.05355597326730637
该算,0.05355597326730637,0.05355597326730637
候他,0.05355597326730637,0.05355597326730637
了我,-0.0535270586499501,0.0535270586499501
失眠。,-0.0535190447017917,0.0535190447017917
眠。,-0.0535190447017917,0.0535190447017917
。其,-0.05345246520695543,0.05345246520695543
一些事,-0.05343260257427808,0.05343260257427808
有时候,0.053373609395524026,0.053373609395524026
有时,0.053373609395524026,0.053373609395524026
的心情,-0.053237396552399265,0.053237396552399265
"
未",-0.053215200073243527,0.053215200073243527
"
未来",-0.053215200073243527,0.053215200073243527
说让,0.05320822125956858,0.05320822125956858
是熊孩子,-0.053142933841614476,0.053142933841614476
是熊,-0.053142933841614476,0.053142933841614476
是熊孩,-0.053142933841614476,0.053142933841614476
熊孩,-0.053142933841614476,0.053142933841614476
熊孩子,-0.053142933841614476,0.053142933841614476
我很喜欢,0.05312221699818248,0.05312221699818248
我很喜,0.05312221699818248,0.05312221699818248
非常重,0.053079641972335494,0.053079641972335494
常重要,0.053079641972335494,0.053079641972335494
常重,0.053079641972335494,0.053079641972335494
非常重要,0.053079641972335494,0.053079641972335494
篮球,-0.053034492927507,0.053034492927507
因为自己,-0.05302036719717334,0.05302036719717334
因为自,-0.05302036719717334,0.05302036719717334
有关的,-0.05301379463773452,0.05301379463773452
时候会,-0.053013436517030825,0.053013436517030825
候会,-0.053013436517030825,0.053013436517030825
，大概,-0.052949784036439615,0.052949784036439615
的影响,-0.05290603308170113,0.05290603308170113
的影,-0.05290603308170113,0.05290603308170113
，玩一,-0.05285987919149064,0.05285987919149064
意的,-0.05282631335129782,0.05282631335129782
己不,-0.052784335109701125,0.052784335109701125
自己不,-0.052784335109701125,0.052784335109701125
看书,-0.05276086273484961,0.05276086273484961
心。,0.05275040548684841,0.05275040548684841
受，,0.05274297302394061,0.05274297302394061
提前,-0.05270020908276786,0.05270020908276786
没什么,-0.052645374138934636,0.052645374138934636
没什,-0.052645374138934636,0.052645374138934636
比较愉,0.05263216288445797,0.05263216288445797
较愉,0.05263216288445797,0.05263216288445797
一份,-0.052628485669857845,0.052628485669857845
所以，,-0.052619310193341075,0.052619310193341075
行，,-0.052577739125631115,0.052577739125631115
"着
",-0.052557088480473024,0.052557088480473024
生，然后,-0.05253887379698579,0.05253887379698579
生，然,-0.05253887379698579,0.05253887379698579
人生，然后,-0.05253887379698579,0.05253887379698579
人生，然,-0.05253887379698579,0.05253887379698579
"了
我",-0.05250855021268201,0.05250855021268201
"的。
我",-0.052497478441697984,0.052497478441697984
，嗯，他,-0.052467993937277385,0.052467993937277385
嗯，他,-0.052467993937277385,0.052467993937277385
会一,-0.052355148744837626,0.052355148744837626
。也,0.052353662938197564,0.052353662938197564
我学,-0.05232565869750382,0.05232565869750382
后的,-0.052275914022594516,0.052275914022594516
人就,0.052240649459908466,0.052240649459908466
能让,0.052185212684966835,0.052185212684966835
是比,-0.05213172455613931,0.05213172455613931
是比较,-0.05213172455613931,0.05213172455613931
是对,0.05198955434589752,0.05198955434589752
，心,-0.051962111031828656,0.051962111031828656
合理,0.05190134585391169,0.05190134585391169
，家,-0.05187358051064285,0.05187358051064285
喜欢的,-0.05185490937326883,0.05185490937326883
欢的,-0.05185490937326883,0.05185490937326883
争吵。,0.0518538599049314,0.0518538599049314
一共,0.051840482080732414,0.051840482080732414
，考试,0.051723631202820385,0.051723631202820385
能做,-0.05161164593819895,0.05161164593819895
，发现,-0.051601837255482765,0.051601837255482765
，好,0.05154424090650819,0.05154424090650819
也有,-0.05143044168772047,0.05143044168772047
选择的,0.05142691568171696,0.05142691568171696
择的,0.05142691568171696,0.05142691568171696
人。,0.0514131752898768,0.0514131752898768
喜欢的动,-0.05132872061453192,0.05132872061453192
的动,-0.05132872061453192,0.05132872061453192
欢的动,-0.05132872061453192,0.05132872061453192
我也,-0.05132101674897603,0.05132101674897603
间，因为,0.05115879456656938,0.05115879456656938
间，因,0.05115879456656938,0.05115879456656938
的一种,-0.051138275931173656,0.051138275931173656
想要,-0.051128891398048916,0.051128891398048916
每一,-0.05105093433065441,0.05105093433065441
，我有,-0.050985345563013616,0.050985345563013616
是，额，,-0.05097897204609276,0.05097897204609276
住在,-0.05095363775856773,0.05095363775856773
未来希,-0.050942176183761366,0.050942176183761366
来希望,-0.050942176183761366,0.050942176183761366
未来希望,-0.050942176183761366,0.050942176183761366
来希,-0.050942176183761366,0.050942176183761366
算机,0.05092654312680818,0.05092654312680818
计算,0.05092654312680818,0.05092654312680818
计算机,0.05092654312680818,0.05092654312680818
我的一,-0.050832775788055576,0.050832775788055576
事的,-0.05082995439458071,0.05082995439458071
课的,0.05081434106136932,0.05081434106136932
这也,-0.050771109417993114,0.050771109417993114
这也是,-0.050771109417993114,0.050771109417993114
是觉得,-0.050769087194141846,0.050769087194141846
是觉,-0.050769087194141846,0.050769087194141846
一年,-0.050747826917500814,0.050747826917500814
在是,0.050705188224526784,0.050705188224526784
很容易,0.05060624458021006,0.05060624458021006
很容,0.05060624458021006,0.05060624458021006
眠的时候，,0.05057362622600733,0.05057362622600733
我很少失眠,0.05057362622600733,0.05057362622600733
我很少失,0.05057362622600733,0.05057362622600733
我很少,0.05057362622600733,0.05057362622600733
少失眠，然,0.05057362622600733,0.05057362622600733
睡着,0.05057362622600733,0.05057362622600733
后就是,-0.0505668031288284,0.0505668031288284
气的时候,0.05054834008478412,0.05054834008478412
生气的时候,0.05054834008478412,0.05054834008478412
气的时,0.05054834008478412,0.05054834008478412
生气的时,0.05054834008478412,0.05054834008478412
小的话,-0.050528604753241224,0.050528604753241224
会想,-0.05051524134208105,0.05051524134208105
有点,-0.05048370123021352,0.05048370123021352
年轻,0.05043759504229878,0.05043759504229878
。人,0.05043759504229878,0.05043759504229878
我觉得他,-0.05041769953398456,0.05041769953398456
的时候，,0.05033078203922397,0.05033078203922397
在公司里,-0.050200768532948116,0.050200768532948116
在公司,-0.050200768532948116,0.050200768532948116
在公,-0.050200768532948116,0.050200768532948116
家人,0.050172910386012924,0.050172910386012924
心态,-0.050140557224903494,0.050140557224903494
表达,-0.05005971219364437,0.05005971219364437
专业是软,0.049999592346782036,0.049999592346782036
业是软,0.049999592346782036,0.049999592346782036
头疼,-0.04998651013834322,0.04998651013834322
，自,-0.049862649812858616,0.049862649812858616
，自己,-0.049862649812858616,0.049862649812858616
去学,0.04985756879466492,0.04985756879466492
乐于,-0.04980634216550107,0.04980634216550107
，不记得,0.049769090998335645,0.049769090998335645
不记得,0.049769090998335645,0.049769090998335645
不记,0.049769090998335645,0.049769090998335645
，不记,0.049769090998335645,0.049769090998335645
的话，,-0.04973895231351503,0.04973895231351503
结束,0.04969789868594214,0.04969789868594214
活，,-0.04966423023022916,0.04966423023022916
比赛，,-0.04954236516604988,0.04954236516604988
比赛,-0.04954236516604988,0.04954236516604988
赛，,-0.04954236516604988,0.04954236516604988
是分,-0.04953874611451115,0.04953874611451115
情不太,-0.04944332440314121,0.04944332440314121
情不,-0.04944332440314121,0.04944332440314121
做这,-0.04944198780883938,0.04944198780883938
。如,-0.04942928444394863,0.04942928444394863
，这种,-0.04942928444394863,0.04942928444394863
。如果,-0.04942928444394863,0.04942928444394863
最近感,-0.04940819877022939,0.04940819877022939
近感到开,-0.04940819877022939,0.04940819877022939
近感到开心,-0.04940819877022939,0.04940819877022939
"
最近感",-0.04940819877022939,0.04940819877022939
"
最近感到",-0.04940819877022939,0.04940819877022939
最近感到开,-0.04940819877022939,0.04940819877022939
最近感到,-0.04940819877022939,0.04940819877022939
近感到,-0.04940819877022939,0.04940819877022939
近感,-0.04940819877022939,0.04940819877022939
到开心的事,-0.04940819877022939,0.04940819877022939
后，额，,0.04940260840580544,0.04940260840580544
后，额,0.04940260840580544,0.04940260840580544
然后，额,0.04940260840580544,0.04940260840580544
然后，额，,0.04940260840580544,0.04940260840580544
就想,0.04940260840580544,0.04940260840580544
能睡,0.04940260840580544,0.04940260840580544
从事，,-0.049381964605826764,0.049381964605826764
只有,-0.04935945264734314,0.04935945264734314
格特别,0.0492849845087477,0.0492849845087477
性格特别,0.0492849845087477,0.0492849845087477
格特,0.0492849845087477,0.0492849845087477
性格特,0.0492849845087477,0.0492849845087477
己喜欢的,-0.04918177938420761,0.04918177938420761
自己喜欢的,-0.04918177938420761,0.04918177938420761
者的,-0.04917862599946492,0.04917862599946492
，不需,-0.04917862599946492,0.04917862599946492
，不需要,-0.04917862599946492,0.04917862599946492
嗯，就,-0.04912651754756812,0.04912651754756812
，嗯，我,-0.04911181884694369,0.04911181884694369
的时候就是,-0.04910410956787828,0.04910410956787828
候就是,-0.04910410956787828,0.04910410956787828
时候就是,-0.04910410956787828,0.04910410956787828
这些,-0.04900051162566159,0.04900051162566159
。其实,-0.04899870404110016,0.04899870404110016
往往,-0.04896866551967509,0.04896866551967509
到我,-0.04887638096556478,0.04887638096556478
很开心，,-0.04885792460180823,0.04885792460180823
为看,-0.04885792460180823,0.04885792460180823
因为看,-0.04885792460180823,0.04885792460180823
我希望能,-0.04885728911459001,0.04885728911459001
快的,-0.04885289435362688,0.04885289435362688
感受,-0.04883193799175864,0.04883193799175864
我喜欢,-0.04878901317669386,0.04878901317669386
我喜,-0.04878901317669386,0.04878901317669386
是很好,-0.0487723030123542,0.0487723030123542
不是很好,-0.0487723030123542,0.0487723030123542
争吵应,0.04877051510724182,0.04877051510724182
争吵应该,0.04877051510724182,0.04877051510724182
吵应,0.04877051510724182,0.04877051510724182
吵应该,0.04877051510724182,0.04877051510724182
上，,-0.04874821456016827,0.04874821456016827
最近的,-0.048740482551044295,0.048740482551044295
最近的一次,-0.048740482551044295,0.048740482551044295
近的一次,-0.048740482551044295,0.048740482551044295
最近的一,-0.048740482551044295,0.048740482551044295
近的一,-0.048740482551044295,0.048740482551044295
一起,-0.04868530186828755,0.04868530186828755
是和我,0.04865886961294759,0.04865886961294759
较开,0.04863532021975482,0.04863532021975482
比较开,0.04863532021975482,0.04863532021975482
的，就,0.048619499379115444,0.048619499379115444
候还,-0.04859392511239584,0.04859392511239584
时候还,-0.04859392511239584,0.04859392511239584
玩游戏，因,0.048582254162006344,0.048582254162006344
玩游戏，,0.048582254162006344,0.048582254162006344
考了,0.04858003368460488,0.04858003368460488
。对,0.0485506328988761,0.0485506328988761
我开心。,0.0485506328988761,0.0485506328988761
大概是，,0.04854201873503556,0.04854201873503556
概是，,0.04854201873503556,0.04854201873503556
研究,-0.04848000761036186,0.04848000761036186
，但是，额,-0.048459512186021986,0.048459512186021986
是需,0.04845575359740685,0.04845575359740685
是需要,0.04845575359740685,0.04845575359740685
我最好,-0.04840233022708013,0.04840233022708013
我最好的,-0.04840233022708013,0.04840233022708013
，随便,0.04829938121948166,0.04829938121948166
，随,0.04829938121948166,0.04829938121948166
子。因为小,-0.04827936051233376,0.04827936051233376
的爸爸,-0.0482538452386965,0.0482538452386965
的爸,-0.0482538452386965,0.0482538452386965
的爸爸，,-0.0482538452386965,0.0482538452386965
是失,-0.048250872144993726,0.048250872144993726
是会,0.04820887003349273,0.04820887003349273
家，我,-0.048163881153550296,0.048163881153550296
很吵,0.048131202614472214,0.048131202614472214
是软件工程,0.04813061263869078,0.04813061263869078
是软件工,0.04813061263869078,0.04813061263869078
是软件,0.04813061263869078,0.04813061263869078
，所以，,-0.04811689821999998,0.04811689821999998
其实也,-0.04808509597640092,0.04808509597640092
实也,-0.04808509597640092,0.04808509597640092
么都,0.0480155369973048,0.0480155369973048
么都不,0.0480155369973048,0.0480155369973048
，什么都,0.0480155369973048,0.0480155369973048
什么都不,0.0480155369973048,0.0480155369973048
什么都,0.0480155369973048,0.0480155369973048
，什么都不,0.0480155369973048,0.0480155369973048
后也,-0.04801243472496121,0.04801243472496121
肯定,0.048000172198390804,0.048000172198390804
游戏。,-0.047988721978032126,0.047988721978032126
戏。,-0.047988721978032126,0.047988721978032126
。应,-0.047988721978032126,0.047988721978032126
。应该,-0.047988721978032126,0.047988721978032126
打游戏。,-0.047988721978032126,0.047988721978032126
，虽然他,0.04792328851225912,0.04792328851225912
前吧。,0.047863540906291725,0.047863540906291725
心的事情,-0.04771122505640223,0.04771122505640223
开心的事情,-0.04771122505640223,0.04771122505640223
拿到,-0.04769130358289469,0.04769130358289469
的孩子,-0.04769130358289469,0.04769130358289469
的孩,-0.04769130358289469,0.04769130358289469
压抑,0.047668162068143054,0.047668162068143054
了那,-0.04765721977000324,0.04765721977000324
我上一,0.04763489971282715,0.04763489971282715
我上一次,0.04763489971282715,0.04763489971282715
的时候是,-0.04757070170898387,0.04757070170898387
好的朋友，,-0.04756027396625825,0.04756027396625825
的朋友，,-0.04756027396625825,0.04756027396625825
，额，就,-0.047512438344245796,0.047512438344245796
额，就,-0.047512438344245796,0.047512438344245796
有的时,-0.047496214599805034,0.047496214599805034
有的时候,-0.047496214599805034,0.047496214599805034
经常，,0.04749179716679533,0.04749179716679533
气，然后,-0.04749121171196432,0.04749121171196432
气，然,-0.04749121171196432,0.04749121171196432
讲，,-0.04745222508162012,0.04745222508162012
就和,-0.04744107125946835,0.04744107125946835
，本来,-0.047402976673683275,0.047402976673683275
作业,-0.047402976673683275,0.047402976673683275
的我,-0.04738531207097378,0.04738531207097378
放假,-0.047345691859104144,0.047345691859104144
不讲,0.047338718896149046,0.047338718896149046
那种,-0.04733215355474894,0.04733215355474894
感觉，,-0.04732420570755439,0.04732420570755439
，因,0.04731072238906462,0.04731072238906462
，因为,0.04731072238906462,0.04731072238906462
，老,-0.04730408220506057,0.04730408220506057
你，,0.047281298723227484,0.047281298723227484
方面的,-0.04725406372968417,0.04725406372968417
女朋,-0.04724494828968027,0.04724494828968027
女朋友,-0.04724494828968027,0.04724494828968027
但是，额，,-0.047206853703895185,0.047206853703895185
以后,-0.04717926768950752,0.04717926768950752
朋友一,-0.0471751144694823,0.0471751144694823
朋友一起,-0.0471751144694823,0.0471751144694823
，我们,-0.047082857032971714,0.047082857032971714
脑子,-0.04706619019603928,0.04706619019603928
久很,0.04706074930699643,0.04706074930699643
很久很,0.04706074930699643,0.04706074930699643
久很久,0.04706074930699643,0.04706074930699643
很久很久,0.04706074930699643,0.04706074930699643
剧，,-0.04699349355849716,0.04699349355849716
"
家里",-0.04698760515798448,0.04698760515798448
但如,-0.04697919276559231,0.04697919276559231
"
这",-0.04697919276559231,0.04697919276559231
但如果,-0.04697919276559231,0.04697919276559231
也挺,-0.046901334376846966,0.046901334376846966
"。
放",-0.046890744988742704,0.046890744988742704
，然后自己,-0.046890744988742704,0.046890744988742704
"。
放松",-0.046890744988742704,0.046890744988742704
后自,-0.046890744988742704,0.046890744988742704
"。
放松的",-0.046890744988742704,0.046890744988742704
后自己,-0.046890744988742704,0.046890744988742704
，然后自,-0.046890744988742704,0.046890744988742704
事情吧,-0.046890744988742704,0.046890744988742704
然后自,-0.046890744988742704,0.046890744988742704
然后自己,-0.046890744988742704,0.046890744988742704
情吧,-0.046890744988742704,0.046890744988742704
那种人,-0.046831858700782394,0.046831858700782394
性地工,-0.04683107331429655,0.04683107331429655
性地工作，,-0.04683107331429655,0.04683107331429655
性地工作,-0.04683107331429655,0.04683107331429655
造性,-0.04683107331429655,0.04683107331429655
造性地工作,-0.04683107331429655,0.04683107331429655
造性地,-0.04683107331429655,0.04683107331429655
性地,-0.04683107331429655,0.04683107331429655
创造性地工,-0.04683107331429655,0.04683107331429655
创造性,-0.04683107331429655,0.04683107331429655
造性地工,-0.04683107331429655,0.04683107331429655
创造性地,-0.04683107331429655,0.04683107331429655
的一些,-0.04682942059535858,0.04682942059535858
他都,0.0467987688298152,0.0467987688298152
争论,0.0467987688298152,0.0467987688298152
因为买,-0.04674784296310976,0.04674784296310976
，因为买,-0.04674784296310976,0.04674784296310976
为买,-0.04674784296310976,0.04674784296310976
带来正面影,-0.046715447176141116,0.046715447176141116
来正面影响,-0.046715447176141116,0.046715447176141116
来正面影,-0.046715447176141116,0.046715447176141116
后要,-0.04670171220522869,0.04670171220522869
专业，,-0.04665278343077094,0.04665278343077094
，跟我,0.04661792469810084,0.04661792469810084
"
印象",0.046421573314521236,0.046421573314521236
"
印",0.046421573314521236,0.046421573314521236
每当,-0.04638954783668269,0.04638954783668269
考完,-0.04638144173830592,0.04638144173830592
？我,0.04636501256069131,0.04636501256069131
思考,-0.046308761289793506,0.046308761289793506
，不要,-0.04630152901526722,0.04630152901526722
自己的情,-0.046289842932653126,0.046289842932653126
己的情绪,-0.046289842932653126,0.046289842932653126
己的情,-0.046289842932653126,0.046289842932653126
自己的情绪,-0.046289842932653126,0.046289842932653126
哥哥,-0.04628666089699017,0.04628666089699017
实在,-0.046204761895767985,0.046204761895767985
上去,-0.046204761895767985,0.046204761895767985
们就是,0.0462017848888386,0.0462017848888386
他们就是,0.0462017848888386,0.0462017848888386
的没,0.0462017848888386,0.0462017848888386
目的,0.04618627044531626,0.04618627044531626
大学，,-0.04617527275577058,0.04617527275577058
学习,0.04614217229609231,0.04614217229609231
心情,-0.04612517605538325,0.04612517605538325
反而,-0.046121837010966595,0.046121837010966595
，反而,-0.046121837010966595,0.046121837010966595
看到,-0.046037476896010204,0.046037476896010204
的也,-0.0460069673380089,0.0460069673380089
能算争吵,0.04600566191905052,0.04600566191905052
也不能算,0.04600566191905052,0.04600566191905052
不能算,0.04600566191905052,0.04600566191905052
也不能算争,0.04600566191905052,0.04600566191905052
不能算争吵,0.04600566191905052,0.04600566191905052
不能算争,0.04600566191905052,0.04600566191905052
的学,0.045990166513140064,0.045990166513140064
没，,0.04597926425058218,0.04597926425058218
开始,-0.04594463390102875,0.04594463390102875
天的时,-0.04584917904689493,0.04584917904689493
使我,0.04576802861971471,0.04576802861971471
，他跟,-0.045767086624305876,0.045767086624305876
他跟我,-0.045767086624305876,0.045767086624305876
他跟,-0.045767086624305876,0.045767086624305876
，他跟我,-0.045767086624305876,0.045767086624305876
开心,-0.045737065923240755,0.045737065923240755
为一些,-0.045721013568677527,0.045721013568677527
因为一些,-0.045721013568677527,0.045721013568677527
第一次,-0.045651407750740405,0.045651407750740405
的时候也,-0.045589700045870374,0.045589700045870374
候也,-0.045589700045870374,0.045589700045870374
时候也,-0.045589700045870374,0.045589700045870374
儿，,-0.04558319227222716,0.04558319227222716
，我是,-0.04556742568816129,0.04556742568816129
的时候感觉,0.04556588560980753,0.04556588560980753
时候感觉,0.04556588560980753,0.04556588560980753
的时候感,0.04556588560980753,0.04556588560980753
候感觉,0.04556588560980753,0.04556588560980753
候感,0.04556588560980753,0.04556588560980753
时候感,0.04556588560980753,0.04556588560980753
次机,-0.045545097686442076,0.045545097686442076
来的时,-0.045545097686442076,0.045545097686442076
来的时候,-0.045545097686442076,0.045545097686442076
次机会,-0.045545097686442076,0.045545097686442076
平时的,-0.04551070317480353,0.04551070317480353
人们,-0.045509815735972896,0.045509815735972896
好像没,0.045462443979364116,0.045462443979364116
像没,0.045462443979364116,0.045462443979364116
像没有,0.045462443979364116,0.045462443979364116
好像没有,0.045462443979364116,0.045462443979364116
常失眠。,-0.04542755483680398,0.04542755483680398
经常失眠。,-0.04542755483680398,0.04542755483680398
了正,-0.04542755483680398,0.04542755483680398
下班的,-0.04541599833043561,0.04541599833043561
班的,-0.04541599833043561,0.04541599833043561
学英语,-0.04541599833043561,0.04541599833043561
下班,-0.04541599833043561,0.04541599833043561
学英,-0.04541599833043561,0.04541599833043561
英语,-0.04541599833043561,0.04541599833043561
的时间,-0.04541321155397129,0.04541321155397129
就是有,-0.04540453536584747,0.04540453536584747
，就是有,-0.04540453536584747,0.04540453536584747
会睡觉,-0.04540453536584747,0.04540453536584747
"
上一次",-0.04536057244556502,0.04536057244556502
多了,-0.04532541159979885,0.04532541159979885
年的,-0.045324518145059715,0.045324518145059715
我的，,-0.045311289268262785,0.045311289268262785
。有的,-0.045287569470209725,0.045287569470209725
业的,-0.045278975084152184,0.045278975084152184
专业的,-0.045278975084152184,0.045278975084152184
就非常,-0.0452688525125513,0.0452688525125513
就非,-0.0452688525125513,0.0452688525125513
说这,-0.04525884903849326,0.04525884903849326
理想,-0.0452124292702368,0.0452124292702368
愿，,-0.04518254642798367,0.04518254642798367
志愿，,-0.04518254642798367,0.04518254642798367
满足,-0.04514436520899782,0.04514436520899782
玩。,-0.04514436520899782,0.04514436520899782
己最喜欢,-0.045122772180147264,0.045122772180147264
己最喜,-0.045122772180147264,0.045122772180147264
己最喜欢的,-0.045122772180147264,0.045122772180147264
自己最喜,-0.045122772180147264,0.045122772180147264
己最,-0.045122772180147264,0.045122772180147264
自己最喜欢,-0.045122772180147264,0.045122772180147264
自己最,-0.045122772180147264,0.045122772180147264
然后，我,-0.04510941774269024,0.04510941774269024
，然后，我,-0.04510941774269024,0.04510941774269024
后，我,-0.04510941774269024,0.04510941774269024
身边的,0.045098557702514815,0.045098557702514815
很多时候,0.045098557702514815,0.045098557702514815
很多时,0.045098557702514815,0.045098557702514815
多时候,0.045098557702514815,0.045098557702514815
多时,0.045098557702514815,0.045098557702514815
边的,0.045098557702514815,0.045098557702514815
西。,0.04501833267990843,0.04501833267990843
东西。,0.04501833267990843,0.04501833267990843
的，但是,-0.04498721074518495,0.04498721074518495
的，但,-0.04498721074518495,0.04498721074518495
玩的,-0.04497566866348019,0.04497566866348019
玩的话,-0.04497566866348019,0.04497566866348019
事，,-0.04497555260060193,0.04497555260060193
以前,-0.04496343715016187,0.04496343715016187
不是,0.0449615704205531,0.0449615704205531
"会
",-0.044952884995326944,0.044952884995326944
有一种,-0.04494965446093683,0.04494965446093683
一周,0.0449491264067118,0.0449491264067118
的内容,-0.044916016774729076,0.044916016774729076
内容,-0.044916016774729076,0.044916016774729076
的内,-0.044916016774729076,0.044916016774729076
旁边有,-0.04488698930716869,0.04488698930716869
什么时候了,-0.04483331538588818,0.04483331538588818
是什么时,-0.04483331538588818,0.04483331538588818
候了,-0.04483331538588818,0.04483331538588818
时候了,-0.04483331538588818,0.04483331538588818
是什么时候,-0.04483331538588818,0.04483331538588818
么时候了,-0.04483331538588818,0.04483331538588818
，就是在,-0.04483054150383722,0.04483054150383722
算是一,0.044814713480337956,0.044814713480337956
我觉得，,-0.0448144786477707,0.0448144786477707
让我,0.04473236406479662,0.04473236406479662
了自,-0.04471571403866218,0.04471571403866218
了自己,-0.04471571403866218,0.04471571403866218
然后,-0.04468153497790805,0.04468153497790805
，就是他,0.044663836945006044,0.044663836945006044
就是他,0.044663836945006044,0.044663836945006044
么的。,-0.0446462383625976,0.0446462383625976
什么的。,-0.0446462383625976,0.0446462383625976
事。,0.04455401474206155,0.04455401474206155
事。我,0.04455401474206155,0.04455401474206155
庭构成,-0.04454263391758331,0.04454263391758331
家庭构成,-0.04454263391758331,0.04454263391758331
家庭构,-0.04454263391758331,0.04454263391758331
庭构,-0.04454263391758331,0.04454263391758331
部分,-0.04453448914664644,0.04453448914664644
"
我的",-0.04451019112494974,0.04451019112494974
姐姐，,-0.04450265361168476,0.04450265361168476
小的小事,-0.04446234401051888,0.04446234401051888
细小的小事,-0.04446234401051888,0.04446234401051888
细小的,-0.04446234401051888,0.04446234401051888
细小的小,-0.04446234401051888,0.04446234401051888
细小,-0.04446234401051888,0.04446234401051888
学习。,-0.04446234401051888,0.04446234401051888
一些很,-0.04446234401051888,0.04446234401051888
习。,-0.04446234401051888,0.04446234401051888
些很,-0.04446234401051888,0.04446234401051888
也不是,-0.044461317261446136,0.044461317261446136
经历，,-0.04444965930993537,0.04444965930993537
历，,-0.04444965930993537,0.04444965930993537
"吧。
",-0.04443642348988317,0.04443642348988317
我明,-0.04434209826585776,0.04434209826585776
"。
上",0.04430856407473248,0.04430856407473248
吧，但,-0.04430400538202344,0.04430400538202344
了一个,-0.04429588591060223,0.04429588591060223
，就觉,0.04428807718681534,0.04428807718681534
，就觉得,0.04428807718681534,0.04428807718681534
普通的,-0.04427777121762082,0.04427777121762082
普通,-0.04427777121762082,0.04427777121762082
通的,-0.04427777121762082,0.04427777121762082
过了。,0.04427667205729038,0.04427667205729038
吵过了。,0.04427667205729038,0.04427667205729038
吵过了,0.04427667205729038,0.04427667205729038
人争吵过了,0.04427667205729038,0.04427667205729038
争吵过了,0.04427667205729038,0.04427667205729038
争吵过了。,0.04427667205729038,0.04427667205729038
人争,-0.044153470179813185,0.044153470179813185
烦躁,-0.044001631622092266,0.044001631622092266
不开心的时,-0.04397663729496154,0.04397663729496154
有，,-0.043962650843609015,0.043962650843609015
人啊,-0.043962598126321445,0.043962598126321445
人啊，,-0.043962598126321445,0.043962598126321445
说是,-0.043934924381891685,0.043934924381891685
简单,-0.04387489029931625,0.04387489029931625
放松,-0.04384126659931659,0.04384126659931659
我一个,0.04383905989496838,0.04383905989496838
会很,-0.04381285027580772,0.04381285027580772
成了,-0.04377602771416256,0.04377602771416256
能不,0.043749582918209996,0.043749582918209996
的生活,-0.04374348535438517,0.04374348535438517
比较放,-0.04372337530028694,0.04372337530028694
较放,-0.04372337530028694,0.04372337530028694
较放松,-0.04372337530028694,0.04372337530028694
比较放松,-0.04372337530028694,0.04372337530028694
你也,-0.04369604086845611,0.04369604086845611
生，,-0.043652677145385024,0.043652677145385024
。虽然有,0.0436403910130178,0.0436403910130178
天真，,0.0436403910130178,0.0436403910130178
虽然有,0.0436403910130178,0.0436403910130178
然有,0.0436403910130178,0.0436403910130178
是单,0.0436403910130178,0.0436403910130178
问题。,0.0436403910130178,0.0436403910130178
的问题。,0.0436403910130178,0.0436403910130178
题。,0.0436403910130178,0.0436403910130178
大事,-0.04362776034254992,0.04362776034254992
可以缓,-0.043606524422374913,0.043606524422374913
可以缓解,-0.043606524422374913,0.043606524422374913
以缓,-0.043606524422374913,0.043606524422374913
以缓解,-0.043606524422374913,0.043606524422374913
理。,-0.04359178737257036,0.04359178737257036
然就,-0.04355139853916228,0.04355139853916228
。因,0.043530124881866104,0.043530124881866104
。因为,0.043530124881866104,0.043530124881866104
，到,-0.04348035540251678,0.04348035540251678
几天,0.04343316648035327,0.04343316648035327
法，,-0.04341774660866764,0.04341774660866764
有和别,-0.04341582093821835,0.04341582093821835
没有和别人,-0.04341582093821835,0.04341582093821835
没有和别,-0.04341582093821835,0.04341582093821835
有和别人,-0.04341582093821835,0.04341582093821835
。在,0.04341504633988684,0.04341504633988684
件工程,0.043406374318313776,0.043406374318313776
件工,0.043406374318313776,0.043406374318313776
软件工程,0.043406374318313776,0.043406374318313776
软件工,0.043406374318313776,0.043406374318313776
后他,0.043361233783416754,0.043361233783416754
的自,0.043240324083817415,0.043240324083817415
得心情,-0.04323273483320448,0.04323273483320448
得心,-0.04323273483320448,0.04323273483320448
无忧无虑,-0.04323273483320448,0.04323273483320448
无忧无,-0.04323273483320448,0.04323273483320448
无虑,-0.04323273483320448,0.04323273483320448
无忧,-0.04323273483320448,0.04323273483320448
觉得心,-0.04323273483320448,0.04323273483320448
觉得心情,-0.04323273483320448,0.04323273483320448
忧无,-0.04323273483320448,0.04323273483320448
忧无虑,-0.04323273483320448,0.04323273483320448
果很,-0.04322603464681852,0.04322603464681852
师，,-0.043202093046186676,0.043202093046186676
情。,-0.04319430936256666,0.04319430936256666
事情。,-0.04319430936256666,0.04319430936256666
的事情。,-0.04319430936256666,0.04319430936256666
也是分,-0.043081283424801595,0.043081283424801595
希望能够,-0.04302231449359266,0.04302231449359266
望能够,-0.04302231449359266,0.04302231449359266
情很,-0.042990230168452596,0.042990230168452596
事情，大概,-0.04290976779173712,0.04290976779173712
情，大概,-0.04290976779173712,0.04290976779173712
事情，大,-0.04290976779173712,0.04290976779173712
情，大,-0.04290976779173712,0.04290976779173712
是很喜欢。,0.0429083444702106,0.0429083444702106
很喜欢。,0.0429083444702106,0.0429083444702106
懂事,0.0429083444702106,0.0429083444702106
学不,0.0429083444702106,0.0429083444702106
喜欢去,-0.04288029626188159,0.04288029626188159
欢去,-0.04288029626188159,0.04288029626188159
父母是,-0.042854168174732775,0.042854168174732775
懊恼,-0.042854168174732775,0.042854168174732775
母是,-0.042854168174732775,0.042854168174732775
懊恼了,-0.042854168174732775,0.042854168174732775
恼了,-0.042854168174732775,0.042854168174732775
从事一,-0.04284051009454939,0.04284051009454939
事一,-0.04284051009454939,0.04284051009454939
我认为,-0.04282523338304082,0.04282523338304082
我认,-0.04282523338304082,0.04282523338304082
份，,-0.0427929169138251,0.0427929169138251
逻辑,0.04279153719685467,0.04279153719685467
思维,0.04279153719685467,0.04279153719685467
较大,-0.04278067708263229,0.04278067708263229
比较大,-0.04278067708263229,0.04278067708263229
，虽然,0.042778560776499074,0.042778560776499074
，虽,0.042778560776499074,0.042778560776499074
现自,0.042778440733615336,0.042778440733615336
现自己,0.042778440733615336,0.042778440733615336
发现自己,0.042778440733615336,0.042778440733615336
发现自,0.042778440733615336,0.042778440733615336
会有,-0.04276867602595328,0.04276867602595328
，然后也,-0.04276182003076025,0.04276182003076025
然后也,-0.04276182003076025,0.04276182003076025
，其实,0.04276043630593217,0.04276043630593217
讲道理,0.04275220656921271,0.04275220656921271
道理,0.04275220656921271,0.04275220656921271
讲道,0.04275220656921271,0.04275220656921271
是我的,-0.04273085347689848,0.04273085347689848
生的一,-0.04272046181684013,0.04272046181684013
问题的时,-0.042720168730071686,0.042720168730071686
问题的时候,-0.042720168730071686,0.042720168730071686
题的时候,-0.042720168730071686,0.042720168730071686
题的时,-0.042720168730071686,0.042720168730071686
难的,-0.04271599577053365,0.04271599577053365
追剧,-0.04268930326657952,0.04268930326657952
而我,-0.04256212377940619,0.04256212377940619
忙碌,-0.04255465773462484,0.04255465773462484
方，,-0.04255465773462484,0.04255465773462484
在，,-0.04245608704886388,0.04245608704886388
就是我,0.042439928058527344,0.042439928058527344
，每当,-0.04241773105855912,0.04241773105855912
当我,-0.04241773105855912,0.04241773105855912
每当我,-0.04241773105855912,0.04241773105855912
考前,-0.04238773958462833,0.04238773958462833
想干,-0.042379079139451194,0.042379079139451194
妈妈，还,-0.04236993448223051,0.04236993448223051
的妈妈，还,-0.04236993448223051,0.04236993448223051
妈，还,-0.04236993448223051,0.04236993448223051
妈妈，还有,-0.04236993448223051,0.04236993448223051
妈，还有,-0.04236993448223051,0.04236993448223051
太懂,0.04236839440387675,0.04236839440387675
不太懂,0.04236839440387675,0.04236839440387675
有意,0.042367106221683964,0.042367106221683964
"
不太喜",-0.04236298389135759,0.04236298389135759
"
不太喜欢",-0.04236298389135759,0.04236298389135759
"
不太",-0.04236298389135759,0.04236298389135759
觉得我,0.04235414563104851,0.04235414563104851
心的事就是,0.04235409113686926,0.04235409113686926
心的事就,0.04235409113686926,0.04235409113686926
开心的事就,0.04235409113686926,0.04235409113686926
的事就,0.04235409113686926,0.04235409113686926
事就是,0.04235409113686926,0.04235409113686926
的事就是,0.04235409113686926,0.04235409113686926
事就,0.04235409113686926,0.04235409113686926
怎么,0.04231549519210731,0.04231549519210731
一些方,-0.04228127501302487,0.04228127501302487
些方,-0.04228127501302487,0.04228127501302487
，只是,-0.04228127501302487,0.04228127501302487
的人和,-0.04224493343792282,0.04224493343792282
人和,-0.04224493343792282,0.04224493343792282
的小孩,-0.04223481440605506,0.04223481440605506
到，,-0.042198984036814706,0.042198984036814706
我比较喜欢,-0.042176118474252525,0.042176118474252525
我比较喜,-0.042176118474252525,0.042176118474252525
度，,-0.04217224282668701,0.04217224282668701
方法,-0.04217224282668701,0.04217224282668701
也没有,-0.04216851573274533,0.04216851573274533
是去,0.042077360428221564,0.042077360428221564
期末,-0.042007900108019754,0.042007900108019754
，我和,-0.041965584885613014,0.041965584885613014
，我和我的,-0.041965584885613014,0.041965584885613014
，我和我,-0.041965584885613014,0.041965584885613014
我和我,-0.041965584885613014,0.041965584885613014
凌晨,-0.041965584885613014,0.041965584885613014
我和我的,-0.041965584885613014,0.041965584885613014
，因为觉得,-0.041946902312894066,0.041946902312894066
，因为觉,-0.041946902312894066,0.041946902312894066
做好,-0.041890909859160004,0.041890909859160004
人生中,-0.041867841605243594,0.041867841605243594
生中,-0.041867841605243594,0.041867841605243594
我只,-0.04186384449441635,0.04186384449441635
自然,-0.04184741043809321,0.04184741043809321
高铁,-0.04183816188121492,0.04183816188121492
一些比较,-0.041836571406193075,0.041836571406193075
一些比,-0.041836571406193075,0.041836571406193075
积极,-0.04177400656252964,0.04177400656252964
，家庭,-0.041757015188651665,0.041757015188651665
，总是,0.04168024306432213,0.04168024306432213
，总,0.04168024306432213,0.04168024306432213
话。,0.04168024306432213,0.04168024306432213
分钟,0.04168024306432213,0.04168024306432213
别人吵,0.04167622755557766,0.04167622755557766
母亲,-0.041647553518089145,0.041647553518089145
情比,0.041631844727172226,0.041631844727172226
情比较,0.041631844727172226,0.041631844727172226
复习,0.04160983955285492,0.04160983955285492
应该是我,-0.041590907230538786,0.041590907230538786
该是我的,-0.041590907230538786,0.041590907230538786
应该是我的,-0.041590907230538786,0.041590907230538786
该是我,-0.041590907230538786,0.041590907230538786
个同,0.04157528749311207,0.04157528749311207
有一点点,0.04157528749311207,0.04157528749311207
点点,0.04157528749311207,0.04157528749311207
个同学,0.04157528749311207,0.04157528749311207
一点点,0.04157528749311207,0.04157528749311207
完成,-0.04152272026577435,0.04152272026577435
吵吧,-0.04151992813231739,0.04151992813231739
他们一起,-0.04151992813231739,0.04151992813231739
们一起玩,-0.04151992813231739,0.04151992813231739
他们一起玩,-0.04151992813231739,0.04151992813231739
争吵吧,-0.04151992813231739,0.04151992813231739
争吵吧，,-0.04151992813231739,0.04151992813231739
吵吧，,-0.04151992813231739,0.04151992813231739
好了,0.04149331353452453,0.04149331353452453
到开心的时,-0.04144887191110989,0.04144887191110989
休息,0.04144654621350811,0.04144654621350811
爱，,-0.04137561980825635,0.04137561980825635
可爱，,-0.04137561980825635,0.04137561980825635
而且我,0.041374197090679306,0.041374197090679306
了很,-0.041374170796489175,0.041374170796489175
，在我,-0.041374170796489175,0.041374170796489175
不算,-0.04134644026846461,0.04134644026846461
后来,-0.0412909520674715,0.0412909520674715
一个，,-0.04127480715677585,0.04127480715677585
感兴,-0.04126513861015131,0.04126513861015131
较感兴,-0.04126513861015131,0.04126513861015131
较感兴趣,-0.04126513861015131,0.04126513861015131
就对,-0.04126513861015131,0.04126513861015131
较感,-0.04126513861015131,0.04126513861015131
比较感兴,-0.04126513861015131,0.04126513861015131
感兴趣,-0.04126513861015131,0.04126513861015131
比较感,-0.04126513861015131,0.04126513861015131
比较感兴趣,-0.04126513861015131,0.04126513861015131
生气，和他,-0.04124691982550771,0.04124691982550771
气，和他,-0.04124691982550771,0.04124691982550771
生气，和,-0.04124691982550771,0.04124691982550771
气，和,-0.04124691982550771,0.04124691982550771
处的,-0.04124591993119563,0.04124591993119563
处的时候,-0.04124591993119563,0.04124591993119563
处的时,-0.04124591993119563,0.04124591993119563
了吧,-0.04124398380006135,0.04124398380006135
也很,-0.04120598649859635,0.04120598649859635
就是一个,-0.041181674657464466,0.041181674657464466
职业,-0.04117706017873914,0.04117706017873914
就是想,-0.04116092222197597,0.04116092222197597
想从,-0.04116092222197597,0.04116092222197597
想从事,-0.04116092222197597,0.04116092222197597
确实,-0.04116001170274815,0.04116001170274815
较可爱，,-0.041133447572769474,0.041133447572769474
较可爱,-0.041133447572769474,0.041133447572769474
较可,-0.041133447572769474,0.041133447572769474
比较可爱，,-0.041133447572769474,0.041133447572769474
比较可爱,-0.041133447572769474,0.041133447572769474
比较可,-0.041133447572769474,0.041133447572769474
得漂,-0.04111266243759814,0.04111266243759814
得漂亮,-0.04111266243759814,0.04111266243759814
都觉得,-0.04109780294839533,0.04109780294839533
都觉,-0.04109780294839533,0.04109780294839533
，额，就是,-0.041054975654536224,0.041054975654536224
额，就是,-0.041054975654536224,0.041054975654536224
。但是,-0.041051979237423555,0.041051979237423555
并不,0.0410155492622693,0.0410155492622693
了一段,-0.04097041227024868,0.04097041227024868
了一段时间,-0.04097041227024868,0.04097041227024868
了一段时,-0.04097041227024868,0.04097041227024868
己也想,-0.0409617409546755,0.0409617409546755
也想,-0.0409617409546755,0.0409617409546755
自己也想,-0.0409617409546755,0.0409617409546755
对我的,-0.04092891717309579,0.04092891717309579
对朋友,-0.04090641847407093,0.04090641847407093
对朋,-0.04090641847407093,0.04090641847407093
有趣的,0.040885630381640434,0.040885630381640434
有趣,0.040885630381640434,0.040885630381640434
跟我们一起,0.04088386894571377,0.04088386894571377
跟我们一,0.04088386894571377,0.04088386894571377
我们一起,0.04088386894571377,0.04088386894571377
跟我们,0.04088386894571377,0.04088386894571377
失眠的,-0.04088299793902753,0.04088299793902753
眠的,-0.04088299793902753,0.04088299793902753
我喜欢小,0.04084459731559822,0.04084459731559822
我喜欢小孩,0.04084459731559822,0.04084459731559822
别后悔,-0.04080701182677167,0.04080701182677167
别后悔的事,-0.04080701182677167,0.04080701182677167
特别后悔的,-0.04080701182677167,0.04080701182677167
特别后,-0.04080701182677167,0.04080701182677167
特别后悔,-0.04080701182677167,0.04080701182677167
别后,-0.04080701182677167,0.04080701182677167
别后悔的,-0.04080701182677167,0.04080701182677167
正面的,-0.0407867796368892,0.0407867796368892
，往,-0.040778196177491795,0.040778196177491795
，往往,-0.040778196177491795,0.040778196177491795
过一,-0.04075770108858206,0.04075770108858206
味，然后,-0.04071731361950664,0.04071731361950664
味，然,-0.04071731361950664,0.04071731361950664
味，,-0.04071731361950664,0.04071731361950664
因为在,-0.04071195229443285,0.04071195229443285
为在,-0.04071195229443285,0.04071195229443285
大一,-0.040697054202001356,0.040697054202001356
上周,0.04066560416825128,0.04066560416825128
太过,-0.04066435911370856,0.04066435911370856
够给,-0.04063303575247097,0.04063303575247097
能够给,-0.04063303575247097,0.04063303575247097
很天,-0.0406317436885123,0.0406317436885123
很天真,-0.0406317436885123,0.0406317436885123
稳定,-0.04062153988289781,0.04062153988289781
心的时候就,-0.04062153988289781,0.04062153988289781
想学,0.040605985399994486,0.040605985399994486
开一家,-0.04059669417736891,0.04059669417736891
开一,-0.04059669417736891,0.04059669417736891
一家,-0.04059669417736891,0.04059669417736891
是高,-0.040551188080840884,0.040551188080840884
就是高,-0.040551188080840884,0.040551188080840884
性的,0.04054875940124316,0.04054875940124316
身体,-0.04053205394794835,0.04053205394794835
我做,-0.040523769069170046,0.040523769069170046
把，,0.04047596718381948,0.04047596718381948
把我,-0.040449790597994605,0.040449790597994605
因为很,-0.0403694946368066,0.0403694946368066
为很,-0.0403694946368066,0.0403694946368066
没有考上,-0.04031449654099062,0.04031449654099062
放，,-0.04031449654099062,0.04031449654099062
考上,-0.04031449654099062,0.04031449654099062
没有考,-0.04031449654099062,0.04031449654099062
有考上,-0.04031449654099062,0.04031449654099062
有考,-0.04031449654099062,0.04031449654099062
就是打,-0.04030941498816742,0.04030941498816742
别人争,-0.04025494113935217,0.04025494113935217
天吧。,0.0402334625190676,0.0402334625190676
烦，,0.0402334625190676,0.0402334625190676
就有,0.0402334625190676,0.0402334625190676
天吧,0.0402334625190676,0.0402334625190676
或者是看,-0.04017085216836919,0.04017085216836919
者是看,-0.04017085216836919,0.04017085216836919
"。
我觉得",-0.04016533738245751,0.04016533738245751
"
我觉得",-0.04016533738245751,0.04016533738245751
"
我觉",-0.04016533738245751,0.04016533738245751
"。
我觉",-0.04016533738245751,0.04016533738245751
候喜,0.040119387390729004,0.040119387390729004
时候喜,0.040119387390729004,0.040119387390729004
的时候喜欢,0.040119387390729004,0.040119387390729004
的时候喜,0.040119387390729004,0.040119387390729004
时候喜欢,0.040119387390729004,0.040119387390729004
候喜欢,0.040119387390729004,0.040119387390729004
比较有,0.040107875690640546,0.040107875690640546
较有,0.040107875690640546,0.040107875690640546
"这样
",0.04009837557183839,0.04009837557183839
"样
我",0.04009837557183839,0.04009837557183839
"这样
我",0.04009837557183839,0.04009837557183839
"样
",0.04009837557183839,0.04009837557183839
，有一,-0.040073903450858754,0.040073903450858754
"。
最",-0.04006446053942936,0.04006446053942936
"。
最近",-0.04006446053942936,0.04006446053942936
的家庭,-0.04003950090084563,0.04003950090084563
上一次跟,-0.040033030871918805,0.040033030871918805
会有一种,-0.040033030871918805,0.040033030871918805
次跟,-0.040033030871918805,0.040033030871918805
是跟我,-0.040033030871918805,0.040033030871918805
上一次跟别,-0.040033030871918805,0.040033030871918805
次跟别人,-0.040033030871918805,0.040033030871918805
次跟别,-0.040033030871918805,0.040033030871918805
一次跟,-0.040033030871918805,0.040033030871918805
一次跟别,-0.040033030871918805,0.040033030871918805
一次跟别人,-0.040033030871918805,0.040033030871918805
是很可爱，,0.040018487046869014,0.040018487046869014
是很可,0.040018487046869014,0.040018487046869014
是很可爱,0.040018487046869014,0.040018487046869014
觉特别,-0.04000436626173924,0.04000436626173924
觉特,-0.04000436626173924,0.04000436626173924
，怎么,-0.04000115673031089,0.04000115673031089
上打,-0.03996940100709053,0.03996940100709053
觉非,0.03995781779727513,0.03995781779727513
难受,0.03995781779727513,0.03995781779727513
感觉非常,0.03995781779727513,0.03995781779727513
觉非常,0.03995781779727513,0.03995781779727513
感觉非,0.03995781779727513,0.03995781779727513
从小就,-0.03993208163305279,0.03993208163305279
小就,-0.03993208163305279,0.03993208163305279
他，就,-0.039921807826366236,0.039921807826366236
打篮,-0.039921807826366236,0.039921807826366236
打篮球,-0.039921807826366236,0.039921807826366236
善良,-0.0398907599112125,0.0398907599112125
，这两,-0.039878988595555484,0.039878988595555484
这两,-0.039878988595555484,0.039878988595555484
作比,-0.03985275443115286,0.03985275443115286
作比较,-0.03985275443115286,0.03985275443115286
工作比较,-0.03985275443115286,0.03985275443115286
工作比,-0.03985275443115286,0.03985275443115286
要看,-0.03985275443115286,0.03985275443115286
中的,-0.039828621192114035,0.039828621192114035
有爸,-0.039789674530847946,0.039789674530847946
有爸爸,-0.039789674530847946,0.039789674530847946
，就不,-0.03971765330977343,0.03971765330977343
会有一些,-0.039706489410997095,0.039706489410997095
电影。,-0.03967047961346041,0.03967047961346041
影。,-0.03967047961346041,0.03967047961346041
"
喜欢",-0.03964563159383211,0.03964563159383211
"
喜",-0.03964563159383211,0.03964563159383211
语文,-0.03960472618721591,0.03960472618721591
时候吧，,-0.03954508091936049,0.03954508091936049
，因为就,-0.03954508091936049,0.03954508091936049
时候吧，因,-0.03954508091936049,0.03954508091936049
候吧，因为,-0.03954508091936049,0.03954508091936049
候吧，因,-0.03954508091936049,0.03954508091936049
为就,-0.03954508091936049,0.03954508091936049
因为就,-0.03954508091936049,0.03954508091936049
时候吧,-0.03954508091936049,0.03954508091936049
的时候吧，,-0.03954508091936049,0.03954508091936049
的时候吧,-0.03954508091936049,0.03954508091936049
学学习的专,-0.03953441761974059,0.03953441761974059
大学学习,-0.03953441761974059,0.03953441761974059
大学学,-0.03953441761974059,0.03953441761974059
大学学习的,-0.03953441761974059,0.03953441761974059
学学习的,-0.03953441761974059,0.03953441761974059
学习的专,-0.03953441761974059,0.03953441761974059
习的专业是,-0.03953441761974059,0.03953441761974059
学习的专业,-0.03953441761974059,0.03953441761974059
学学,-0.03953441761974059,0.03953441761974059
学学习,-0.03953441761974059,0.03953441761974059
很快的,-0.03953441761974059,0.03953441761974059
习的专,-0.03953441761974059,0.03953441761974059
习的专业,-0.03953441761974059,0.03953441761974059
，过,-0.039516291809247976,0.039516291809247976
他玩,-0.03944081818080368,0.03944081818080368
前两,-0.03937932169167816,0.03937932169167816
前两天,-0.03937932169167816,0.03937932169167816
着一,-0.03930475618708386,0.03930475618708386
于是,-0.03928888080383481,0.03928888080383481
最后的,-0.03927355170539316,0.03927355170539316
不上,-0.03919267104494443,0.03919267104494443
。因为这,-0.03917357699901528,0.03917357699901528
，已,0.03917247866908443,0.03917247866908443
，已经,0.03917247866908443,0.03917247866908443
音乐,0.03916603297465867,0.03916603297465867
，也不,-0.03911993395345146,0.03911993395345146
是因为一,0.03904203078091424,0.03904203078091424
看的,-0.039033623382561146,0.039033623382561146
有一些小,-0.039033623382561146,0.039033623382561146
感觉,0.03901452364213227,0.03901452364213227
，嗯,-0.03901070124618728,0.03901070124618728
我是,-0.03896187318290112,0.03896187318290112
较好的,-0.03894777959556903,0.03894777959556903
比较好的,-0.03894777959556903,0.03894777959556903
，后,-0.03894460093416939,0.03894460093416939
不喜欢，,0.0389385908380075,0.0389385908380075
到开,-0.03889805550893336,0.03889805550893336
到开心,-0.03889805550893336,0.03889805550893336
感到开心,-0.03889805550893336,0.03889805550893336
感到开,-0.03889805550893336,0.03889805550893336
知道,-0.03886606971519564,0.03886606971519564
吵过,0.03884990197788849,0.03884990197788849
争吵过,0.03884990197788849,0.03884990197788849
就很多,-0.03881504693179499,0.03881504693179499
车票,-0.03881504693179499,0.03881504693179499
十多,-0.03881504693179499,0.03881504693179499
，就很多,-0.03881504693179499,0.03881504693179499
正常,0.038723043767788345,0.038723043767788345
软件,0.03868213599793678,0.03868213599793678
一，,-0.03865445054751214,0.03865445054751214
第一，,-0.03865445054751214,0.03865445054751214
去看,-0.038643813712642326,0.038643813712642326
，看电,-0.03862258555941267,0.03862258555941267
，看电影,-0.03862258555941267,0.03862258555941267
一点,-0.03856587636062881,0.03856587636062881
己不是一,-0.03850940078626847,0.03850940078626847
己不是,-0.03850940078626847,0.03850940078626847
自己不是一,-0.03850940078626847,0.03850940078626847
自己不是,-0.03850940078626847,0.03850940078626847
直在,-0.038506237287721186,0.038506237287721186
一直在,-0.038506237287721186,0.038506237287721186
好，就,0.038485934265659646,0.038485934265659646
是有一点,-0.03842634732481979,0.03842634732481979
，要,-0.03839292412675594,0.03839292412675594
悔，,-0.038359101972437644,0.038359101972437644
后悔，,-0.038359101972437644,0.038359101972437644
宿舍里,-0.03833338733045277,0.03833338733045277
舍里,-0.03833338733045277,0.03833338733045277
在宿舍里,-0.03833338733045277,0.03833338733045277
们太,0.03832183214327426,0.03832183214327426
他们太闹腾,0.03832183214327426,0.03832183214327426
们太闹腾,0.03832183214327426,0.03832183214327426
"争吵。
",0.03832183214327426,0.03832183214327426
得他们太闹,0.03832183214327426,0.03832183214327426
他们太,0.03832183214327426,0.03832183214327426
觉得他们太,0.03832183214327426,0.03832183214327426
绪，,0.03832183214327426,0.03832183214327426
得他们太,0.03832183214327426,0.03832183214327426
的情绪，,0.03832183214327426,0.03832183214327426
们太闹,0.03832183214327426,0.03832183214327426
情绪，,0.03832183214327426,0.03832183214327426
他们太闹,0.03832183214327426,0.03832183214327426
获得,0.03830061549570967,0.03830061549570967
分享,-0.03829906492186888,0.03829906492186888
的气,-0.03828641136120184,0.03828641136120184
是如,-0.0382778437771518,0.0382778437771518
是如果,-0.0382778437771518,0.0382778437771518
。比如说,-0.038277550211288223,0.038277550211288223
。比如,-0.038277550211288223,0.038277550211288223
。比,-0.038277550211288223,0.038277550211288223
子的,-0.03827700105693721,0.03827700105693721
我印,-0.03827213909164509,0.03827213909164509
我印象,-0.03827213909164509,0.03827213909164509
，刚,-0.03826698705994408,0.03826698705994408
，我觉得我,0.03821995309754829,0.03821995309754829
但是我觉得,0.03821995309754829,0.03821995309754829
觉得我这,0.03821995309754829,0.03821995309754829
，但是我觉,0.03821995309754829,0.03821995309754829
我觉得我这,0.03821995309754829,0.03821995309754829
得我这,0.03821995309754829,0.03821995309754829
但是我觉,0.03821995309754829,0.03821995309754829
时间，,-0.03818894918952071,0.03818894918952071
，嗯，就,-0.03811166020434478,0.03811166020434478
但就是很,-0.03807182278323616,0.03807182278323616
基本上,-0.03797615179315302,0.03797615179315302
基本,-0.03797615179315302,0.03797615179315302
本上,-0.03797615179315302,0.03797615179315302
就感觉,0.03797554161730347,0.03797554161730347
高中,-0.03795147835198572,0.03795147835198572
的不是很好,-0.03791032549888413,0.03791032549888413
的不是,-0.03791032549888413,0.03791032549888413
的一次是,-0.03791032549888413,0.03791032549888413
的不是很,-0.03791032549888413,0.03791032549888413
近的一次是,-0.03791032549888413,0.03791032549888413
还会,-0.03790689409596529,0.03790689409596529
是从,-0.03790689409596529,0.03790689409596529
我不经,-0.03789021404548726,0.03789021404548726
我不经常失,-0.03789021404548726,0.03789021404548726
我不经常,-0.03789021404548726,0.03789021404548726
为自己,-0.03787629606170417,0.03787629606170417
为自,-0.03787629606170417,0.03787629606170417
有什么特别,-0.03786754070193027,0.03786754070193027
什么特别,-0.03786754070193027,0.03786754070193027
么特别,-0.03786754070193027,0.03786754070193027
什么特,-0.03786754070193027,0.03786754070193027
么特,-0.03786754070193027,0.03786754070193027
没有什么特,-0.03786754070193027,0.03786754070193027
有什么特,-0.03786754070193027,0.03786754070193027
愤怒,0.037865846313346975,0.037865846313346975
感觉这,-0.037841738866779176,0.037841738866779176
我感觉这,-0.037841738866779176,0.037841738866779176
觉这,-0.037841738866779176,0.037841738866779176
定，,-0.037841738866779176,0.037841738866779176
让人,0.03783186267642928,0.03783186267642928
最喜欢去,-0.03781648168443025,0.03781648168443025
，我,0.03779579396034701,0.03779579396034701
。他,-0.037794463490958066,0.037794463490958066
序员,-0.03777248116959144,0.03777248116959144
学的专业,-0.03777248116959144,0.03777248116959144
学的专,-0.03777248116959144,0.03777248116959144
程序员,-0.03777248116959144,0.03777248116959144
说，嗯,-0.03774163532105462,0.03774163532105462
说，嗯，,-0.03774163532105462,0.03774163532105462
亲戚,-0.03772722117949294,0.03772722117949294
附近,-0.03772485355501026,0.03772485355501026
的朋,0.037718708836303495,0.037718708836303495
的朋友,0.037718708836303495,0.037718708836303495
重要,0.03771182175707302,0.03771182175707302
半年,-0.03770714298878857,0.03770714298878857
孩的,0.03769131752695514,0.03769131752695514
养小,0.03769131752695514,0.03769131752695514
养小孩,0.03769131752695514,0.03769131752695514
小孩的,0.03769131752695514,0.03769131752695514
还是不,0.03769131752695514,0.03769131752695514
世界,0.03768771609684275,0.03768771609684275
就会很,-0.03767372825249674,0.03767372825249674
，那个,-0.03762673163968681,0.03762673163968681
就可以,-0.03762349260730586,0.03762349260730586
上一,0.03762137263814398,0.03762137263814398
希望有,0.03757928085593195,0.03757928085593195
望有,0.03757928085593195,0.03757928085593195
望有一,0.03757928085593195,0.03757928085593195
希望有一,0.03757928085593195,0.03757928085593195
能够,0.03753550638649027,0.03753550638649027
其他,-0.03753537250583135,0.03753537250583135
一走,-0.037532637462253375,0.037532637462253375
走一走,-0.037532637462253375,0.037532637462253375
走一,-0.037532637462253375,0.037532637462253375
以感,-0.03752073347227434,0.03752073347227434
个时候,-0.03751594882522166,0.03751594882522166
个时,-0.03751594882522166,0.03751594882522166
作的,-0.0374733658717149,0.0374733658717149
工作的,-0.0374733658717149,0.0374733658717149
是，,0.03743907959462268,0.03743907959462268
欢的东西,-0.037435236463602556,0.037435236463602556
欢的东,-0.037435236463602556,0.037435236463602556
喜欢的东,-0.037435236463602556,0.037435236463602556
喜欢的东西,-0.037435236463602556,0.037435236463602556
欢的东西。,-0.037435236463602556,0.037435236463602556
是失眠的,-0.037340176931263735,0.037340176931263735
是失眠的时,-0.037340176931263735,0.037340176931263735
是失眠,-0.037340176931263735,0.037340176931263735
感觉就是,0.03732793329664167,0.03732793329664167
觉就是,0.03732793329664167,0.03732793329664167
觉就,0.03732793329664167,0.03732793329664167
感觉就,0.03732793329664167,0.03732793329664167
我最好的朋,-0.03729666442690323,0.03729666442690323
常会,-0.03729666442690323,0.03729666442690323
大家,-0.037296361673615476,0.037296361673615476
在一,-0.0372942103426245,0.0372942103426245
高三,0.037265240523279994,0.037265240523279994
想太,-0.03724869315965684,0.03724869315965684
，压力,-0.03724869315965684,0.03724869315965684
，压,-0.03724869315965684,0.03724869315965684
是，就,0.037226731243091365,0.037226731243091365
是，就是,0.037226731243091365,0.037226731243091365
来越,0.03717155202477516,0.03717155202477516
越来越,0.03717155202477516,0.03717155202477516
越来,0.03717155202477516,0.03717155202477516
"情
",0.03715419413478157,0.03715419413478157
"事情
",0.03715419413478157,0.03715419413478157
"的事情
",0.03715419413478157,0.03715419413478157
一件一件的,-0.03714243889174021,0.03714243889174021
件的,-0.03714243889174021,0.03714243889174021
一件一,-0.03714243889174021,0.03714243889174021
一件一件,-0.03714243889174021,0.03714243889174021
件一件的,-0.03714243889174021,0.03714243889174021
件一件,-0.03714243889174021,0.03714243889174021
件一,-0.03714243889174021,0.03714243889174021
一件的,-0.03714243889174021,0.03714243889174021
聊到,0.03709910483584001,0.03709910483584001
，我不,0.03709910483584001,0.03709910483584001
。虽然他,0.03709910483584001,0.03709910483584001
不用想,-0.03709781662432494,0.03709781662432494
用想,-0.03709781662432494,0.03709781662432494
得到,-0.03708842923394663,0.03708842923394663
一把,-0.03700618849490496,0.03700618849490496
额，在,-0.036963403697951085,0.036963403697951085
讨厌的人,0.03696019900381814,0.03696019900381814
厌的人,0.03696019900381814,0.03696019900381814
表达自,-0.036947027092503616,0.036947027092503616
表达自己,-0.036947027092503616,0.036947027092503616
达自,-0.036947027092503616,0.036947027092503616
达自己,-0.036947027092503616,0.036947027092503616
可能会,0.03693609779311312,0.03693609779311312
能会,0.03693609779311312,0.03693609779311312
都很,-0.03693341580538106,0.03693341580538106
这么,0.036919985074411736,0.036919985074411736
我们,0.036896905236578396,0.036896905236578396
吸引,0.036849253895189366,0.036849253895189366
到的,-0.03682346002703683,0.03682346002703683
，每当我,-0.03681976972018749,0.03681976972018749
造一,-0.036711730229911546,0.036711730229911546
以我当,-0.03666835247652843,0.03666835247652843
所以我当,-0.03666835247652843,0.03666835247652843
，所以我当,-0.03666835247652843,0.03666835247652843
以我当时,-0.03666835247652843,0.03666835247652843
所以我当时,-0.03666835247652843,0.03666835247652843
薪资,-0.03665975836316508,0.03665975836316508
，还是,-0.03664442003905543,0.03664442003905543
的，并,-0.03663986677447255,0.03663986677447255
一样,0.03660836663858878,0.03660836663858878
然的,0.03660836663858878,0.03660836663858878
不一,0.03660836663858878,0.03660836663858878
不一样,0.03660836663858878,0.03660836663858878
值观,0.03660836663858878,0.03660836663858878
价值观,0.03660836663858878,0.03660836663858878
些有,-0.03658908038465237,0.03658908038465237
一些有,-0.03658908038465237,0.03658908038465237
之间,0.036582376443372616,0.036582376443372616
程度,0.036574282825697337,0.036574282825697337
的程度,0.036574282825697337,0.036574282825697337
是可以,0.0365626538831022,0.0365626538831022
人争吵,-0.03654829703382502,0.03654829703382502
嗯，,-0.03653368254406048,0.03653368254406048
是我的父母,-0.036528512894217935,0.036528512894217935
是我的父,-0.036528512894217935,0.036528512894217935
已经,0.03651828408734357,0.03651828408734357
学校,0.03651825432917243,0.03651825432917243
然后，嗯，,-0.0365130765560796,0.0365130765560796
然后，嗯,-0.0365130765560796,0.0365130765560796
后，嗯,-0.0365130765560796,0.0365130765560796
后，嗯，,-0.0365130765560796,0.0365130765560796
的时候会,-0.03645523382394151,0.03645523382394151
"的。
喜欢",0.03643939036980954,0.03643939036980954
"的。
喜",0.03643939036980954,0.03643939036980954
让自己,0.03643939036980954,0.03643939036980954
让自,0.03643939036980954,0.03643939036980954
些事情,-0.036436155655960034,0.036436155655960034
的一些事情,-0.036436155655960034,0.036436155655960034
一些事情,-0.036436155655960034,0.036436155655960034
的一些事,-0.036436155655960034,0.036436155655960034
工，,-0.0364236277831058,0.0364236277831058
是因,-0.03640429170467439,0.03640429170467439
是因为,-0.03640429170467439,0.03640429170467439
还是希望,-0.036380842986151934,0.036380842986151934
是希,-0.036380842986151934,0.036380842986151934
还是希,-0.036380842986151934,0.036380842986151934
是希望,-0.036380842986151934,0.036380842986151934
，当,-0.03637402171201995,0.03637402171201995
"。
在",0.036362827939513745,0.036362827939513745
了，很,0.036362827939513745,0.036362827939513745
生活中,-0.0363307639988079,0.0363307639988079
活中,-0.0363307639988079,0.0363307639988079
致，,-0.03632899260243992,0.03632899260243992
导致，,-0.03632899260243992,0.03632899260243992
"活。
",0.0362731745178797,0.0362731745178797
活。,0.0362731745178797,0.0362731745178797
小的争吵。,0.03623523585321673,0.03623523585321673
点小的争,0.03623523585321673,0.03623523585321673
小的争吵,0.03623523585321673,0.03623523585321673
点小,0.03623523585321673,0.03623523585321673
点小的,0.03623523585321673,0.03623523585321673
的争吵。,0.03623523585321673,0.03623523585321673
点小的争吵,0.03623523585321673,0.03623523585321673
空间,-0.03623141169034892,0.03623141169034892
"地方
",-0.03623141169034892,0.03623141169034892
"的地方
",-0.03623141169034892,0.03623141169034892
"方
",-0.03623141169034892,0.03623141169034892
在做,-0.036179617730392494,0.036179617730392494
认真,-0.03617516750611435,0.03617516750611435
整个人,-0.03614572952020026,0.03614572952020026
然后整个人,-0.03614572952020026,0.03614572952020026
，然后整,-0.03614572952020026,0.03614572952020026
然后整个,-0.03614572952020026,0.03614572952020026
后整个人,-0.03614572952020026,0.03614572952020026
后整个,-0.03614572952020026,0.03614572952020026
然后整,-0.03614572952020026,0.03614572952020026
后整,-0.03614572952020026,0.03614572952020026
，然后整个,-0.03614572952020026,0.03614572952020026
是看,0.03611897071211955,0.03611897071211955
然后就,0.03610145523214435,0.03610145523214435
，然后就,0.03610145523214435,0.03610145523214435
相对,-0.03606399718896946,0.03606399718896946
我也会,-0.03604604253677998,0.03604604253677998
也可以,-0.03604604253677998,0.03604604253677998
我睡,-0.03604604253677998,0.03604604253677998
也可,-0.03604604253677998,0.03604604253677998
到他,-0.03602783146056779,0.03602783146056779
看到他,-0.03602783146056779,0.03602783146056779
最喜欢看,-0.03599209644367578,0.03599209644367578
作。,-0.03597481061323451,0.03597481061323451
工作。,-0.03597481061323451,0.03597481061323451
后就是想,-0.03597481061323451,0.03597481061323451
的工作。,-0.03597481061323451,0.03597481061323451
一个好,-0.03594853874782423,0.03594853874782423
个好,-0.03594853874782423,0.03594853874782423
孩子。,0.03593036704231765,0.03593036704231765
小孩子。,0.03593036704231765,0.03593036704231765
的想,-0.035923581160515375,0.035923581160515375
前的一,-0.03590686818561237,0.03590686818561237
是排,-0.03586184752173188,0.03586184752173188
他，,-0.03584981320001156,0.03584981320001156
我最近,-0.035832426334953,0.035832426334953
样比,-0.03581638110412325,0.03581638110412325
样比较,-0.03581638110412325,0.03581638110412325
让你,0.03571767474530293,0.03571767474530293
因为，嗯，,0.03569821112666231,0.03569821112666231
因为，嗯,0.03569821112666231,0.03569821112666231
为，嗯,0.03569821112666231,0.03569821112666231
为，嗯，,0.03569821112666231,0.03569821112666231
了，然后，,-0.035658044262965226,0.035658044262965226
感，,0.03555735227975731,0.03555735227975731
天都,-0.03554290884001296,0.03554290884001296
一天都,-0.03554290884001296,0.03554290884001296
的意,-0.035488860403006604,0.035488860403006604
不满,-0.035488860403006604,0.035488860403006604
，嗯，不,-0.03545214637734193,0.03545214637734193
。嗯，因,0.035450723055815404,0.035450723055815404
嗯，因,0.035450723055815404,0.035450723055815404
。嗯，因为,0.035450723055815404,0.035450723055815404
嗯，因为,0.035450723055815404,0.035450723055815404
欢，因,-0.035429382930490555,0.035429382930490555
喜欢，因,-0.035429382930490555,0.035429382930490555
欢，因为,-0.035429382930490555,0.035429382930490555
喜欢，因为,-0.035429382930490555,0.035429382930490555
很头,-0.035394517622749325,0.035394517622749325
头疼。,-0.035394517622749325,0.035394517622749325
很头疼,-0.035394517622749325,0.035394517622749325
疼。,-0.035394517622749325,0.035394517622749325
都可以,-0.035394517622749325,0.035394517622749325
都可,-0.035394517622749325,0.035394517622749325
一次，,0.035366618898431776,0.035366618898431776
因为当,-0.0353352954994299,0.0353352954994299
为当时,-0.0353352954994299,0.0353352954994299
为当,-0.0353352954994299,0.0353352954994299
因为当时,-0.0353352954994299,0.0353352954994299
是没有，,-0.03530121168653846,0.03530121168653846
段时,-0.03529995965634384,0.03529995965634384
一段,-0.03529995965634384,0.03529995965634384
段时间,-0.03529995965634384,0.03529995965634384
通知,-0.03529247626861915,0.03529247626861915
"。
一",-0.03528774553353011,0.03528774553353011
的事，,-0.03528455990449901,0.03528455990449901
"定
",-0.03525839245572771,0.03525839245572771
件事,-0.03525839245572771,0.03525839245572771
这件,-0.03525839245572771,0.03525839245572771
这件事,-0.03525839245572771,0.03525839245572771
，人,0.03525265296847058,0.03525265296847058
有最,0.0352452211926367,0.0352452211926367
去讲,0.03524122584859882,0.03524122584859882
人应,-0.035233069615137266,0.035233069615137266
人应该,-0.035233069615137266,0.035233069615137266
的人应该,-0.035233069615137266,0.035233069615137266
的人应该是,-0.035233069615137266,0.035233069615137266
人应该是我,-0.035233069615137266,0.035233069615137266
人应该是,-0.035233069615137266,0.035233069615137266
影响的人应,-0.035233069615137266,0.035233069615137266
的人应,-0.035233069615137266,0.035233069615137266
响的人应,-0.035233069615137266,0.035233069615137266
响的人应该,-0.035233069615137266,0.035233069615137266
我这,0.03523081632979816,0.03523081632979816
容易,0.035172944069344216,0.035172944069344216
尤其,-0.03516573314159416,0.03516573314159416
为觉得小孩,-0.03514276992543222,0.03514276992543222
因为觉得小,-0.03514276992543222,0.03514276992543222
为觉得小,-0.03514276992543222,0.03514276992543222
不如,-0.035131140982837095,0.035131140982837095
的就是，,-0.03509094749880072,0.03509094749880072
有趣的事情,-0.03506514566364963,0.03506514566364963
趣的事情，,-0.03506514566364963,0.03506514566364963
趣的事,-0.03506514566364963,0.03506514566364963
趣的事情,-0.03506514566364963,0.03506514566364963
少一,-0.03506514566364963,0.03506514566364963
可以了,-0.03506514566364963,0.03506514566364963
有趣的事,-0.03506514566364963,0.03506514566364963
少一点,-0.03506514566364963,0.03506514566364963
看一,-0.03506514566364963,0.03506514566364963
以了,-0.03506514566364963,0.03506514566364963
，他是,-0.03505722370505406,0.03505722370505406
有关的工作,-0.0349958879664619,0.0349958879664619
关的工作，,-0.0349958879664619,0.0349958879664619
有关的工,-0.0349958879664619,0.0349958879664619
关的工,-0.0349958879664619,0.0349958879664619
关的工作,-0.0349958879664619,0.0349958879664619
周，,-0.034953126202350346,0.034953126202350346
的比,-0.034948294785737605,0.034948294785737605
解一,-0.03490547555492686,0.03490547555492686
，用,-0.03490547555492686,0.03490547555492686
，然后有,-0.03488452018137838,0.03488452018137838
就是最,-0.03488452018137838,0.03488452018137838
是我，,0.03487687238329574,0.03487687238329574
个是我,0.03487687238329574,0.03487687238329574
题的方式,0.03487687238329574,0.03487687238329574
问题的方,0.03487687238329574,0.03487687238329574
问题的方式,0.03487687238329574,0.03487687238329574
题的方,0.03487687238329574,0.03487687238329574
挺喜,-0.034664283460980556,0.034664283460980556
挺喜欢,-0.034664283460980556,0.034664283460980556
"。
我",0.03461793423677495,0.03461793423677495
时候很,-0.034600675959201514,0.034600675959201514
候很,-0.034600675959201514,0.034600675959201514
相当,-0.03459609975587282,0.03459609975587282
买了,-0.03459057494389194,0.03459057494389194
一门,-0.03457381120851384,0.03457381120851384
的经历，,-0.0345397273956224,0.0345397273956224
较喜欢小,-0.03453186099553122,0.03453186099553122
比较喜欢小,-0.03453186099553122,0.03453186099553122
较喜欢小孩,-0.03453186099553122,0.03453186099553122
比较希望,-0.03453120056304854,0.03453120056304854
较希望,-0.03453120056304854,0.03453120056304854
。因为，,-0.03453120056304854,0.03453120056304854
比较希,-0.03453120056304854,0.03453120056304854
较希,-0.03453120056304854,0.03453120056304854
他没,0.034525131667996346,0.034525131667996346
个人在,-0.03447413802498028,0.03447413802498028
眠，,-0.034467497407401855,0.034467497407401855
，和,-0.03446082439867904,0.03446082439867904
吵醒,-0.034447922230828834,0.034447922230828834
帮助。,0.03440293659573341,0.03440293659573341
助。,0.03440293659573341,0.03440293659573341
的这个,0.03433412163206311,0.03433412163206311
的这,0.03433412163206311,0.03433412163206311
太大,0.03433412163206311,0.03433412163206311
去思,0.03433412163206311,0.03433412163206311
去思考,0.03433412163206311,0.03433412163206311
问题,0.03427670150904538,0.03427670150904538
他们都,-0.03427587466578412,0.03427587466578412
们都,-0.03427587466578412,0.03427587466578412
多了，,-0.0342182607981721,0.0342182607981721
直接,-0.0342182607981721,0.0342182607981721
我非,-0.034209228478479396,0.034209228478479396
我非常,-0.034209228478479396,0.034209228478479396
能比,-0.03418681049482154,0.03418681049482154
门课,-0.03418681049482154,0.03418681049482154
在考,-0.03418681049482154,0.03418681049482154
课程,-0.03418681049482154,0.03418681049482154
能比较,-0.03418681049482154,0.03418681049482154
造成,0.03418469033626009,0.03418469033626009
喜欢听,-0.034146508787991046,0.034146508787991046
欢听,-0.034146508787991046,0.034146508787991046
城市,0.034141905539306225,0.034141905539306225
是软,0.03412925047472005,0.03412925047472005
情，然,-0.03409724216983329,0.03409724216983329
情，然后,-0.03409724216983329,0.03409724216983329
比较忙,-0.03409724216983329,0.03409724216983329
较忙,-0.03409724216983329,0.03409724216983329
也比较忙,-0.03409724216983329,0.03409724216983329
，我觉得，,-0.0340837413055257,0.0340837413055257
后，对,-0.03405806494888575,0.03405806494888575
回家的时,0.03405027740988625,0.03405027740988625
家的时候，,0.03405027740988625,0.03405027740988625
家的时,0.03405027740988625,0.03405027740988625
家的时候,0.03405027740988625,0.03405027740988625
回家的时候,0.03405027740988625,0.03405027740988625
电话,-0.03404898919837117,0.03404898919837117
我的妈,-0.0340367365452239,0.0340367365452239
中给我带,-0.0340367365452239,0.0340367365452239
活中给我带,-0.0340367365452239,0.0340367365452239
我的妈妈，,-0.0340367365452239,0.0340367365452239
活中给我,-0.0340367365452239,0.0340367365452239
活中给,-0.0340367365452239,0.0340367365452239
我的妈妈,-0.0340367365452239,0.0340367365452239
生活中给我,-0.0340367365452239,0.0340367365452239
中给我带来,-0.0340367365452239,0.0340367365452239
中给,-0.0340367365452239,0.0340367365452239
中给我,-0.0340367365452239,0.0340367365452239
生活中给,-0.0340367365452239,0.0340367365452239
事情了,-0.03401410628157929,0.03401410628157929
情了,-0.03401410628157929,0.03401410628157929
现了一个,-0.034002879439309824,0.034002879439309824
现了一,-0.034002879439309824,0.034002879439309824
"我
",0.033997100522119586,0.033997100522119586
，父母,0.03399695238456351,0.03399695238456351
"
额，我家",0.03399695238456351,0.03399695238456351
定的,-0.03395716668382325,0.03395716668382325
起来,-0.033950753344384035,0.033950753344384035
了。,0.03394014254597556,0.03394014254597556
有说,-0.03392353860128121,0.03392353860128121
时候，就,0.03391236181485389,0.03391236181485389
候，就,0.03391236181485389,0.03391236181485389
的时候，就,0.03391236181485389,0.03391236181485389
，每一,-0.03388207905338316,0.03388207905338316
一下，,-0.03386107424939013,0.03386107424939013
他还,-0.033859729575348156,0.033859729575348156
聊天,-0.0338547824587026,0.0338547824587026
生活带来,-0.03382385944823332,0.03382385944823332
方便,-0.03382385944823332,0.03382385944823332
给人们,-0.03382385944823332,0.03382385944823332
给人,-0.03382385944823332,0.03382385944823332
活带,-0.03382385944823332,0.03382385944823332
生活带,-0.03382385944823332,0.03382385944823332
活带来,-0.03382385944823332,0.03382385944823332
，也挺,-0.033788649275706226,0.033788649275706226
其他的,-0.03376944611997015,0.03376944611997015
看，,-0.033762415111303595,0.033762415111303595
别多，,-0.033726661323016285,0.033726661323016285
别多,-0.033726661323016285,0.033726661323016285
特别多,-0.033726661323016285,0.033726661323016285
特别多，,-0.033726661323016285,0.033726661323016285
，而是,0.03369779963978427,0.03369779963978427
她也,-0.0336935717426658,0.0336935717426658
较紧,-0.03368643793991277,0.03368643793991277
比较紧,-0.03368643793991277,0.03368643793991277
，当时就,0.03360233271961378,0.03360233271961378
欢小孩子。,0.03358702661193837,0.03358702661193837
在我,0.03358090198014857,0.03358090198014857
说这个,-0.03357578478768437,0.03357578478768437
个就,-0.03357578478768437,0.03357578478768437
也能,-0.033558676532318296,0.033558676532318296
说呢,-0.033530242051886754,0.033530242051886754
说呢，,-0.033530242051886754,0.033530242051886754
么说呢，,-0.033530242051886754,0.033530242051886754
怎么说呢,-0.033530242051886754,0.033530242051886754
怎么说呢，,-0.033530242051886754,0.033530242051886754
怎么说,-0.033530242051886754,0.033530242051886754
，怎么说,-0.033530242051886754,0.033530242051886754
么说,-0.033530242051886754,0.033530242051886754
，怎么说呢,-0.033530242051886754,0.033530242051886754
么说呢,-0.033530242051886754,0.033530242051886754
是比较喜,-0.033497448772877726,0.033497448772877726
是比较喜欢,-0.033497448772877726,0.033497448772877726
就会想,-0.033497448772877726,0.033497448772877726
认真的,-0.03349507833969086,0.03349507833969086
有最后悔的,-0.03348547071098614,0.03348547071098614
没有最后,-0.03348547071098614,0.03348547071098614
没有最后悔,-0.03348547071098614,0.03348547071098614
没有最,-0.03348547071098614,0.03348547071098614
有最后,-0.03348547071098614,0.03348547071098614
有最后悔,-0.03348547071098614,0.03348547071098614
，毕竟,-0.0334841566582644,0.0334841566582644
毕竟,-0.0334841566582644,0.0334841566582644
，毕,-0.0334841566582644,0.0334841566582644
吵了一,-0.03345677650725604,0.03345677650725604
是以,-0.03342635349188136,0.03342635349188136
是以一,-0.03342635349188136,0.03342635349188136
来，然,0.03336027184285134,0.03336027184285134
来，然后,0.03336027184285134,0.03336027184285134
我最讨厌的,-0.03335753852821107,0.03335753852821107
我最讨厌,-0.03335753852821107,0.03335753852821107
我最讨,-0.03335753852821107,0.03335753852821107
做一,0.033260692910280436,0.033260692910280436
没有,-0.03325278410760602,0.03325278410760602
挺喜欢的,-0.03324869920937237,0.03324869920937237
挺喜欢的，,-0.03324869920937237,0.03324869920937237
"了。
",-0.033224369396871865,0.033224369396871865
绪的话，,-0.03322312560183721,0.03322312560183721
情绪的话,-0.03322312560183721,0.03322312560183721
的情绪的话,-0.03322312560183721,0.03322312560183721
绪的话,-0.03322312560183721,0.03322312560183721
情绪的话，,-0.03322312560183721,0.03322312560183721
的情绪的,-0.03322312560183721,0.03322312560183721
话会,-0.03318838123207831,0.03318838123207831
的话会,-0.03318838123207831,0.03318838123207831
准备,0.0331316526745977,0.0331316526745977
值得,-0.0330736943060342,0.0330736943060342
令人,-0.03305185241993669,0.03305185241993669
跟别,-0.03301669769397013,0.03301669769397013
跟别人,-0.03301669769397013,0.03301669769397013
人特,-0.03295243669864759,0.03295243669864759
人特别,-0.03295243669864759,0.03295243669864759
他们。,-0.03295243669864759,0.03295243669864759
可爱,-0.032934214156221574,0.032934214156221574
正确,-0.03291426619744465,0.03291426619744465
吧，因为他,0.03288419213123444,0.03288419213123444
业的工作,-0.03283546433127745,0.03283546433127745
专业的工,-0.03283546433127745,0.03283546433127745
业的工,-0.03283546433127745,0.03283546433127745
专业的工作,-0.03283546433127745,0.03283546433127745
果不,-0.03279082136350951,0.03279082136350951
。就,0.03275381638158015,0.03275381638158015
会失,-0.03272534754055726,0.03272534754055726
会失眠,-0.03272534754055726,0.03272534754055726
很合,-0.0327238771992297,0.0327238771992297
程，,-0.03269764303482708,0.03269764303482708
，把,-0.032677754359832965,0.032677754359832965
，把我,-0.032677754359832965,0.032677754359832965
的人，,0.03265331164756982,0.03265331164756982
成，,-0.032613999424147375,0.032613999424147375
后就,0.03254481182053364,0.03254481182053364
随便,0.032541054526538334,0.032541054526538334
老师，,-0.0325370828164882,0.0325370828164882
就算,-0.032519249275345656,0.032519249275345656
，什,0.03249046977056989,0.03249046977056989
，什么,0.03249046977056989,0.03249046977056989
的家庭构,-0.03248533021553074,0.03248533021553074
我的家,-0.03248533021553074,0.03248533021553074
的家庭构成,-0.03248533021553074,0.03248533021553074
我的家庭构,-0.03248533021553074,0.03248533021553074
我的家庭,-0.03248533021553074,0.03248533021553074
"
我的家",-0.03248533021553074,0.03248533021553074
"
我的家庭",-0.03248533021553074,0.03248533021553074
为这样,0.03238754025922331,0.03238754025922331
因为这样,0.03238754025922331,0.03238754025922331
就是，,0.03238682880000393,0.03238682880000393
"
我还",-0.03237214370816242,0.03237214370816242
"。
我还",-0.03237214370816242,0.03237214370816242
子的。因为,-0.03237214370816242,0.03237214370816242
"
我还是",-0.03237214370816242,0.03237214370816242
"。
我还是",-0.03237214370816242,0.03237214370816242
子的。因,-0.03237214370816242,0.03237214370816242
孩子的。因,-0.03237214370816242,0.03237214370816242
人就是,0.03234840097510535,0.03234840097510535
还有，,-0.03234558022486375,0.03234558022486375
，还有，,-0.03234558022486375,0.03234558022486375
在比,-0.03234558022486375,0.03234558022486375
还是比,-0.032326430952675844,0.032326430952675844
我还是比较,-0.032326430952675844,0.032326430952675844
我还是比,-0.032326430952675844,0.032326430952675844
还是比较,-0.032326430952675844,0.032326430952675844
也有一,-0.032326430952675844,0.032326430952675844
孩子的,-0.03230801521694309,0.03230801521694309
生活，,-0.032235405053168784,0.032235405053168784
的生活，,-0.032235405053168784,0.032235405053168784
引导,-0.0322314981761376,0.0322314981761376
的人生,0.03221124532621519,0.03221124532621519
位同学,-0.032166590089498494,0.032166590089498494
位同,-0.032166590089498494,0.032166590089498494
不行,-0.032166590089498494,0.032166590089498494
眠的时候,-0.03214891105867792,0.03214891105867792
失眠的时,-0.03214891105867792,0.03214891105867792
眠的时,-0.03214891105867792,0.03214891105867792
失眠的时候,-0.03214891105867792,0.03214891105867792
会的,-0.032105430343711945,0.032105430343711945
要有,0.03205226977533842,0.03205226977533842
性，,0.03197577526439722,0.03197577526439722
且，,-0.031952532110644104,0.031952532110644104
继续,-0.031952532110644104,0.031952532110644104
，一直在,-0.03192899076665935,0.03192899076665935
作为,-0.03192282650095943,0.03192282650095943
挺可爱的。,0.03185303829755953,0.03185303829755953
挺可爱的,0.03185303829755953,0.03185303829755953
爱的。,0.03185303829755953,0.03185303829755953
"爱的。
",0.03185303829755953,0.03185303829755953
"可爱的。
",0.03185303829755953,0.03185303829755953
可爱的。,0.03185303829755953,0.03185303829755953
"
我最好",-0.03183569275542461,0.03183569275542461
"
我最好的",-0.03183569275542461,0.03183569275542461
没有什么,-0.03178060954635784,0.03178060954635784
没有什,-0.03178060954635784,0.03178060954635784
别人争吵,-0.031778328578599024,0.031778328578599024
的人，然,-0.031778114231327446,0.031778114231327446
的人，然后,-0.031778114231327446,0.031778114231327446
他就是,-0.031778114231327446,0.031778114231327446
引我的,-0.031767345069339654,0.031767345069339654
他比,-0.031767345069339654,0.031767345069339654
引我,-0.031767345069339654,0.031767345069339654
他比较,-0.031767345069339654,0.031767345069339654
吸引我的,-0.031767345069339654,0.031767345069339654
吸引我,-0.031767345069339654,0.031767345069339654
痛苦,-0.03175640914085602,0.03175640914085602
会在,-0.03174337460799805,0.03174337460799805
一个成,0.03172296392815316,0.03172296392815316
时都,-0.03168648610190746,0.03168648610190746
者时,-0.03168648610190746,0.03168648610190746
交往,-0.031634514235161,0.031634514235161
进入到,0.03159010397185548,0.03159010397185548
有开,0.03159010397185548,0.03159010397185548
我在大学,0.03159010397185548,0.03159010397185548
我在大,0.03159010397185548,0.03159010397185548
出一,-0.03149427000915058,0.03149427000915058
在对,-0.03149427000915058,0.03149427000915058
就导,-0.031491529076368124,0.031491529076368124
就导致,-0.031491529076368124,0.031491529076368124
趣的,0.03147278939871435,0.03147278939871435
，一直,-0.031462247783203806,0.031462247783203806
可能,0.03145283824361691,0.03145283824361691
，没有,0.0314156352884537,0.0314156352884537
挺讨厌,-0.03137348317873382,0.03137348317873382
比较讨,-0.03137348317873382,0.03137348317873382
较讨,-0.03137348317873382,0.03137348317873382
挺讨,-0.03137348317873382,0.03137348317873382
挺讨厌的,-0.03137348317873382,0.03137348317873382
事情其,-0.03134869777617417,0.03134869777617417
事情其实,-0.03134869777617417,0.03134869777617417
情其实,-0.03134869777617417,0.03134869777617417
情其,-0.03134869777617417,0.03134869777617417
都是我,0.031317159151735344,0.031317159151735344
长，,0.031317159151735344,0.031317159151735344
成长，,0.031317159151735344,0.031317159151735344
其实我觉得,-0.0313029850206876,0.0313029850206876
实我觉得,-0.0313029850206876,0.0313029850206876
实我觉,-0.0313029850206876,0.0313029850206876
一次应该,-0.0313029850206876,0.0313029850206876
次应,-0.0313029850206876,0.0313029850206876
次应该,-0.0313029850206876,0.0313029850206876
一次应,-0.0313029850206876,0.0313029850206876
其实我觉,-0.0313029850206876,0.0313029850206876
样一个,0.0312524389698664,0.0312524389698664
这样一,0.0312524389698664,0.0312524389698664
样一,0.0312524389698664,0.0312524389698664
这样一个,0.0312524389698664,0.0312524389698664
么。,-0.031243480064309482,0.031243480064309482
然后他,-0.031243480064309482,0.031243480064309482
什么。,-0.031243480064309482,0.031243480064309482
小孩子，,-0.031239364778871005,0.031239364778871005
没有一,0.03122755271339708,0.03122755271339708
我希望能够,-0.03121139706662589,0.03121139706662589
好处,-0.03121139706662589,0.03121139706662589
般会,0.031209439274287352,0.031209439274287352
一般会,0.031209439274287352,0.031209439274287352
能够从事,-0.031159425199879423,0.031159425199879423
能够从,-0.031159425199879423,0.031159425199879423
够从,-0.031159425199879423,0.031159425199879423
希望能够从,-0.031159425199879423,0.031159425199879423
够从事,-0.031159425199879423,0.031159425199879423
望能够从,-0.031159425199879423,0.031159425199879423
望能够从事,-0.031159425199879423,0.031159425199879423
到现,-0.031152108485355694,0.031152108485355694
听歌。,0.031148740464304978,0.031148740464304978
是很好，,-0.031094564168827152,0.031094564168827152
不是很好，,-0.031094564168827152,0.031094564168827152
就是会,0.031071553805155833,0.031071553805155833
比较大的,-0.031063408314468414,0.031063408314468414
较大的,-0.031063408314468414,0.031063408314468414
，最近的,-0.031060480355935716,0.031060480355935716
，最近的一,-0.031060480355935716,0.031060480355935716
毕业,-0.031060480355935716,0.031060480355935716
期末考,-0.031051779371873284,0.031051779371873284
期末考试,-0.031051779371873284,0.031051779371873284
别好,-0.031051779371873284,0.031051779371873284
特别好,-0.031051779371873284,0.031051779371873284
特别好的,-0.031051779371873284,0.031051779371873284
别好的,-0.031051779371873284,0.031051779371873284
会让我,0.031036357209527535,0.031036357209527535
就自,-0.03101769555898184,0.03101769555898184
就自然,-0.03101769555898184,0.03101769555898184
闹，,0.030926341810468036,0.030926341810468036
因为这个,-0.030913977018665398,0.030913977018665398
为这个,-0.030913977018665398,0.030913977018665398
上我,-0.030913977018665398,0.030913977018665398
的人,0.03088559237195746,0.03088559237195746
去考,-0.03086826426317883,0.03086826426317883
的同,-0.030845162054995105,0.030845162054995105
的同学,-0.030845162054995105,0.030845162054995105
其次,-0.030834073811780147,0.030834073811780147
已经忘,0.03074546306616814,0.03074546306616814
经忘,0.03074546306616814,0.03074546306616814
，会觉,0.030736814516145846,0.030736814516145846
思的,0.030736814516145846,0.030736814516145846
有意思的,0.030736814516145846,0.030736814516145846
世界，,0.030736814516145846,0.030736814516145846
，会觉得,0.030736814516145846,0.030736814516145846
一个世界，,0.030736814516145846,0.030736814516145846
一个世,0.030736814516145846,0.030736814516145846
一个世界,0.030736814516145846,0.030736814516145846
。那,0.030736814516145846,0.030736814516145846
界，,0.030736814516145846,0.030736814516145846
体验,0.030736814516145846,0.030736814516145846
意思的,0.030736814516145846,0.030736814516145846
个世界，,0.030736814516145846,0.030736814516145846
的世,0.030736814516145846,0.030736814516145846
的世界,0.030736814516145846,0.030736814516145846
是大,-0.03071616143422373,0.03071616143422373
学本,-0.03071616143422373,0.03071616143422373
后在,-0.030714844493716337,0.030714844493716337
，然后在,-0.030714844493716337,0.030714844493716337
然后在,-0.030714844493716337,0.030714844493716337
接受，,0.030702730703254404,0.030702730703254404
喜欢的，但,0.030702730703254404,0.030702730703254404
欢的，但,0.030702730703254404,0.030702730703254404
欢的，但是,0.030702730703254404,0.030702730703254404
，工,-0.030664778658180986,0.030664778658180986
，期,-0.030664778658180986,0.030664778658180986
，期末,-0.030664778658180986,0.030664778658180986
几个,-0.03066137028810446,0.03066137028810446
但是,-0.030659067896308272,0.030659067896308272
他很,-0.03064465559643094,0.03064465559643094
相关的,-0.030585391320654135,0.030585391320654135
和一,-0.03056974215868448,0.03056974215868448
和一个,-0.03056974215868448,0.03056974215868448
哥和一个,-0.03056974215868448,0.03056974215868448
哥和一,-0.03056974215868448,0.03056974215868448
哥和,-0.03056974215868448,0.03056974215868448
与人,-0.030535193925868412,0.030535193925868412
题，,-0.030501394472599527,0.030501394472599527
其实没,-0.0304630041704445,0.0304630041704445
实没,-0.0304630041704445,0.0304630041704445
其实没有,-0.0304630041704445,0.0304630041704445
实没有,-0.0304630041704445,0.0304630041704445
的一个,-0.030452792156120227,0.030452792156120227
。所,-0.03044969556497797,0.03044969556497797
。所以,-0.03044969556497797,0.03044969556497797
躁，,-0.030367944638105673,0.030367944638105673
想睡,-0.030367944638105673,0.030367944638105673
烦躁，,-0.030367944638105673,0.030367944638105673
眠的时候就,-0.030367944638105673,0.030367944638105673
当时,-0.030356761617917265,0.030356761617917265
三个人,-0.03032035145738138,0.03032035145738138
常生,-0.03032035145738138,0.03032035145738138
里一,-0.03032035145738138,0.03032035145738138
人是,-0.0303087111022573,0.0303087111022573
是不会,0.03030528828398936,0.03030528828398936
是就是,0.03030528828398936,0.03030528828398936
但是就是,0.03030528828398936,0.03030528828398936
但是就,0.03030528828398936,0.03030528828398936
"，
",-0.03029881902964606,0.03029881902964606
突然,-0.03029881902964606,0.03029881902964606
是特,-0.030267583892275247,0.030267583892275247
是特别,-0.030267583892275247,0.030267583892275247
开心的,-0.0302381442554061,0.0302381442554061
情也,-0.030220034132321237,0.030220034132321237
差不多就是,0.030219653088951536,0.030219653088951536
不多就,0.030219653088951536,0.030219653088951536
不多就是,0.030219653088951536,0.030219653088951536
多就,0.030219653088951536,0.030219653088951536
多就是,0.030219653088951536,0.030219653088951536
差不多就,0.030219653088951536,0.030219653088951536
尽可,-0.030207190900226076,0.030207190900226076
尽可能,-0.030207190900226076,0.030207190900226076
是很快,-0.030207190900226076,0.030207190900226076
特别喜,0.030162780636920555,0.030162780636920555
别讨厌,0.030162780636920555,0.030162780636920555
别讨,0.030162780636920555,0.030162780636920555
别喜欢,0.030162780636920555,0.030162780636920555
别喜,0.030162780636920555,0.030162780636920555
特别喜欢,0.030162780636920555,0.030162780636920555
特别讨,0.030162780636920555,0.030162780636920555
特别讨厌,0.030162780636920555,0.030162780636920555
以自,0.030162780636920555,0.030162780636920555
所以,-0.030119250836144695,0.030119250836144695
趣爱好,0.03011080877017409,0.03011080877017409
趣爱,0.03011080877017409,0.03011080877017409
态，,0.03011080877017409,0.03011080877017409
爱好,0.03011080877017409,0.03011080877017409
事情，没,0.030105328725296285,0.030105328725296285
事情，没有,0.030105328725296285,0.030105328725296285
的事情，没,0.030105328725296285,0.030105328725296285
种不,0.030105328725296285,0.030105328725296285
情，没,0.030105328725296285,0.030105328725296285
情，没有,0.030105328725296285,0.030105328725296285
起玩，,-0.030069157596989332,0.030069157596989332
带着,-0.030069157596989332,0.030069157596989332
这个事情,-0.030069157596989332,0.030069157596989332
这个事,-0.030069157596989332,0.030069157596989332
个事,-0.030069157596989332,0.030069157596989332
个事情,-0.030069157596989332,0.030069157596989332
一起玩，,-0.030069157596989332,0.030069157596989332
，让,-0.030007908754365268,0.030007908754365268
上出,-0.030006872802129693,0.030006872802129693
上出现,-0.030006872802129693,0.030006872802129693
出现,-0.030006872802129693,0.030006872802129693
类，,-0.029995243859534566,0.029995243859534566
，不是很,-0.029995243859534566,0.029995243859534566
吧。然,-0.02993474467061548,0.02993474467061548
吧。然后,-0.02993474467061548,0.02993474467061548
来就,0.029853581027979182,0.029853581027979182
就感,0.0298399709748776,0.0298399709748776
会给,-0.029810749832341613,0.029810749832341613
会给我,-0.029810749832341613,0.029810749832341613
自我,-0.0297940588818502,0.0297940588818502
种，就,-0.0297940588818502,0.0297940588818502
然就是,-0.0297940588818502,0.0297940588818502
，就特,-0.0297940588818502,0.0297940588818502
然后，就,-0.0297940588818502,0.0297940588818502
，就特别,-0.0297940588818502,0.0297940588818502
，然后，就,-0.0297940588818502,0.0297940588818502
一点，,0.029776652713396214,0.029776652713396214
点，,0.029776652713396214,0.029776652713396214
一点，就,0.029776652713396214,0.029776652713396214
点，就,0.029776652713396214,0.029776652713396214
觉得太,0.02975852149564036,0.02975852149564036
得太,0.02975852149564036,0.02975852149564036
因是,-0.029742842814452858,0.029742842814452858
原因是,-0.029742842814452858,0.029742842814452858
眠，但,-0.029732101864944505,0.029732101864944505
我最放松,-0.029732101864944505,0.029732101864944505
我最放松的,-0.029732101864944505,0.029732101864944505
会被,-0.029732101864944505,0.029732101864944505
经常失眠，,-0.029732101864944505,0.029732101864944505
我最放,-0.029732101864944505,0.029732101864944505
失眠，但,-0.029732101864944505,0.029732101864944505
最放松的时,-0.029732101864944505,0.029732101864944505
最放,-0.029732101864944505,0.029732101864944505
"
我最放",-0.029732101864944505,0.029732101864944505
最放松,-0.029732101864944505,0.029732101864944505
最放松的,-0.029732101864944505,0.029732101864944505
"
我最放松",-0.029732101864944505,0.029732101864944505
常失眠，,-0.029732101864944505,0.029732101864944505
常失眠，但,-0.029732101864944505,0.029732101864944505
，不想,0.029724969887040535,0.029724969887040535
果我,-0.029716498411142173,0.029716498411142173
别人，然,0.029708997144136537,0.029708997144136537
别人，,0.029708997144136537,0.029708997144136537
别人，然后,0.029708997144136537,0.029708997144136537
玩游戏,0.02970584219632727,0.02970584219632727
玩游,0.02970584219632727,0.02970584219632727
大事，,-0.029691398561728092,0.029691398561728092
的一部分,-0.029691398561728092,0.029691398561728092
的一部,-0.029691398561728092,0.029691398561728092
中遇到,-0.029608243145842265,0.029608243145842265
的结,-0.029608243145842265,0.029608243145842265
的结果,-0.029608243145842265,0.029608243145842265
中遇,-0.029608243145842265,0.029608243145842265
的高,-0.02957988351995441,0.02957988351995441
情，就,-0.029558867166465323,0.029558867166465323
事情，就,-0.029558867166465323,0.029558867166465323
话是,0.029546991280739482,0.029546991280739482
的话是,0.029546991280739482,0.029546991280739482
类的,-0.029514121486372495,0.029514121486372495
更加,-0.029502440432287773,0.029502440432287773
，明,-0.029502440432287773,0.029502440432287773
一位,-0.02947042184939189,0.02947042184939189
题的时候，,-0.02947042184939189,0.02947042184939189
有一位,-0.02947042184939189,0.02947042184939189
的时候就,-0.029462651973294843,0.029462651973294843
时候就,-0.029462651973294843,0.029462651973294843
候就,-0.029462651973294843,0.029462651973294843
小孩,-0.029456695233582495,0.029456695233582495
感觉特,-0.029406109100022337,0.029406109100022337
，我现在,-0.029406109100022337,0.029406109100022337
我不会,-0.029406109100022337,0.029406109100022337
，我现,-0.029406109100022337,0.029406109100022337
感觉特别,-0.029406109100022337,0.029406109100022337
前，,-0.029402074163306934,0.029402074163306934
之前，,-0.029402074163306934,0.029402074163306934
业里面，,0.02936967372615588,0.02936967372615588
但是有,0.02936967372615588,0.02936967372615588
，但是有,0.02936967372615588,0.02936967372615588
业里,0.02936967372615588,0.02936967372615588
业里面,0.02936967372615588,0.02936967372615588
我不太,0.02936967372615588,0.02936967372615588
烦。,-0.029350208450869865,0.029350208450869865
目，,-0.02929067061935725,0.02929067061935725
有人,0.029287787783042037,0.029287787783042037
爸和,-0.02927429887960381,0.02927429887960381
爸爸和,-0.02927429887960381,0.02927429887960381
较后悔的,-0.029260693841335693,0.029260693841335693
比较后悔,-0.029260693841335693,0.029260693841335693
比较后,-0.029260693841335693,0.029260693841335693
较后,-0.029260693841335693,0.029260693841335693
比较后悔的,-0.029260693841335693,0.029260693841335693
较后悔,-0.029260693841335693,0.029260693841335693
子会,0.029259755054554016,0.029259755054554016
个人独处的,-0.029256677804219318,0.029256677804219318
一个人独,-0.029256677804219318,0.029256677804219318
一个人独处,-0.029256677804219318,0.029256677804219318
独处的时,-0.029256677804219318,0.029256677804219318
独处的时候,-0.029256677804219318,0.029256677804219318
处的时候，,-0.029256677804219318,0.029256677804219318
人独处,-0.029256677804219318,0.029256677804219318
人独处的,-0.029256677804219318,0.029256677804219318
人独,-0.029256677804219318,0.029256677804219318
独处,-0.029256677804219318,0.029256677804219318
独处的,-0.029256677804219318,0.029256677804219318
人独处的时,-0.029256677804219318,0.029256677804219318
个人独处,-0.029256677804219318,0.029256677804219318
个人独,-0.029256677804219318,0.029256677804219318
觉得这个是,0.029252787708366042,0.029252787708366042
这个是,0.029252787708366042,0.029252787708366042
得这个是,0.029252787708366042,0.029252787708366042
的职业,-0.0292348920061846,0.0292348920061846
的职,-0.0292348920061846,0.0292348920061846
到一些,-0.0292348920061846,0.0292348920061846
来很,-0.0292348920061846,0.0292348920061846
演员,-0.029220025002624914,0.029220025002624914
，外,-0.029217332261496014,0.029217332261496014
的分,-0.029213765891365023,0.029213765891365023
顾他,0.029207547461289046,0.029207547461289046
照顾他,0.029207547461289046,0.029207547461289046
腾，,0.029207547461289046,0.029207547461289046
闹腾，,0.029207547461289046,0.029207547461289046
也不是很,-0.02920213694876989,0.02920213694876989
就是一个人,-0.029187862840549025,0.029187862840549025
是一个人,-0.029187862840549025,0.029187862840549025
人生的一,-0.029187862840549025,0.029187862840549025
人生的,-0.029187862840549025,0.029187862840549025
我跟,0.029184440022281086,0.029184440022281086
架，可能,0.029184440022281086,0.029184440022281086
，我跟,0.029184440022281086,0.029184440022281086
架，可,0.029184440022281086,0.029184440022281086
吵架，可,0.029184440022281086,0.029184440022281086
吵架，可能,0.029184440022281086,0.029184440022281086
人吵架，可,0.029184440022281086,0.029184440022281086
的喜,-0.029168053135878447,0.029168053135878447
开发,-0.02916563430899687,0.02916563430899687
炼身,-0.029118041128272574,0.029118041128272574
炼身体,-0.029118041128272574,0.029118041128272574
锻炼身体,-0.029118041128272574,0.029118041128272574
个人，,-0.029118041128272574,0.029118041128272574
球，,-0.029118041128272574,0.029118041128272574
锻炼身,-0.029118041128272574,0.029118041128272574
锻炼,-0.029118041128272574,0.029118041128272574
，没有什么,0.029116661411302147,0.029116661411302147
，没有什,0.029116661411302147,0.029116661411302147
的难受,0.029090697901013127,0.029090697901013127
的难受，,0.029090697901013127,0.029090697901013127
感觉非常的,0.029090697901013127,0.029090697901013127
常的难受，,0.029090697901013127,0.029090697901013127
常的难受,0.029090697901013127,0.029090697901013127
难受，,0.029090697901013127,0.029090697901013127
非常的难受,0.029090697901013127,0.029090697901013127
觉非常的,0.029090697901013127,0.029090697901013127
力比较,-0.029075221897461822,0.029075221897461822
力比,-0.029075221897461822,0.029075221897461822
是一,0.02899640957022486,0.02899640957022486
态也,-0.028913886611679766,0.028913886611679766
嗯，最,-0.028913886611679766,0.028913886611679766
嗯，最后,-0.028913886611679766,0.028913886611679766
那样的,0.02889136557751275,0.02889136557751275
那样,0.02889136557751275,0.02889136557751275
然后，当时,-0.02887820915827676,0.02887820915827676
，结,-0.02887820915827676,0.02887820915827676
来也,-0.02887820915827676,0.02887820915827676
然后，当,-0.02887820915827676,0.02887820915827676
后，当时,-0.02887820915827676,0.02887820915827676
但也不,-0.02887820915827676,0.02887820915827676
后，当时就,-0.02887820915827676,0.02887820915827676
，结果,-0.02887820915827676,0.02887820915827676
但也,-0.02887820915827676,0.02887820915827676
后，当,-0.02887820915827676,0.02887820915827676
的工作，就,-0.02881513623507759,0.02881513623507759
我专,-0.02881513623507759,0.02881513623507759
编程,-0.02881513623507759,0.02881513623507759
我专业,-0.02881513623507759,0.02881513623507759
程的,-0.02881513623507759,0.02881513623507759
作，就,-0.02881513623507759,0.02881513623507759
工作，就,-0.02881513623507759,0.02881513623507759
当你,0.02874544245214487,0.02874544245214487
身边,0.02871347964881388,0.02871347964881388
常，,0.028687797509345237,0.028687797509345237
下，这,-0.028679527693982104,0.028679527693982104
。但是，,-0.028677314938627213,0.028677314938627213
懂得,-0.028677314938627213,0.028677314938627213
，不太,-0.028677314938627213,0.028677314938627213
知道他们,-0.028673815825031174,0.028673815825031174
道他,-0.028673815825031174,0.028673815825031174
道他们,-0.028673815825031174,0.028673815825031174
知道他,-0.028673815825031174,0.028673815825031174
般都,0.02865961801213841,0.02865961801213841
一般都,0.02865961801213841,0.02865961801213841
倒是,-0.0286281030695446,0.0286281030695446
我也不,-0.028549867984237958,0.028549867984237958
对自,0.028531384473290473,0.028531384473290473
厌的。,0.028531384473290473,0.028531384473290473
讨厌的。,0.028531384473290473,0.028531384473290473
对自己,0.028531384473290473,0.028531384473290473
我都,0.02852398073631157,0.02852398073631157
他们在,0.02852398073631157,0.02852398073631157
，我都,0.02852398073631157,0.02852398073631157
他们在一,0.02852398073631157,0.02852398073631157
们在,0.02852398073631157,0.02852398073631157
们在一,0.02852398073631157,0.02852398073631157
的那种,-0.028517204527059442,0.028517204527059442
的那,-0.028517204527059442,0.028517204527059442
做的,-0.02843516494704236,0.02843516494704236
的不,-0.02842943715757538,0.02842943715757538
我一,0.028416733806248165,0.028416733806248165
嗯，我觉得,-0.028394238232276346,0.028394238232276346
嗯，我觉,-0.028394238232276346,0.028394238232276346
于那,-0.02836673554691528,0.02836673554691528
然我,-0.02836673554691528,0.02836673554691528
然我也,-0.02836673554691528,0.02836673554691528
，但我,-0.02836673554691528,0.02836673554691528
语文的,-0.028356556837356515,0.028356556837356515
语文的时,-0.028356556837356515,0.028356556837356515
文的,-0.028356556837356515,0.028356556837356515
文的时候,-0.028356556837356515,0.028356556837356515
文的时,-0.028356556837356515,0.028356556837356515
，和我,-0.028356556837356515,0.028356556837356515
语文的时候,-0.028356556837356515,0.028356556837356515
的，所以我,0.028352558260520553,0.028352558260520553
娱乐,-0.028314763680168813,0.028314763680168813
个特别,0.028313138213817163,0.028313138213817163
个特,0.028313138213817163,0.028313138213817163
一个特,0.028313138213817163,0.028313138213817163
一个特别,0.028313138213817163,0.028313138213817163
近一次不,-0.028275186168743742,0.028275186168743742
一次不,-0.028275186168743742,0.028275186168743742
次不开,-0.028275186168743742,0.028275186168743742
次不,-0.028275186168743742,0.028275186168743742
次不开心,-0.028275186168743742,0.028275186168743742
近一次不开,-0.028275186168743742,0.028275186168743742
一次不开心,-0.028275186168743742,0.028275186168743742
一次不开,-0.028275186168743742,0.028275186168743742
最近一次不,-0.028275186168743742,0.028275186168743742
，我在,0.028270353416863292,0.028270353416863292
候最喜欢做,-0.0282411023558523,0.0282411023558523
欢做的,-0.0282411023558523,0.0282411023558523
最喜欢做,-0.0282411023558523,0.0282411023558523
最喜欢做的,-0.0282411023558523,0.0282411023558523
喜欢做,-0.0282411023558523,0.0282411023558523
喜欢做的,-0.0282411023558523,0.0282411023558523
欢做,-0.0282411023558523,0.0282411023558523
不算是,-0.028233755167323852,0.028233755167323852
情况，,-0.028207521002921225,0.028207521002921225
况，,-0.028207521002921225,0.028207521002921225
来吧,0.028178725287443317,0.028178725287443317
松的时候就,0.028178725287443317,0.028178725287443317
他们对我的,-0.028175991972803037,0.028175991972803037
们对我的,-0.028175991972803037,0.028175991972803037
们对我,-0.028175991972803037,0.028175991972803037
们对,-0.028175991972803037,0.028175991972803037
他们对,-0.028175991972803037,0.028175991972803037
他们对我,-0.028175991972803037,0.028175991972803037
天的时候,-0.028148993814888498,0.028148993814888498
聊天的,-0.028148993814888498,0.028148993814888498
里有,-0.028148993814888498,0.028148993814888498
聊天的时,-0.028148993814888498,0.028148993814888498
聊天的时候,-0.028148993814888498,0.028148993814888498
跟别人吵,-0.028148993814888498,0.028148993814888498
让我感觉,0.02814793827092726,0.02814793827092726
让我感,0.02814793827092726,0.02814793827092726
那个,-0.028140128293561155,0.028140128293561155
的一些东西,-0.028137364872293368,0.028137364872293368
些东,-0.028137364872293368,0.028137364872293368
一些东,-0.028137364872293368,0.028137364872293368
一些东西,-0.028137364872293368,0.028137364872293368
些东西,-0.028137364872293368,0.028137364872293368
的一些东,-0.028137364872293368,0.028137364872293368
我喜欢的,-0.028137364872293368,0.028137364872293368
是，每,-0.028137364872293368,0.028137364872293368
合，,-0.028137074114258552,0.028137074114258552
钱，,-0.028137074114258552,0.028137074114258552
我，也,0.02811966794580456,0.02811966794580456
是我觉,0.028106903404684604,0.028106903404684604
是我觉得,0.028106903404684604,0.028106903404684604
的话，他,-0.028103281059401925,0.028103281059401925
话，他,-0.028103281059401925,0.028103281059401925
，也是,0.028067696079058096,0.028067696079058096
彼此,0.028067696079058096,0.028067696079058096
一下子,0.028027848752111405,0.028027848752111405
感觉最,0.028027848752111405,0.028027848752111405
觉最,0.028027848752111405,0.028027848752111405
下子,0.028027848752111405,0.028027848752111405
啊，就是,0.028027848752111405,0.028027848752111405
第二天,-0.02796193399394864,0.02796193399394864
二天,-0.02796193399394864,0.02796193399394864
第二,-0.02796193399394864,0.02796193399394864
但是如,-0.0277864425564301,0.0277864425564301
但是如果,-0.0277864425564301,0.0277864425564301
是很大的,-0.0277864425564301,0.0277864425564301
，但是如,-0.0277864425564301,0.0277864425564301
，但是如果,-0.0277864425564301,0.0277864425564301
是很大,-0.0277864425564301,0.0277864425564301
，刚刚,-0.027774813613834968,0.027774813613834968
刚刚,-0.027774813613834968,0.027774813613834968
是又,-0.027773996125557365,0.027773996125557365
但是又,-0.027773996125557365,0.027773996125557365
是，一,-0.027750364158601066,0.027750364158601066
的声,-0.02774072980094353,0.02774072980094353
的声音,-0.02774072980094353,0.02774072980094353
是体,-0.02774072980094353,0.02774072980094353
声音，,-0.02774072980094353,0.02774072980094353
当于是,-0.02774072980094353,0.02774072980094353
当于,-0.02774072980094353,0.02774072980094353
相当于,-0.02774072980094353,0.02774072980094353
相当于是,-0.02774072980094353,0.02774072980094353
之后，,-0.02774072980094353,0.02774072980094353
音，,-0.02774072980094353,0.02774072980094353
情就,-0.027621171795235357,0.027621171795235357
的事情就,-0.027621171795235357,0.027621171795235357
事情就,-0.027621171795235357,0.027621171795235357
特别开,-0.027608438543665407,0.027608438543665407
别开,-0.027608438543665407,0.027608438543665407
一直,0.027587269593147664,0.027587269593147664
眠，然后,0.027561419953615954,0.027561419953615954
眠，然,0.027561419953615954,0.027561419953615954
失眠，然后,0.027561419953615954,0.027561419953615954
失眠，然,0.027561419953615954,0.027561419953615954
跟他,0.02756060750905252,0.02756060750905252
是没,0.0275573036017793,0.0275573036017793
是没有,0.0275573036017793,0.0275573036017793
生了争吵,-0.02755678112377337,0.02755678112377337
子比较可爱,-0.02755678112377337,0.02755678112377337
子比较可,-0.02755678112377337,0.02755678112377337
小孩子比较,-0.02755678112377337,0.02755678112377337
了争,-0.02755678112377337,0.02755678112377337
发生了争吵,-0.02755678112377337,0.02755678112377337
急，,-0.02755678112377337,0.02755678112377337
了争吵,-0.02755678112377337,0.02755678112377337
发生了争,-0.02755678112377337,0.02755678112377337
孩子比较可,-0.02755678112377337,0.02755678112377337
小孩子比,-0.02755678112377337,0.02755678112377337
生了争,-0.02755678112377337,0.02755678112377337
。比如说，,-0.02755646667691894,0.02755646667691894
好多,-0.027545152181178242,0.027545152181178242
了好多,-0.027545152181178242,0.027545152181178242
。额,-0.02754419517606574,0.02754419517606574
。额，,-0.02754419517606574,0.02754419517606574
，其次,-0.02754419517606574,0.02754419517606574
来说，,-0.0275110683682868,0.0275110683682868
么喜,-0.0275110683682868,0.0275110683682868
么喜欢,-0.0275110683682868,0.0275110683682868
不着，,-0.02744716439050015,0.02744716439050015
，教,-0.02744716439050015,0.02744716439050015
睡不着，,-0.02744716439050015,0.02744716439050015
的。但,0.02740419116509084,0.02740419116509084
的。但是,0.02740419116509084,0.02740419116509084
么也,-0.027345570723518762,0.027345570723518762
欢的，,-0.02732855584764326,0.02732855584764326
喜欢的，,-0.02732855584764326,0.02732855584764326
时在,0.027326561035039887,0.027326561035039887
我们两,0.027326561035039887,0.027326561035039887
是我们两,0.027326561035039887,0.027326561035039887
吵，但,0.027326561035039887,0.027326561035039887
是我们两个,0.027326561035039887,0.027326561035039887
我们两个,0.027326561035039887,0.027326561035039887
得我,0.027285149239757035,0.027285149239757035
个成,0.027275189141930847,0.027275189141930847
失眠，,-0.027258762850422898,0.027258762850422898
的人，就,-0.027249991603692295,0.027249991603692295
人，就,-0.027249991603692295,0.027249991603692295
得更,0.027217099364477366,0.027217099364477366
变得更,0.027217099364477366,0.027217099364477366
出来,0.02721535917014697,0.02721535917014697
首先,-0.02718164391760734,0.02718164391760734
正确的,-0.027141579750149546,0.027141579750149546
确的,-0.027141579750149546,0.027141579750149546
就在,-0.027031444838215048,0.027031444838215048
，就在,-0.027031444838215048,0.027031444838215048
失败,-0.027028145553180224,0.027028145553180224
会对,-0.027016516610585094,0.027016516610585094
，等,-0.027005210673812424,0.027005210673812424
从事的,-0.027005210673812424,0.027005210673812424
让我觉得,0.02700440282012316,0.02700440282012316
让我觉,0.02700440282012316,0.02700440282012316
追剧，,-0.026982432797693655,0.026982432797693655
在的,-0.026982432797693655,0.026982432797693655
当时做,-0.026982432797693655,0.026982432797693655
现在的,-0.026982432797693655,0.026982432797693655
时做,-0.026982432797693655,0.026982432797693655
的语,-0.026951982484950607,0.026951982484950607
我感觉,0.02689138937887993,0.02689138937887993
我感,0.02689138937887993,0.02689138937887993
人就发生,0.026875555594497696,0.026875555594497696
两个人就发,0.026875555594497696,0.026875555594497696
个人就发生,0.026875555594497696,0.026875555594497696
个人就发,0.026875555594497696,0.026875555594497696
人就发,0.026875555594497696,0.026875555594497696
就发,0.026875555594497696,0.026875555594497696
就发生了,0.026875555594497696,0.026875555594497696
就发生,0.026875555594497696,0.026875555594497696
人就发生了,0.026875555594497696,0.026875555594497696
两个人就,0.026875555594497696,0.026875555594497696
生气,-0.026726576475307948,0.026726576475307948
于我,-0.026657778912577167,0.026657778912577167
还是很,-0.026657778912577167,0.026657778912577167
翻了,-0.026657778912577167,0.026657778912577167
敏感的,0.026645894161840968,0.026645894161840968
我心,-0.02659656767591942,0.02659656767591942
办法,-0.026559563322320796,0.026559563322320796
。嗯，我,-0.02654459580917295,0.02654459580917295
上来,-0.02654459580917295,0.02654459580917295
平时,-0.02652558587145821,0.02652558587145821
的事，我,-0.026491694600442418,0.026491694600442418
不怎,0.02648827178217448,0.02648827178217448
不怎么,0.02648827178217448,0.02648827178217448
己可,0.026461473825186328,0.026461473825186328
自己可,0.026461473825186328,0.026461473825186328
己可能,0.026461473825186328,0.026461473825186328
自己可能,0.026461473825186328,0.026461473825186328
，但是,-0.026460146216267043,0.026460146216267043
，但，,0.026419456818504182,0.026419456818504182
但，,0.026419456818504182,0.026419456818504182
怎样,0.026407115954323455,0.026407115954323455
数学,-0.0263439517798743,0.0263439517798743
，其他,-0.026322124791530517,0.026322124791530517
一段时,-0.02629378546654261,0.02629378546654261
一段时间,-0.02629378546654261,0.02629378546654261
我在,0.02628679530944267,0.02628679530944267
需要,-0.026274309236561374,0.026274309236561374
我现在学的,0.026270025522701166,0.026270025522701166
现在学的,0.026270025522701166,0.026270025522701166
在学的,0.026270025522701166,0.026270025522701166
我现在学,0.026270025522701166,0.026270025522701166
现在学,0.026270025522701166,0.026270025522701166
完之后,0.026227240725747294,0.026227240725747294
完之,0.026227240725747294,0.026227240725747294
们就,-0.026186194037542077,0.026186194037542077
觉他,-0.026171248256198612,0.026171248256198612
感觉他,-0.026171248256198612,0.026171248256198612
较吸引我,-0.026143260394409958,0.026143260394409958
较吸引,-0.026143260394409958,0.026143260394409958
较吸,-0.026143260394409958,0.026143260394409958
较吸引我的,-0.026143260394409958,0.026143260394409958
比较吸,-0.026143260394409958,0.026143260394409958
比较吸引,-0.026143260394409958,0.026143260394409958
安慰,-0.026143260394409958,0.026143260394409958
他比较吸引,-0.026143260394409958,0.026143260394409958
比较吸引我,-0.026143260394409958,0.026143260394409958
或者不,-0.026143260394409958,0.026143260394409958
慰我,-0.026143260394409958,0.026143260394409958
者不,-0.026143260394409958,0.026143260394409958
安慰我,-0.026143260394409958,0.026143260394409958
他比较吸,-0.026143260394409958,0.026143260394409958
习的是软件,0.026142452540720694,0.026142452540720694
习的是软,0.026142452540720694,0.026142452540720694
后觉,0.026142452540720694,0.026142452540720694
后觉得,0.026142452540720694,0.026142452540720694
然后觉得,0.026142452540720694,0.026142452540720694
学习的是软,0.026142452540720694,0.026142452540720694
然后觉,0.026142452540720694,0.026142452540720694
，听音,-0.026129143341984018,0.026129143341984018
了我的,-0.026129143341984018,0.026129143341984018
，当然,-0.026129143341984018,0.026129143341984018
，听音乐,-0.026129143341984018,0.026129143341984018
讨厌,0.026116718855174168,0.026116718855174168
得这,-0.026113966069809424,0.026113966069809424
觉得这,-0.026113966069809424,0.026113966069809424
外婆,-0.02607962012677863,0.02607962012677863
行为,-0.02607962012677863,0.02607962012677863
一些亲戚,-0.02607962012677863,0.02607962012677863
些亲戚,-0.02607962012677863,0.02607962012677863
一些亲,-0.02607962012677863,0.02607962012677863
些亲,-0.02607962012677863,0.02607962012677863
行为，,-0.02607962012677863,0.02607962012677863
，从,-0.02607962012677863,0.02607962012677863
他的一,-0.02607962012677863,0.02607962012677863
式，,-0.026036835329824762,0.026036835329824762
方式，,-0.026036835329824762,0.026036835329824762
景好，,0.026022904099953115,0.026022904099953115
景好,0.026022904099953115,0.026022904099953115
海里,-0.026016274685434233,0.026016274685434233
脑海,-0.026016274685434233,0.026016274685434233
脑海里,-0.026016274685434233,0.026016274685434233
狗，,-0.026004645742839106,0.026004645742839106
观，,-0.025970561929947664,0.025970561929947664
个是,0.02596290907265163,0.02596290907265163
，嗯，就是,-0.025899481909327293,0.025899481909327293
多事,-0.025899481909327293,0.025899481909327293
很多事,-0.025899481909327293,0.025899481909327293
嗯，就是,-0.025899481909327293,0.025899481909327293
必要,-0.025887404034021747,0.025887404034021747
，额，应,-0.025887404034021747,0.025887404034021747
，感觉,0.02587318888034178,0.02587318888034178
，感,0.02587318888034178,0.02587318888034178
，平,-0.02581858907035145,0.02581858907035145
天真,0.025809132381096018,0.025809132381096018
道我,0.025755606487527647,0.025755606487527647
知道我,0.025755606487527647,0.025755606487527647
。但是不,0.025746891950644765,0.025746891950644765
别人发生,0.025746891950644765,0.025746891950644765
挺喜欢小孩,0.025746891950644765,0.025746891950644765
还是挺,0.025746891950644765,0.025746891950644765
别人发,0.025746891950644765,0.025746891950644765
挺喜欢小,0.025746891950644765,0.025746891950644765
但是不,0.025746891950644765,0.025746891950644765
是挺喜欢小,0.025746891950644765,0.025746891950644765
是挺喜欢,0.025746891950644765,0.025746891950644765
是挺喜,0.025746891950644765,0.025746891950644765
还是挺喜欢,0.025746891950644765,0.025746891950644765
还是挺喜,0.025746891950644765,0.025746891950644765
是挺,0.025746891950644765,0.025746891950644765
人发,0.025746891950644765,0.025746891950644765
人发生,0.025746891950644765,0.025746891950644765
的心,-0.025734791410089723,0.025734791410089723
游戏，因,0.025637627278225526,0.025637627278225526
游戏，因为,0.025637627278225526,0.025637627278225526
戏，因为,0.025637627278225526,0.025637627278225526
戏，因,0.025637627278225526,0.025637627278225526
，考,0.025635554252667385,0.025635554252667385
苦的事,-0.025604531091497056,0.025604531091497056
苦的事情,-0.025604531091497056,0.025604531091497056
苦的,-0.025604531091497056,0.025604531091497056
变成了,-0.025411476046611477,0.025411476046611477
变成,-0.025411476046611477,0.025411476046611477
学的,0.02537524719347215,0.02537524719347215
心的,-0.025358158562070444,0.025358158562070444
就是一,0.02534570079197008,0.02534570079197008
算争吵,0.02528926107696166,0.02528926107696166
也不能,0.02528926107696166,0.02528926107696166
且我,0.02527437369180174,0.02527437369180174
我没有什,0.025231697463844783,0.025231697463844783
我没有什么,0.025231697463844783,0.025231697463844783
较强,0.025218570826906046,0.025218570826906046
比较强的,0.025218570826906046,0.025218570826906046
较强的,0.025218570826906046,0.025218570826906046
比较强,0.025218570826906046,0.025218570826906046
强的,0.025218570826906046,0.025218570826906046
静的,0.025166598960159586,0.025166598960159586
静的人,0.025166598960159586,0.025166598960159586
最好,-0.025137675106939518,0.025137675106939518
后我就,0.02513636182604486,0.02513636182604486
然后我就,0.02513636182604486,0.02513636182604486
有在,0.02513636182604486,0.02513636182604486
想到,-0.025119814462421713,0.025119814462421713
的状态,-0.02511727247423803,0.02511727247423803
的状,-0.02511727247423803,0.02511727247423803
额，那,-0.024980299817486038,0.024980299817486038
，额，那,-0.024980299817486038,0.024980299817486038
态度,-0.024980299817486038,0.024980299817486038
不太好,-0.02497998956192935,0.02497998956192935
太好,-0.02497998956192935,0.02497998956192935
概是,0.02497673818708543,0.02497673818708543
大概是,0.02497673818708543,0.02497673818708543
大脑,-0.024968937927089804,0.024968937927089804
象，,-0.024968937927089804,0.024968937927089804
就是两个,0.024961290129007163,0.024961290129007163
是两个人,0.024961290129007163,0.024961290129007163
，就是两个,0.024961290129007163,0.024961290129007163
，就是两,0.024961290129007163,0.024961290129007163
就是两个人,0.024961290129007163,0.024961290129007163
是第,-0.024887611041581305,0.024887611041581305
里，,-0.024877309797669826,0.024877309797669826
几百,-0.024877309797669826,0.024877309797669826
问题，,-0.024877309797669826,0.024877309797669826
，让我,-0.024813404520949777,0.024813404520949777
要的,0.02478357459989448,0.02478357459989448
我们一,0.024778669275742845,0.024778669275742845
相对来,-0.02468509370491294,0.02468509370491294
间里,-0.02468509370491294,0.02468509370491294
是一种,-0.02468509370491294,0.02468509370491294
来说是,-0.02468509370491294,0.02468509370491294
对来说是,-0.02468509370491294,0.02468509370491294
对来说,-0.02468509370491294,0.02468509370491294
对来,-0.02468509370491294,0.02468509370491294
相对来说,-0.02468509370491294,0.02468509370491294
相对来说是,-0.02468509370491294,0.02468509370491294
。这样,0.024678616826071895,0.024678616826071895
段，,0.02462158688592945,0.02462158688592945
不好，然后,-0.024616278741242646,0.024616278741242646
不好，然,-0.024616278741242646,0.024616278741242646
不好，,-0.024616278741242646,0.024616278741242646
呀，,-0.024565695109736677,0.024565695109736677
吃的,0.02455962368788065,0.02455962368788065
学期,0.024502410500531143,0.024502410500531143
静下来,0.02442546391614137,0.02442546391614137
静下,0.02442546391614137,0.02442546391614137
冷静下,0.02442546391614137,0.02442546391614137
冷静下来,0.02442546391614137,0.02442546391614137
学习的,-0.02440717418173165,0.02440717418173165
解决一个问,-0.024402220762388252,0.024402220762388252
决一个问题,-0.024402220762388252,0.024402220762388252
一个问,-0.024402220762388252,0.024402220762388252
一个问题,-0.024402220762388252,0.024402220762388252
导致我,-0.024402220762388252,0.024402220762388252
致我,-0.024402220762388252,0.024402220762388252
决一个,-0.024402220762388252,0.024402220762388252
决一,-0.024402220762388252,0.024402220762388252
你可以,-0.024402220762388252,0.024402220762388252
你可,-0.024402220762388252,0.024402220762388252
解决一个,-0.024402220762388252,0.024402220762388252
决一个问,-0.024402220762388252,0.024402220762388252
解决一,-0.024402220762388252,0.024402220762388252
得生,-0.024358975470988156,0.024358975470988156
重要的,-0.024358975470988156,0.024358975470988156
觉得生活中,-0.024358975470988156,0.024358975470988156
觉得生活,-0.024358975470988156,0.024358975470988156
得生活中,-0.024358975470988156,0.024358975470988156
我觉得生,-0.024358975470988156,0.024358975470988156
得生活,-0.024358975470988156,0.024358975470988156
我觉得生活,-0.024358975470988156,0.024358975470988156
觉得生,-0.024358975470988156,0.024358975470988156
感觉很,0.024327284354404507,0.024327284354404507
自己,-0.024322930433528716,0.024322930433528716
，他的,0.02431600224557885,0.02431600224557885
不过,0.02431600224557885,0.02431600224557885
部分时间,-0.024239164773467832,0.024239164773467832
分时,-0.024239164773467832,0.024239164773467832
分时间,-0.024239164773467832,0.024239164773467832
部分时,-0.024239164773467832,0.024239164773467832
不同,0.024233776602853353,0.024233776602853353
不同的,0.024233776602853353,0.024233776602853353
同的,0.024233776602853353,0.024233776602853353
。然后，嗯,-0.024187192906721364,0.024187192906721364
是真,-0.024187192906721364,0.024187192906721364
是真的,-0.024187192906721364,0.024187192906721364
因为,0.02413576898888154,0.02413576898888154
理，,0.024073105685202077,0.024073105685202077
喜欢,0.024068143392176996,0.024068143392176996
之前,-0.024049462357285396,0.024049462357285396
太，,0.02402962208626054,0.02402962208626054
子。因为,-0.024029032229394107,0.024029032229394107
子。因,-0.024029032229394107,0.024029032229394107
小孩子。因,-0.024029032229394107,0.024029032229394107
孩子。因,-0.024029032229394107,0.024029032229394107
孩子。因为,-0.024029032229394107,0.024029032229394107
东西,-0.024014250204229377,0.024014250204229377
业可,0.023912771208348515,0.023912771208348515
还是会,0.023863351185503107,0.023863351185503107
的，并且,-0.023777989488377237,0.023777989488377237
吃了,-0.023726694383754517,0.023726694383754517
，也会,-0.023658871782982652,0.023658871782982652
是脑,-0.023658871782982652,0.023658871782982652
的专业是,0.023653754779163406,0.023653754779163406
子的话,-0.02364724284038752,0.02364724284038752
样的一个,-0.02361315902749608,0.02361315902749608
样的一,-0.02361315902749608,0.02361315902749608
那样的一,-0.02361315902749608,0.02361315902749608
那个时候,-0.02361315902749608,0.02361315902749608
那个时,-0.02361315902749608,0.02361315902749608
那样的一个,-0.02361315902749608,0.02361315902749608
的，额，,-0.023581866518589154,0.023581866518589154
我一些,-0.023581866518589154,0.023581866518589154
给我一些,-0.023581866518589154,0.023581866518589154
小时,-0.023581866518589154,0.023581866518589154
给我一,-0.023581866518589154,0.023581866518589154
的，额,-0.023581866518589154,0.023581866518589154
这个人,0.02355553567104876,0.02355553567104876
因为一,0.023431297705153148,0.023431297705153148
是能,0.02338887668300686,0.02338887668300686
得，我,0.02336892840380265,0.02336892840380265
不是一个,0.02336892840380265,0.02336892840380265
之后,0.023357574340488265,0.023357574340488265
快就,0.02332614360684878,0.02332614360684878
很快就,0.02332614360684878,0.02332614360684878
，因为我本,0.0232345154774288,0.0232345154774288
气的,0.023225324064461046,0.023225324064461046
生气的,0.023225324064461046,0.023225324064461046
少失眠，,0.02321252643961903,0.02321252643961903
少失眠,0.02321252643961903,0.02321252643961903
少失,0.02321252643961903,0.02321252643961903
很少失,0.02321252643961903,0.02321252643961903
很少失眠，,0.02321252643961903,0.02321252643961903
很少失眠,0.02321252643961903,0.02321252643961903
刻的经,0.023211215836265404,0.023211215836265404
最深刻的经,0.023211215836265404,0.023211215836265404
深刻的经,0.023211215836265404,0.023211215836265404
深刻的经历,0.023211215836265404,0.023211215836265404
刻的经历,0.023211215836265404,0.023211215836265404
最深刻的,0.023211215836265404,0.023211215836265404
最深刻,0.023211215836265404,0.023211215836265404
十分,-0.023122420830244843,0.023122420830244843
。有的时候,-0.023122420830244843,0.023122420830244843
。有的时,-0.023122420830244843,0.023122420830244843
习的,0.023087561518978516,0.023087561518978516
然后一,0.023083638942096897,0.023083638942096897
，然后一,0.023083638942096897,0.023083638942096897
前吧，,0.023049165484617284,0.023049165484617284
好的一,-0.023036854444359024,0.023036854444359024
也经,-0.023036854444359024,0.023036854444359024
，比如说，,-0.023036854444359024,0.023036854444359024
说，就,-0.023036854444359024,0.023036854444359024
比如说，一,-0.023036854444359024,0.023036854444359024
有好,-0.023036854444359024,0.023036854444359024
如说，一,-0.023036854444359024,0.023036854444359024
如说，一个,-0.023036854444359024,0.023036854444359024
说，一个,-0.023036854444359024,0.023036854444359024
说，一,-0.023036854444359024,0.023036854444359024
，我最好,-0.023036854444359024,0.023036854444359024
，我最好的,-0.023036854444359024,0.023036854444359024
说，就是,-0.023036854444359024,0.023036854444359024
好的一个,-0.023036854444359024,0.023036854444359024
，他就,-0.023036854444359024,0.023036854444359024
一种，,-0.023036854444359024,0.023036854444359024
，然后，对,-0.023036854444359024,0.023036854444359024
然后，对,-0.023036854444359024,0.023036854444359024
华，,-0.023036854444359024,0.023036854444359024
也经常,-0.023036854444359024,0.023036854444359024
，至少,-0.02298488257761256,0.02298488257761256
，至,-0.02298488257761256,0.02298488257761256
，也不是特,-0.02298488257761256,0.02298488257761256
代码,-0.02298488257761256,0.02298488257761256
也不是特别,-0.02298488257761256,0.02298488257761256
，也不是,-0.02298488257761256,0.02298488257761256
也不是特,-0.02298488257761256,0.02298488257761256
至少,-0.02298488257761256,0.02298488257761256
这种,0.02292769493030616,0.02292769493030616
以一,0.0229118518797113,0.0229118518797113
是家庭,-0.022759869571786447,0.022759869571786447
态。,-0.022759869571786447,0.022759869571786447
是家,-0.022759869571786447,0.022759869571786447
眠，就,-0.022759869571786447,0.022759869571786447
状态。,-0.022759869571786447,0.022759869571786447
就很,-0.0227507389203679,0.0227507389203679
什么的，,-0.02253020813912972,0.02253020813912972
一会,-0.02253020813912972,0.02253020813912972
的，但是，,-0.02253020813912972,0.02253020813912972
什么的，但,-0.02253020813912972,0.02253020813912972
么的，,-0.02253020813912972,0.02253020813912972
么的，但,-0.02253020813912972,0.02253020813912972
么的，但是,-0.02253020813912972,0.02253020813912972
没有说,-0.02253020813912972,0.02253020813912972
着，就,-0.02253020813912972,0.02253020813912972
对他们,0.022480591643721487,0.022480591643721487
对他,0.022480591643721487,0.022480591643721487
害的,-0.022456561453873845,0.022456561453873845
厉害的,-0.022456561453873845,0.022456561453873845
可以给,-0.022456561453873845,0.022456561453873845
厉害,-0.022456561453873845,0.022456561453873845
以给,-0.022456561453873845,0.022456561453873845
上的,0.02244746121528497,0.02244746121528497
解决,0.02244555003901214,0.02244555003901214
以接,-0.022444932511278715,0.022444932511278715
理想，,-0.022444932511278715,0.022444932511278715
以接受,-0.022444932511278715,0.022444932511278715
成绩，,-0.022444932511278715,0.022444932511278715
绩，,-0.022444932511278715,0.022444932511278715
是我的一,-0.022444932511278715,0.022444932511278715
我的一些,-0.022444932511278715,0.022444932511278715
做的事,-0.022410848698387276,0.022410848698387276
这是,-0.022410848698387276,0.022410848698387276
做的事情,-0.022410848698387276,0.022410848698387276
他自己,-0.022410848698387276,0.022410848698387276
他自,-0.022410848698387276,0.022410848698387276
不是很喜,0.022397622446060837,0.022397622446060837
不是很喜欢,0.022397622446060837,0.022397622446060837
，可能,0.02239341088598502,0.02239341088598502
，就这,0.02239027692517431,0.02239027692517431
就这,0.02239027692517431,0.02239027692517431
"吵。
",0.022386765728853113,0.022386765728853113
个专业,-0.022385938949820022,0.022385938949820022
这个专业,-0.022385938949820022,0.022385938949820022
个专,-0.022385938949820022,0.022385938949820022
这个专,-0.022385938949820022,0.022385938949820022
跟他们,0.022375230199163678,0.022375230199163678
有那,-0.02236356939770661,0.02236356939770661
为觉得,0.02236245797231193,0.02236245797231193
因为觉得,0.02236245797231193,0.02236245797231193
为觉,0.02236245797231193,0.02236245797231193
因为觉,0.02236245797231193,0.02236245797231193
话的小孩，,0.022326558634687542,0.022326558634687542
欢听话的,0.022326558634687542,0.022326558634687542
欢听话的小,0.022326558634687542,0.022326558634687542
喜欢听话,0.022326558634687542,0.022326558634687542
喜欢听话的,0.022326558634687542,0.022326558634687542
欢听话,0.022326558634687542,0.022326558634687542
的话，就,-0.022312219667321387,0.022312219667321387
话，就,-0.022312219667321387,0.022312219667321387
会变,0.02219066391173736,0.02219066391173736
不开心,-0.022144831969650405,0.022144831969650405
不开,-0.022144831969650405,0.022144831969650405
摩擦,0.022060193010108652,0.022060193010108652
这门,-0.022057931797586416,0.022057931797586416
项目，,-0.022057931797586416,0.022057931797586416
原因,0.022001001632481712,0.022001001632481712
不太喜欢,-0.0219425107168186,0.0219425107168186
不太喜,-0.0219425107168186,0.0219425107168186
太喜欢,-0.0219425107168186,0.0219425107168186
太喜,-0.0219425107168186,0.0219425107168186
"这样
我最",-0.02192011050113604,0.02192011050113604
是一个非,-0.02192011050113604,0.02192011050113604
经常会,-0.02192011050113604,0.02192011050113604
是一个非常,-0.02192011050113604,0.02192011050113604
"样
我最",-0.02192011050113604,0.02192011050113604
，最近,0.021856539457509726,0.021856539457509726
，我就,-0.021707846946930696,0.021707846946930696
小的争,0.021676232416655766,0.021676232416655766
段时间，,-0.021612514040390468,0.021612514040390468
一段时间，,-0.021612514040390468,0.021612514040390468
终于,0.02159184572346418,0.02159184572346418
很大的,0.021583710073861798,0.021583710073861798
就是在我,-0.02155755924267764,0.02155755924267764
属于,-0.02155755924267764,0.02155755924267764
，而这,-0.02155755924267764,0.02155755924267764
我的第,-0.02155755924267764,0.02155755924267764
，而这个,-0.02155755924267764,0.02155755924267764
是属于,-0.02155755924267764,0.02155755924267764
首先是,-0.02155755924267764,0.02155755924267764
而这,-0.02155755924267764,0.02155755924267764
而这个,-0.02155755924267764,0.02155755924267764
是属,-0.02155755924267764,0.02155755924267764
通过,-0.02155755924267764,0.02155755924267764
，就是在我,-0.02155755924267764,0.02155755924267764
是在我,-0.02155755924267764,0.02155755924267764
的第,-0.02155755924267764,0.02155755924267764
先是,-0.02155755924267764,0.02155755924267764
。然后，,-0.021509521212673872,0.021509521212673872
以把,0.02145016743910369,0.02145016743910369
可以把,0.02145016743910369,0.02145016743910369
是让,-0.021327897810020906,0.021327897810020906
不多，,-0.021327897810020906,0.021327897810020906
很喜欢的,-0.021327897810020906,0.021327897810020906
他还是,-0.021327897810020906,0.021327897810020906
是让我,-0.021327897810020906,0.021327897810020906
次，,0.021297342798388824,0.021297342798388824
，或者是,-0.021258644202714973,0.021258644202714973
来的,-0.021216431410065986,0.021216431410065986
也，,0.021209329278792273,0.021209329278792273
样，,0.021201996597743217,0.021201996597743217
这样，,0.021201996597743217,0.021201996597743217
，上一次,0.021201996597743217,0.021201996597743217
进行,0.021201996597743217,0.021201996597743217
，上一,0.021201996597743217,0.021201996597743217
，就比较,0.021198242730706182,0.021198242730706182
就比较,0.021198242730706182,0.021198242730706182
到开心应,0.021198242730706182,0.021198242730706182
到开心应该,0.021198242730706182,0.021198242730706182
感到开心应,0.021198242730706182,0.021198242730706182
，太,-0.021180640709369248,0.021180640709369248
有一个,0.02115591689877876,0.02115591689877876
吧。因,0.021152240135204052,0.021152240135204052
吧。因为,0.021152240135204052,0.021152240135204052
接受,0.021088865689320835,0.021088865689320835
的生,-0.021081088037007024,0.021081088037007024
男朋友,0.021015525502017192,0.021015525502017192
男朋,0.021015525502017192,0.021015525502017192
的爸爸，我,-0.020989701700790585,0.020989701700790585
，睡不,-0.020989701700790585,0.020989701700790585
极向上的,-0.020989701700790585,0.020989701700790585
构成，,-0.020989701700790585,0.020989701700790585
，睡,-0.020989701700790585,0.020989701700790585
极向上,-0.020989701700790585,0.020989701700790585
，睡不着,-0.020989701700790585,0.020989701700790585
积极向上的,-0.020989701700790585,0.020989701700790585
我的爸爸,-0.020989701700790585,0.020989701700790585
我的爸,-0.020989701700790585,0.020989701700790585
积极向,-0.020989701700790585,0.020989701700790585
庭构成，,-0.020989701700790585,0.020989701700790585
。失,-0.020989701700790585,0.020989701700790585
爸，我的,-0.020989701700790585,0.020989701700790585
爸，我,-0.020989701700790585,0.020989701700790585
爸爸，我的,-0.020989701700790585,0.020989701700790585
爸，我的妈,-0.020989701700790585,0.020989701700790585
。失眠的时,-0.020989701700790585,0.020989701700790585
。失眠的,-0.020989701700790585,0.020989701700790585
，我的妈妈,-0.020989701700790585,0.020989701700790585
，我的妈,-0.020989701700790585,0.020989701700790585
。失眠,-0.020989701700790585,0.020989701700790585
积极向上,-0.020989701700790585,0.020989701700790585
向上的,-0.020989701700790585,0.020989701700790585
爸爸，我,-0.020989701700790585,0.020989701700790585
我的爸爸，,-0.020989701700790585,0.020989701700790585
向上,-0.020989701700790585,0.020989701700790585
家庭构成，,-0.020989701700790585,0.020989701700790585
极向,-0.020989701700790585,0.020989701700790585
额，我家,0.02084100422998869,0.02084100422998869
，我家,0.02084100422998869,0.02084100422998869
同学,-0.020815327900497168,0.020815327900497168
，发,0.0208055152355466,0.0208055152355466
还蛮,0.02079484217203248,0.02079484217203248
我上,0.020771078014571513,0.020771078014571513
就是,0.020756521457630007,0.020756521457630007
差不,0.02063786707057584,0.02063786707057584
差不多,0.02063786707057584,0.02063786707057584
。因为觉,0.02062932838428555,0.02062932838428555
。因为觉得,0.02062932838428555,0.02062932838428555
而是,0.02056171686353949,0.02056171686353949
的争吵,0.020438730844122614,0.020438730844122614
气很,0.02043631842007799,0.02043631842007799
气很好,0.02043631842007799,0.02043631842007799
发现了,0.02042945727896124,0.02042945727896124
晚饭,0.02042945727896124,0.02042945727896124
都没有,-0.02039777656721247,0.02039777656721247
都没,-0.02039777656721247,0.02039777656721247
，都,-0.020242079049253806,0.020242079049253806
觉得，,-0.02016294676516957,0.02016294676516957
冷静,0.020088232767404887,0.020088232767404887
争吵过。,0.0200025621509541,0.0200025621509541
吵过。,0.0200025621509541,0.0200025621509541
人争吵过。,0.0200025621509541,0.0200025621509541
我当时,-0.019892954892597087,0.019892954892597087
我当,-0.019892954892597087,0.019892954892597087
要原,0.019846896567162087,0.019846896567162087
要原因,0.019846896567162087,0.019846896567162087
主要原,0.019846896567162087,0.019846896567162087
主要原因,0.019846896567162087,0.019846896567162087
程中，,0.019846896567162087,0.019846896567162087
次和别人争,0.019846896567162087,0.019846896567162087
过程中，,0.019846896567162087,0.019846896567162087
我上一次和,0.019846896567162087,0.019846896567162087
我觉得我,0.019805253565585795,0.019805253565585795
明，,-0.019787391371681777,0.019787391371681777
到这,-0.019787391371681777,0.019787391371681777
，最后,0.019703065839241852,0.019703065839241852
是那,0.01968109035290597,0.01968109035290597
，但就,0.01964742453060334,0.01964742453060334
，但就是,0.01964742453060334,0.01964742453060334
是就,0.019595345272542062,0.019595345272542062
常的难,0.01958388068141147,0.01958388068141147
非常的难,0.01958388068141147,0.01958388068141147
出来的,-0.019530214248327186,0.019530214248327186
西，,-0.01946747295175321,0.01946747295175321
东西，,-0.01946747295175321,0.01946747295175321
回家的,0.019452579796243125,0.019452579796243125
以开,0.01936014534140185,0.01936014534140185
可以开,0.01936014534140185,0.01936014534140185
高，,0.019359396391503195,0.019359396391503195
得了，,0.019350985506783828,0.019350985506783828
最好的朋友,0.019319292535616053,0.019319292535616053
最好的朋,0.019319292535616053,0.019319292535616053
人在,0.019265199517474716,0.019265199517474716
在一起,-0.019189508036182405,0.019189508036182405
就因,0.019037819095521737,0.019037819095521737
，就因,0.019037819095521737,0.019037819095521737
，就因为,0.019037819095521737,0.019037819095521737
就因为,0.019037819095521737,0.019037819095521737
一次,-0.018973201558522702,0.018973201558522702
的经,0.0189094102105272,0.0189094102105272
分情况,-0.018837675852178996,0.018837675852178996
分情,-0.018837675852178996,0.018837675852178996
累，,0.018807064703628962,0.018807064703628962
有成,0.018687776356150067,0.018687776356150067
能把他,0.018687776356150067,0.018687776356150067
就是说,0.018687776356150067,0.018687776356150067
三的时候,0.018687776356150067,0.018687776356150067
三的,0.018687776356150067,0.018687776356150067
且就,0.018687776356150067,0.018687776356150067
，而且就是,0.018687776356150067,0.018687776356150067
，而且就,0.018687776356150067,0.018687776356150067
且就是,0.018687776356150067,0.018687776356150067
能把,0.018687776356150067,0.018687776356150067
而且就,0.018687776356150067,0.018687776356150067
而且就是,0.018687776356150067,0.018687776356150067
三的时,0.018687776356150067,0.018687776356150067
把他,0.018687776356150067,0.018687776356150067
出，,0.018687776356150067,0.018687776356150067
是我很,0.018687776356150067,0.018687776356150067
高三的时候,0.018687776356150067,0.018687776356150067
高三的时,0.018687776356150067,0.018687776356150067
高三的,0.018687776356150067,0.018687776356150067
来说,-0.018659763131863998,0.018659763131863998
，不是,0.01863126083993105,0.01863126083993105
最讨厌的,0.01861435186595464,0.01861435186595464
我觉得这个,0.01861273649130215,0.01861273649130215
啊，就,0.018591610528755537,0.018591610528755537
别特,0.018591610528755537,0.018591610528755537
别特别,0.018591610528755537,0.018591610528755537
特别特,0.018591610528755537,0.018591610528755537
特别特别,0.018591610528755537,0.018591610528755537
"
上一次感",-0.018529427703420163,0.018529427703420163
就是，额,0.018497265872480403,0.018497265872480403
就是，额，,0.018497265872480403,0.018497265872480403
就好,-0.018365775166037587,0.018365775166037587
的家,-0.018364215719138096,0.018364215719138096
次感到,-0.018308572810826457,0.018308572810826457
次感,-0.018308572810826457,0.018308572810826457
一次感,-0.018308572810826457,0.018308572810826457
一次感到,-0.018308572810826457,0.018308572810826457
过去,-0.018234781462183762,0.018234781462183762
之类的,-0.01821942457398454,0.01821942457398454
之类,-0.01821942457398454,0.01821942457398454
"
我喜欢",-0.01812905940403834,0.01812905940403834
"
我喜",-0.01812905940403834,0.01812905940403834
，可,0.018055027015786675,0.018055027015786675
甚至,0.017861741742752072,0.017861741742752072
长得,0.017859224498975434,0.017859224498975434
变得,0.017834699334476817,0.017834699334476817
人生，,-0.017809742445661376,0.017809742445661376
个世界,0.017797357345840606,0.017797357345840606
个世,0.017797357345840606,0.017797357345840606
子，,-0.017647763776646792,0.017647763776646792
家里,0.01757369262692572,0.01757369262692572
其他人,0.017545166125238695,0.017545166125238695
和别人争吵,-0.017537841599252042,0.017537841599252042
和别人争,-0.017537841599252042,0.017537841599252042
我觉得小孩,0.017515479113635594,0.017515479113635594
我觉得小,0.017515479113635594,0.017515479113635594
前了吧。,0.017487291970294878,0.017487291970294878
以前了吧,0.017487291970294878,0.017487291970294878
以前了,0.017487291970294878,0.017487291970294878
以前了吧。,0.017487291970294878,0.017487291970294878
前了吧,0.017487291970294878,0.017487291970294878
前了,0.017487291970294878,0.017487291970294878
有的时候就,0.017485466027041263,0.017485466027041263
种情况,0.017485466027041263,0.017485466027041263
，我一,0.017485466027041263,0.017485466027041263
的话，就是,0.017485466027041263,0.017485466027041263
大部,0.017485466027041263,0.017485466027041263
大部分,0.017485466027041263,0.017485466027041263
还有一些,0.017485466027041263,0.017485466027041263
话，就是,0.017485466027041263,0.017485466027041263
，这样一,-0.01742998846923019,0.01742998846923019
水平，,-0.01742998846923019,0.01742998846923019
，这样一个,-0.01742998846923019,0.01742998846923019
包括,-0.01742998846923019,0.01742998846923019
种，有,-0.01742998846923019,0.01742998846923019
，作为一,-0.01742998846923019,0.01742998846923019
，作为,-0.01742998846923019,0.01742998846923019
水平,-0.01742998846923019,0.01742998846923019
作为一,-0.01742998846923019,0.01742998846923019
，作,-0.01742998846923019,0.01742998846923019
我的一个,-0.01742998846923019,0.01742998846923019
的非,-0.01742998846923019,0.01742998846923019
的非常,-0.01742998846923019,0.01742998846923019
师，他,-0.01742998846923019,0.01742998846923019
个小,-0.01742998846923019,0.01742998846923019
学的是,0.017389723261521665,0.017389723261521665
感的,0.017301425281236463,0.017301425281236463
精神,0.01701720812495813,0.01701720812495813
会感,-0.016916799283383403,0.016916799283383403
事情就是,-0.01689749473097816,0.01689749473097816
的事情就是,-0.01689749473097816,0.01689749473097816
情就是,-0.01689749473097816,0.01689749473097816
人，然,-0.016882797972552568,0.016882797972552568
人，然后,-0.016882797972552568,0.016882797972552568
的问题,0.016550659654202788,0.016550659654202788
的问,0.016550659654202788,0.016550659654202788
下，,-0.01652413523485443,0.01652413523485443
是一个,-0.01650168660670889,0.01650168660670889
工程,0.01605571156313394,0.01605571156313394
，因为很,0.015913318996487878,0.015913318996487878
考研,0.01588267279181837,0.01588267279181837
是还,0.015774441969186818,0.015774441969186818
说我,-0.015772543196683805,0.015772543196683805
晚上,0.015752027209100315,0.015752027209100315
努力,-0.015660903604681798,0.015660903604681798
着，,0.01565875454259245,0.01565875454259245
但我,0.015560302761795946,0.015560302761795946
得小,-0.015548794331981006,0.015548794331981006
得小孩,-0.015548794331981006,0.015548794331981006
觉得小孩,-0.015548794331981006,0.015548794331981006
觉得小,-0.015548794331981006,0.015548794331981006
，我觉,-0.015490868932526032,0.015490868932526032
，我觉得,-0.015490868932526032,0.015490868932526032
吧，我,0.015404564881410706,0.015404564881410706
了吧。,-0.015186512020177349,0.015186512020177349
难平,0.015128063124589678,0.015128063124589678
奋的,0.015128063124589678,0.015128063124589678
，嗯，,-0.015051471493089531,0.015051471493089531
没有那,-0.014971949558673188,0.014971949558673188
有那么,-0.014971949558673188,0.014971949558673188
没有那么,-0.014971949558673188,0.014971949558673188
小的,-0.014960327126484685,0.014960327126484685
照顾,0.014931433601290178,0.014931433601290178
"。
上一",-0.01492037002419119,0.01492037002419119
不知道我,0.014888486591265645,0.014888486591265645
，他们,-0.014856456308136215,0.014856456308136215
"。
我上",0.014703214720588827,0.014703214720588827
"
我上",0.014703214720588827,0.014703214720588827
好的,0.014585657724495242,0.014585657724495242
"。
上一次",0.014491709517979295,0.014491709517979295
之后就,0.014415935531387338,0.014415935531387338
性格,0.014406719077133649,0.014406719077133649
"
上",-0.014303811540430015,0.014303811540430015
激动,-0.014241407487965554,0.014241407487965554
，很,0.014176687616724335,0.014176687616724335
是打,0.014169257095868394,0.014169257095868394
算是,0.014127994055695113,0.014127994055695113
我觉得那,0.01411619225684369,0.01411619225684369
分。,0.01411619225684369,0.01411619225684369
可能就,0.01411619225684369,0.01411619225684369
能就,0.01411619225684369,0.01411619225684369
觉得那,0.01411619225684369,0.01411619225684369
得那,0.01411619225684369,0.01411619225684369
后对,0.014106211234685315,0.014106211234685315
然后对,0.014106211234685315,0.014106211234685315
一些，,0.013876699120561664,0.013876699120561664
价值,0.013835545855398357,0.013835545855398357
们的,-0.013814037163501262,0.013814037163501262
想不,-0.013760246772456112,0.013760246772456112
他们一,-0.013740936247460431,0.013740936247460431
比如说，,0.013637864791349846,0.013637864791349846
如说，,0.013637864791349846,0.013637864791349846
，最,0.013578523030830016,0.013578523030830016
里面,0.013465109294631347,0.013465109294631347
兴趣,-0.013410109073818621,0.013410109073818621
是上,0.013394631823866665,0.013394631823866665
然后我觉,0.013357895253593814,0.013357895253593814
后我觉,0.013357895253593814,0.013357895253593814
后我觉得,0.013357895253593814,0.013357895253593814
。然后我,0.013357895253593814,0.013357895253593814
到了我,0.013357895253593814,0.013357895253593814
然后我觉得,0.013357895253593814,0.013357895253593814
，可以,0.01334099583455458,0.01334099583455458
队的,0.013336154035109465,0.013336154035109465
其实,0.013318327143648452,0.013318327143648452
个人就,0.013247830025777431,0.013247830025777431
个问题,-0.013234139990253099,0.013234139990253099
个问,-0.013234139990253099,0.013234139990253099
当时就,0.013220909825769952,0.013220909825769952
时就,0.013220909825769952,0.013220909825769952
我自己,-0.013220580284824446,0.013220580284824446
我自,-0.013220580284824446,0.013220580284824446
没有跟别,0.01315141113198671,0.01315141113198671
有跟别,0.01315141113198671,0.01315141113198671
没有跟别人,0.01315141113198671,0.01315141113198671
有跟别人,0.01315141113198671,0.01315141113198671
有跟别人争,0.01315141113198671,0.01315141113198671
中，,-0.01315001456163192,0.01315001456163192
它可,0.013063691681220369,0.013063691681220369
时候我,-0.01305296011397056,0.01305296011397056
候我,-0.01305296011397056,0.01305296011397056
的时候我,-0.01305296011397056,0.01305296011397056
总是会,0.012995343995135416,0.012995343995135416
候，就是，,0.012995343995135416,0.012995343995135416
是，我,0.012995343995135416,0.012995343995135416
，就是我,0.012995343995135416,0.012995343995135416
就是，我,0.012995343995135416,0.012995343995135416
，甚,0.012966872734457005,0.012966872734457005
，甚至,0.012966872734457005,0.012966872734457005
时，,-0.012942181690823746,0.012942181690823746
类的。,0.01285752269868504,0.01285752269868504
因为是,0.01285752269868504,0.01285752269868504
的东西，,0.01285752269868504,0.01285752269868504
实我,0.012819036311531926,0.012819036311531926
其实我,0.012819036311531926,0.012819036311531926
主要,0.012761704263257321,0.012761704263257321
，小孩子,0.012719668977499158,0.012719668977499158
，小孩,0.012719668977499158,0.012719668977499158
我就会,0.012718050631584299,0.012718050631584299
有办法,-0.012639635534822953,0.012639635534822953
有办,-0.012639635534822953,0.012639635534822953
没有办法,-0.012639635534822953,0.012639635534822953
没有办,-0.012639635534822953,0.012639635534822953
们两,0.012622468431330313,0.012622468431330313
们两个,0.012622468431330313,0.012622468431330313
不喜欢，因,0.012584331237515628,0.012584331237515628
，主要,0.012539896367021054,0.012539896367021054
，主,0.012539896367021054,0.012539896367021054
一下,-0.012532740041532632,0.012532740041532632
某种,0.012504605797884183,0.012504605797884183
有他,0.012504605797884183,0.012504605797884183
，会有,0.012504605797884183,0.012504605797884183
事情是,0.012504605797884183,0.012504605797884183
兴奋,0.012504605797884183,0.012504605797884183
情是,0.012504605797884183,0.012504605797884183
的事情是,0.012504605797884183,0.012504605797884183
是总,0.01245889304239761,0.01245889304239761
影响到,0.01245889304239761,0.01245889304239761
响到,0.01245889304239761,0.01245889304239761
，应,-0.01236266288185612,0.01236266288185612
成熟,0.01229432927274701,0.01229432927274701
来，,-0.012275822887822328,0.012275822887822328
小孩，,-0.01220920266488974,0.01220920266488974
孩，,-0.01220920266488974,0.01220920266488974
是我们,0.012121640755723095,0.012121640755723095
我可,-0.012091037829871311,0.012091037829871311
挺可爱,0.012076449065125231,0.012076449065125231
挺可,0.012076449065125231,0.012076449065125231
的。就,0.012057723884318344,0.012057723884318344
因为，,0.012055758485809179,0.012055758485809179
的，所,0.01203920635596107,0.01203920635596107
的，所以,0.01203920635596107,0.01203920635596107
我是不,0.011930571918658895,0.011930571918658895
我是不是,0.011930571918658895,0.011930571918658895
候最喜,-0.011918518189601976,0.011918518189601976
时候最喜欢,-0.011918518189601976,0.011918518189601976
时候最,-0.011918518189601976,0.011918518189601976
候最喜欢,-0.011918518189601976,0.011918518189601976
候最,-0.011918518189601976,0.011918518189601976
时候最喜,-0.011918518189601976,0.011918518189601976
。原,-0.011893155719132636,0.011893155719132636
。原因,-0.011893155719132636,0.011893155719132636
呃，,0.011878600051912429,0.011878600051912429
。就是，,0.011878600051912429,0.011878600051912429
击他,0.011878600051912429,0.011878600051912429
或是,0.011878600051912429,0.011878600051912429
"
嗯",-0.01186933289434674,0.01186933289434674
在大学,0.011855467089055582,0.011855467089055582
啊，,0.011853674141473721,0.011853674141473721
方式,-0.011694632083563255,0.011694632083563255
我可能,0.01168808376402002,0.01168808376402002
么多,0.011673614002795759,0.011673614002795759
骗了,0.011643926991192662,0.011643926991192662
立一,0.011643926991192662,0.011643926991192662
他就,-0.011546809633449784,0.011546809633449784
印象,-0.011508921776329159,0.011508921776329159
，或者,0.011496322564541386,0.011496322564541386
，或,0.011496322564541386,0.011496322564541386
我觉得这,-0.011400309832512728,0.011400309832512728
。然后,0.011374082917749963,0.011374082917749963
。然,0.011374082917749963,0.011374082917749963
较，,0.01135214385332271,0.01135214385332271
比较，,0.01135214385332271,0.01135214385332271
的方式,0.01131019476955471,0.01131019476955471
适合,0.011287465344839515,0.011287465344839515
家庭,-0.011248760449157215,0.011248760449157215
人，,0.011179585701040218,0.011179585701040218
己的,0.01116248800676593,0.01116248800676593
自己的,0.01116248800676593,0.01116248800676593
在这,0.011158826180722687,0.011158826180722687
觉，,0.011147431030270692,0.011147431030270692
勇气,0.011137465007894217,0.011137465007894217
来了,0.011137465007894217,0.011137465007894217
我之,0.011137465007894217,0.011137465007894217
，我，,0.011116753486747817,0.011116753486747817
真，,0.011075670870725834,0.011075670870725834
。嗯,-0.01106070458561722,0.01106070458561722
。嗯，,-0.01106070458561722,0.01106070458561722
很，,0.011028003337331694,0.011028003337331694
的情,-0.010867340466442818,0.010867340466442818
的人生，,0.01078147960715885,0.01078147960715885
这边,-0.01073395596919788,0.01073395596919788
了，我,0.010698449827783991,0.010698449827783991
入到,0.010593857701329671,0.010593857701329671
的时候，我,0.010577710428087701,0.010577710428087701
候，我,0.010577710428087701,0.010577710428087701
时候，我,0.010577710428087701,0.010577710428087701
觉非常的难,0.010513233733883205,0.010513233733883205
能很,0.010513233733883205,0.010513233733883205
会感觉,0.010513233733883205,0.010513233733883205
我可能会,0.010513233733883205,0.010513233733883205
的专,-0.01044647677189117,0.01044647677189117
的专业,-0.01044647677189117,0.01044647677189117
的难,0.010285753758509885,0.010285753758509885
跟别人争,-0.010231970028272473,0.010231970028272473
可能没,0.010230360791358516,0.010230360791358516
能没,0.010230360791358516,0.010230360791358516
个成绩还,0.010080929495555498,0.010080929495555498
绩还,0.010080929495555498,0.010080929495555498
成绩还,0.010080929495555498,0.010080929495555498
那个成,0.010080929495555498,0.010080929495555498
那个成绩,0.010080929495555498,0.010080929495555498
就，我,0.010080929495555498,0.010080929495555498
久没有,-0.010048878096008561,0.010048878096008561
很久没,-0.010048878096008561,0.010048878096008561
很久没有,-0.010048878096008561,0.010048878096008561
久没,-0.010048878096008561,0.010048878096008561
为是我,0.010038144698601629,0.010038144698601629
为是我的,0.010038144698601629,0.010038144698601629
有。,0.010038144698601629,0.010038144698601629
有点不,-0.009972185392522797,0.009972185392522797
时候，然后,0.009946516569181649,0.009946516569181649
的时候，然,0.009946516569181649,0.009946516569181649
时候，然,0.009946516569181649,0.009946516569181649
候，然,0.009946516569181649,0.009946516569181649
候，然后,0.009946516569181649,0.009946516569181649
他们在一起,0.009946516569181649,0.009946516569181649
们在一起,0.009946516569181649,0.009946516569181649
有的时候我,0.009946516569181649,0.009946516569181649
的东西。,-0.009927490444868126,0.009927490444868126
进入,0.009922915931619402,0.009922915931619402
只是,-0.009894563687049976,0.009894563687049976
这个,-0.009863813524734803,0.009863813524734803
很难,0.009795640033849742,0.009795640033849742
里人,0.009795640033849742,0.009795640033849742
到说,0.009795640033849742,0.009795640033849742
家里人,0.009795640033849742,0.009795640033849742
学习的是,0.009782485555280171,0.009782485555280171
习的是,0.009782485555280171,0.009782485555280171
也是我,0.009635242312365525,0.009635242312365525
"
喜欢看",0.009600814300076666,0.009600814300076666
状态,-0.009527962519033265,0.009527962519033265
们一,0.009510509540032972,0.009510509540032972
是很喜,0.009505963344070634,0.009505963344070634
是很喜欢,0.009505963344070634,0.009505963344070634
特别的,0.009481315075549793,0.009481315075549793
别的,0.009481315075549793,0.009481315075549793
"
我喜欢小",0.009470296538364,0.009470296538364
游戏，,0.009436323091991848,0.009436323091991848
戏，,0.009436323091991848,0.009436323091991848
敏感,0.00940562836384501,0.00940562836384501
我本,-0.009355502068324171,0.009355502068324171
深刻,0.009319413026866983,0.009319413026866983
深刻的,0.009319413026866983,0.009319413026866983
业是,0.009231188797890373,0.009231188797890373
专业是,0.009231188797890373,0.009231188797890373
，就,-0.009187028096392578,0.009187028096392578
，一般,0.009151401885302597,0.009151401885302597
人，我,-0.009144655884736057,0.009144655884736057
题的,-0.009140836091514285,0.009140836091514285
问题的,-0.009140836091514285,0.009140836091514285
外一个,0.009126289562438402,0.009126289562438402
另外一个,0.009126289562438402,0.009126289562438402
很多,0.009106717793358438,0.009106717793358438
个成绩,-0.008983798946187399,0.008983798946187399
非常,-0.00897257752226592,0.00897257752226592
二十,-0.008957122057773015,0.008957122057773015
好。,-0.008951692110412163,0.008951692110412163
，想,0.00886936614624366,0.00886936614624366
很可爱，,0.008861700914099586,0.008861700914099586
处理,-0.008825243586604949,0.008825243586604949
爽。,0.008772194101861497,0.008772194101861497
平，,0.008749299673285431,0.008749299673285431
当然,0.008691389666103944,0.008691389666103944
是两个,0.008679758787522461,0.008679758787522461
确定,-0.008580182814847117,0.008580182814847117
。这,-0.00857960163625006,0.00857960163625006
那些,0.008529389831207908,0.008529389831207908
是我,0.008480290248275069,0.008480290248275069
还挺,0.008437673292837334,0.008437673292837334
以很,0.008350788079091188,0.008350788079091188
所以很,0.008350788079091188,0.008350788079091188
饭，,0.008350788079091188,0.008350788079091188
回家,-0.008330531871264785,0.008330531871264785
。原因是,0.008312693493306106,0.008312693493306106
帮助,0.0081156590388556,0.0081156590388556
这个问题,0.008073087104430401,0.008073087104430401
这个问,0.008073087104430401,0.008073087104430401
不是特,-0.008059610452091814,0.008059610452091814
不是特别,-0.008059610452091814,0.008059610452091814
。有,-0.008000798503256794,0.008000798503256794
没有，,-0.007935176584056326,0.007935176584056326
对我,-0.007933309858408507,0.007933309858408507
时间,-0.007889535261393429,0.007889535261393429
吵，,0.007885923326484977,0.007885923326484977
就他,0.007884009658056405,0.007884009658056405
。后,0.007884009658056405,0.007884009658056405
。就他,0.007884009658056405,0.007884009658056405
大的,-0.007866005642175291,0.007866005642175291
不多,0.007843296826411585,0.007843296826411585
因为我本身,0.007759571040401372,0.007759571040401372
本身就,0.007759571040401372,0.007759571040401372
为我本身就,0.007759571040401372,0.007759571040401372
因为我本,0.007759571040401372,0.007759571040401372
为我本,0.007759571040401372,0.007759571040401372
我本身就,0.007759571040401372,0.007759571040401372
身就,0.007759571040401372,0.007759571040401372
为我本身,0.007759571040401372,0.007759571040401372
我本身,0.007759571040401372,0.007759571040401372
话，,0.007726232495546375,0.007726232495546375
因。,0.007652265323677722,0.007652265323677722
原因。,0.007652265323677722,0.007652265323677722
为，,-0.0075787198491380076,0.0075787198491380076
，所,0.007562706386373489,0.007562706386373489
，所以,0.007562706386373489,0.007562706386373489
父母,0.007551588001862676,0.007551588001862676
然后有,-0.007546155673739109,0.007546155673739109
后有,-0.007546155673739109,0.007546155673739109
会说,-0.007546155673739109,0.007546155673739109
，父,0.007481405785902876,0.007481405785902876
一般,0.0074654521107752015,0.0074654521107752015
的小孩，,0.007464522577147754,0.007464522577147754
开心。,-0.007444488920955828,0.007444488920955828
的是,-0.007390141354712934,0.007390141354712934
，当时,-0.007379238026002144,0.007379238026002144
他们的,-0.0073490311066464606,0.0073490311066464606
是。,0.007141458370714088,0.007141458370714088
看看,0.007003066862270564,0.007003066862270564
好的朋,0.006972725535983141,0.006972725535983141
好的朋友,0.006972725535983141,0.006972725535983141
的的,-0.0069635185994213296,0.0069635185994213296
很吵闹,-0.0069635185994213296,0.0069635185994213296
吵闹，,-0.0069635185994213296,0.0069635185994213296
吵闹,-0.0069635185994213296,0.0069635185994213296
很吵闹，,-0.0069635185994213296,0.0069635185994213296
所以我,0.006932662616622589,0.006932662616622589
以我,0.006932662616622589,0.006932662616622589
，所以我,0.006932662616622589,0.006932662616622589
的，然,-0.0069113266437017045,0.0069113266437017045
的，然后,-0.0069113266437017045,0.0069113266437017045
就是没,-0.006874942251524142,0.006874942251524142
就是没有,-0.006874942251524142,0.006874942251524142
，就是没有,-0.006874942251524142,0.006874942251524142
，就是没,-0.006874942251524142,0.006874942251524142
的争,0.006846524859442114,0.006846524859442114
最深,-0.006681934496221736,0.006681934496221736
，我觉得这,-0.006676071512135728,0.006676071512135728
很大,0.006575763311390302,0.006575763311390302
，然后我就,0.006558897658914937,0.006558897658914937
有在高,0.006558897658914937,0.006558897658914937
把我的,0.006558897658914937,0.006558897658914937
但就是,0.006499686395424184,0.006499686395424184
但就,0.006499686395424184,0.006499686395424184
为一,0.006441087458316478,0.006441087458316478
情况,0.006437957432582503,0.006437957432582503
心应,0.00641113301998942,0.00641113301998942
心应该是,0.00641113301998942,0.00641113301998942
开心应该,0.00641113301998942,0.00641113301998942
开心应,0.00641113301998942,0.00641113301998942
开心应该是,0.00641113301998942,0.00641113301998942
心应该,0.00641113301998942,0.00641113301998942
，但,-0.0063341756403090315,0.0063341756403090315
的小孩子。,0.006324480308825823,0.006324480308825823
去大,0.006324480308825823,0.006324480308825823
，其,-0.006238574187295827,0.006238574187295827
我就,-0.006130062284910437,0.006130062284910437
松的,-0.006060606157969081,0.006060606157969081
松的时候,-0.006060606157969081,0.006060606157969081
放松的时候,-0.006060606157969081,0.006060606157969081
放松的时,-0.006060606157969081,0.006060606157969081
松的时,-0.006060606157969081,0.006060606157969081
放松的,-0.006060606157969081,0.006060606157969081
的方,0.006059580075353752,0.006059580075353752
别人争吵应,-0.0059562050871784416,0.0059562050871784416
人争吵应,-0.0059562050871784416,0.0059562050871784416
吵应该是,-0.0059562050871784416,0.0059562050871784416
争吵应该是,-0.0059562050871784416,0.0059562050871784416
人争吵应该,-0.0059562050871784416,0.0059562050871784416
路上,0.005865903487863462,0.005865903487863462
完，,0.005840232598809629,0.005840232598809629
时是,0.005797413367998879,0.005797413367998879
当时，,0.005797413367998879,0.005797413367998879
在看,0.005797413367998879,0.005797413367998879
当时是,0.005797413367998879,0.005797413367998879
现了,0.005682542409546811,0.005682542409546811
发现,0.005673142849286611,0.005673142849286611
嗯比,0.005654760654935763,0.005654760654935763
很快,0.0056394460326908945,0.0056394460326908945
当时我,-0.00563573358456943,0.00563573358456943
时我,-0.00563573358456943,0.00563573358456943
了，就,0.005425970868495304,0.005425970868495304
好吃的,-0.005412329592687417,0.005412329592687417
好吃,-0.005412329592687417,0.005412329592687417
，上,0.005353202238431505,0.005353202238431505
悔。,0.0053233269527870955,0.0053233269527870955
后悔。,0.0053233269527870955,0.0053233269527870955
应该是,0.005263256200290013,0.005263256200290013
该是,0.005263256200290013,0.005263256200290013
都会,-0.005235202239261015,0.005235202239261015
最讨厌,0.005190891746408806,0.005190891746408806
最讨,0.005190891746408806,0.005190891746408806
选择,0.0049787084820876295,0.0049787084820876295
有去,-0.004937210829155965,0.004937210829155965
我家,0.004904338333634714,0.004904338333634714
过。,0.004790757741027565,0.004790757741027565
本身,-0.00478657475311032,0.00478657475311032
欢。,-0.004759144378058685,0.004759144378058685
喜欢。,-0.004759144378058685,0.004759144378058685
听音,0.004757326799706336,0.004757326799706336
听音乐,0.004757326799706336,0.004757326799706336
开心的事,-0.004725455228091714,0.004725455228091714
心的事,-0.004725455228091714,0.004725455228091714
的。,-0.004709227421867743,0.004709227421867743
，能够,-0.004583045030230604,0.004583045030230604
前的,-0.0045785593082754705,0.0045785593082754705
间，,0.004406269481519505,0.004406269481519505
在宿,0.004348052330076308,0.004348052330076308
宿舍,0.004348052330076308,0.004348052330076308
在宿舍,0.004348052330076308,0.004348052330076308
家的,-0.00434148535187819,0.00434148535187819
过了,-0.0042390726273286525,0.0042390726273286525
的压,0.004199293062047727,0.004199293062047727
，然后去,0.004184964513314888,0.004184964513314888
后去,0.004184964513314888,0.004184964513314888
然后去,0.004184964513314888,0.004184964513314888
最好的,-0.004152362761336343,0.004152362761336343
吧，,0.004063415083472525,0.004063415083472525
在大,0.004044272241633454,0.004044272241633454
去了,-0.004007873467821668,0.004007873467821668
经历,-0.004006386078912064,0.004006386078912064
的经历,0.003965349222600493,0.003965349222600493
的情绪,0.0038962378481516005,0.0038962378481516005
很好，,0.003835742973993546,0.003835742973993546
，也,0.0037379313881341697,0.0037379313881341697
我也不知道,-0.003688977575864276,0.003688977575864276
也不知,-0.003688977575864276,0.003688977575864276
我也不知,-0.003688977575864276,0.003688977575864276
也不知道我,-0.003688977575864276,0.003688977575864276
也不知道,-0.003688977575864276,0.003688977575864276
为是,-0.0036465717180388132,0.0036465717180388132
发生了,-0.003562236807724702,0.003562236807724702
生了,-0.003562236807724702,0.003562236807724702
，我最,0.003514760263048893,0.003514760263048893
一起。,0.0034348759531514124,0.0034348759531514124
在一起。,0.0034348759531514124,0.0034348759531514124
起。,0.0034348759531514124,0.0034348759531514124
，就会,0.003425565878640217,0.003425565878640217
各种,0.0033956377558753436,0.0033956377558753436
姐姐,0.003336486376501214,0.003336486376501214
样的,0.0033197997408218613,0.0033197997408218613
对，,0.003298503808157314,0.003298503808157314
为这,0.0031728952290525137,0.0031728952290525137
因为这,0.0031728952290525137,0.0031728952290525137
我没有,0.003144664803148675,0.003144664803148675
我没,0.003144664803148675,0.003144664803148675
另外,-0.0030331663200311634,0.0030331663200311634
外一,-0.0030331663200311634,0.0030331663200311634
另外一,-0.0030331663200311634,0.0030331663200311634
小孩子的,-0.002848930257679571,0.002848930257679571
欢小孩子的,-0.002848930257679571,0.002848930257679571
松。,0.0028469901891684337,0.0028469901891684337
别人争吵过,0.0028410944682588286,0.0028410944682588286
，小,-0.00274895176967638,0.00274895176967638
麻烦,0.002606488804384899,0.002606488804384899
孩子，,0.0025895648797227035,0.0025895648797227035
，去,-0.002554810187743687,0.002554810187743687
别人的,-0.0024918649870718837,0.0024918649870718837
讨厌的,0.0023056342122787276,0.0023056342122787276
厌的,0.0023056342122787276,0.0023056342122787276
就可,0.0023023577571642216,0.0023023577571642216
不起,0.002266978626574106,0.002266978626574106
不起来,0.002266978626574106,0.002266978626574106
想不起,0.002266978626574106,0.002266978626574106
想不起来,0.002266978626574106,0.002266978626574106
地方,-0.002203615616007119,0.002203615616007119
上一次感到,-0.0021763252795558834,0.0021763252795558834
上一次感,-0.0021763252795558834,0.0021763252795558834
次感到开,-0.0021763252795558834,0.0021763252795558834
一次感到开,-0.0021763252795558834,0.0021763252795558834
次感到开心,-0.0021763252795558834,0.0021763252795558834
的成,-0.0021586796710147257,0.0021586796710147257
吵的,-0.0021498447692888433,0.0021498447692888433
争吵的,-0.0021498447692888433,0.0021498447692888433
的程,-0.0021224794862481277,0.0021224794862481277
。不,-0.0020934472673924684,0.0020934472673924684
小孩子的。,-0.0020764514338103128,0.0020764514338103128
子的。,-0.0020764514338103128,0.0020764514338103128
孩子的。,-0.0020764514338103128,0.0020764514338103128
他们就,0.0019514628858186304,0.0019514628858186304
，跟,-0.001939609766390966,0.001939609766390966
有一点,-0.0019327497341565525,0.0019327497341565525
周末,-0.0018128709342266573,0.0018128709342266573
较大，,-0.0017513958468106392,0.0017513958468106392
比较大，,-0.0017513958468106392,0.0017513958468106392
的时候最喜,-0.001648537501428808,0.001648537501428808
的时候最,-0.001648537501428808,0.001648537501428808
松的时候最,-0.001648537501428808,0.001648537501428808
不是一,0.0014752787263471651,0.0014752787263471651
些，,-0.0014454816245048896,0.0014454816245048896
松的时候喜,0.0013720388769442198,0.0013720388769442198
"。
其实",-0.0013122619292049087,0.0013122619292049087
"。
其",-0.0013122619292049087,0.0013122619292049087
"
其",-0.0013122619292049087,0.0013122619292049087
"
其实",-0.0013122619292049087,0.0013122619292049087
开朗,-0.0012752294939409243,0.0012752294939409243
心理,-0.0012365045804828263,0.0012365045804828263
受。,-0.0012302750239288087,0.0012302750239288087
站在,-0.0012302750239288087,0.0012302750239288087
边，,-0.0012302750239288087,0.0012302750239288087
想，,-0.0011832393516697933,0.0011832393516697933
就好了,0.0011279366231401883,0.0011279366231401883
"
我",-0.0011166516185885317,0.0011166516185885317
如说,0.0010941974442101544,0.0010941974442101544
比如说,0.0010941974442101544,0.0010941974442101544
比如,0.0010941974442101544,0.0010941974442101544
很少,-0.0010214535496452727,0.0010214535496452727
得，,0.0009399957445917107,0.0009399957445917107
刻的,-0.0009310237396229567,0.0009310237396229567
得这个,0.0009220155949405503,0.0009220155949405503
觉得这个,0.0009220155949405503,0.0009220155949405503
还可以,-0.0009085725055114484,0.0009085725055114484
还可,-0.0009085725055114484,0.0009085725055114484
上自己,0.0008182123264381625,0.0008182123264381625
上自,0.0008182123264381625,0.0008182123264381625
悔的事情就,0.0008182123264381625,0.0008182123264381625
听歌,-0.0007581485256601508,0.0007581485256601508
觉得,-0.0007374717150968695,0.0007374717150968695
他人,0.000729786548107821,0.000729786548107821
，跟他,0.0005748559853672997,0.0005748559853672997
们一起,-0.0005610591883381309,0.0005610591883381309
不知道,0.000520379196482067,0.000520379196482067
不知,0.000520379196482067,0.000520379196482067
的是软件,0.0005055081548326648,0.0005055081548326648
的是软,0.0005055081548326648,0.0005055081548326648
的是软件工,0.0005055081548326648,0.0005055081548326648
跟别人争吵,0.0004663737766701033,0.0004663737766701033
"
最",0.00045915762489032283,0.00045915762489032283
种情,0.00044764983418662315,0.00044764983418662315
两个人,0.00044691327611447174,0.00044691327611447174
，应该,-0.000410126495778594,0.000410126495778594
，听,0.0003742339352946404,0.0003742339352946404
发生,-0.0003546148361009815,0.0003546148361009815
不开心的,-0.0002945519336961085,0.0002945519336961085
很久,-0.00021882771238262446,0.00021882771238262446
吧。,-0.00011194969297071555,0.00011194969297071555
，这样,6.795547467451188e-05,6.795547467451188e-05
