feature,coefficient
00,-0.08761522576737343
00 am,-0.12157303454568878
000,-0.16431335024838703
00pm,-0.06081547543303514
10,-0.13115439166729703
10 15,0.09662657612254771
10 25,-0.020430901918932813
10 and,0.03400860733794845
10 hours,-0.012920620493517004
10 minute,-0.05427865834755191
10 minutes,0.025232745364044993
10 months,-0.017167714558238963
10 on,0.05483311838847818
10 year,-0.04236391774545012
10 years,-0.046667362141056774
10 yrs,0.03316401491401087
100,0.028668226250907113
100 on,-0.061148765224738784
100 or,-0.05427865834755191
100 real,-0.09122305349596474
1000,-0.22346089461815738
100mg,0.06370611860288938
10mg,-0.05995731830113116
10pm,-0.1453885212251505
10th,-0.04187860401018003
11,-0.0684463236724328
11 years,0.02625253383551115
11th,0.0664213694195763
12,0.2574172037719108
12 hours,0.015326956871811225
12 years,0.004683852644572399
120,-0.04565327507236108
1200,-0.10481782277352442
13,-0.04113574275359081
13 my,-0.10797645415252655
13 server,-0.027547453310445995
13 years,0.010871513690240206
130,0.06622875414219666
130 pounds,0.06622875414219666
14,-0.13664192797162633
14 but,-0.10482776721612301
14 when,0.10249243820629418
14 year,-0.08865011453374938
15,-0.4490695100740948
15 minutes,-0.14250415671464567
15 year,-0.005794684690923644
15 years,-0.16459213538871179
150,0.03453029030585071
1500,-0.06986742969414057
15th,-0.07967517191481599
16,-0.14001901471757602
16 and,-0.005815073573394395
16 hours,0.0063825422990092615
16 my,0.10389606375601279
16 so,-0.03094782634911566
16 years,-0.08964632494022373
16m,-0.1457849617176248
17,-0.27294978302477113
17 and,0.008084007154376042
17 hours,-0.01482670590145348
17 was,0.04147507659077504
17 years,0.06342946812816386
18,-0.2961962839414948
18 40,-0.020430901918932813
18 and,0.024208233039779523
18 at,-0.05581193537247974
18 don,-0.032808319659872645
18 months,-0.11955804314414648
18 or,-0.04509382103789202
18 speak,-0.05427865834755191
18 url,-0.05081511325618829
18 year,0.022942290043011158
18 years,-0.0755699797965421
18 you,-0.027547453310445995
180,0.07064322462248336
19,0.12957876163917437
19 and,-0.024005703151186695
19 but,0.08698677524902593
1am,-0.03559925811102999
1mg,0.04924200285306487
1st,0.015933769746346367
20,0.07011122284265596
20 and,0.08092244435831308
20 in,-0.1194016784816553
20 mins,0.009489684359531953
20 minutes,-0.10106023067732456
20 something,-0.11539226199990395
20 years,-0.02226096204315443
200,-0.12424864512557016
2000,-0.009607291056282384
2002,-0.06685093545277009
2006,0.002075412784010198
2011,-0.13143954696858196
2012,-0.1088690022255556
2013,-0.15416891683457584
2014,-0.11525013499078572
2015,-0.32691542219908126
2016,-0.11718348806929525
2016 through,-0.03632146800876842
2017,-0.004221827409006809
2018,-0.1544022479385705
2019,0.06664161795223164
20mg,-0.08814336129164792
20s,0.1494369295740812
20s and,0.08116352503344555
21,-0.14490624641154173
21 and,-0.013835071236432668
21 year,-0.012896127534165752
21 years,-0.031812769315060996
21 yrs,-0.11957624047537502
21st,-0.09874767557641898
21st birthday,-0.09874767557641898
22,-0.0046472373968917445
22 year,0.1558830918797067
22 years,-0.13942114767444633
22f,-0.06945099474766366
23,-0.14632598100443123
23 and,-0.16076573786760429
23 year,-0.006421657555752127
23rd,0.08738954734110091
24,-0.11240211943712335
24 and,0.0951623758849198
24 hour,-0.07915772615648606
24 hours,-0.02183494304105893
24th,0.06841194438335464
25,-0.23437414068645662
25 minutes,-0.08241681439880505
25 years,-0.13411203879040617
250,-0.03402865427882593
2500,-0.06776948738693031
25f,-0.013635081722552232
26,-0.157308184805849
26f,-0.08708007312204624
27,0.08897980420917347
28,-0.06582062315825625
28 years,-0.05114822625862483
28f,-0.08425122064103076
29,-0.015278552869977691
2nd,-0.04916838140023136
30,0.40667559356885236
30 000,-1.0084565209833648e-05
30 40,-0.0446060281275612
30 and,0.07212264737136388
30 day,-0.003198623255221228
30 minute,-0.006864254404579896
30 minutes,0.3191640264184189
30 or,0.0760365111270759
30 years,0.016226015418031585
300,0.1409566397347606
30m,-0.0926963620105962
31,-0.027084218231543358
31st,-0.018512146381859773
33,-0.08436617684478134
33 years,-0.10530182397109497
34,0.08060563227096745
35,-0.10519484982111299
36,0.05708195247726076
37,-0.0988844425668301
39,-0.08012465817213657
3rd,0.1564220930809547
3rd year,0.10614477404984352
3x,0.11809737671385548
40,-0.07586766205504776
40 50min,-0.03571177968025058
40 hours,0.09492940365822562
40 minutes,-0.0446060281275612
40 years,0.09346474601552916
400,0.07719711368277904
400 and,0.0767237266781651
400 which,0.07033585338185884
40mg,-0.03382139900602033
45,0.16871532156903343
45 minutes,0.04462002451717881
45 phone,-0.0014846624394470938
4am,0.017049061795786014
4am and,-0.010261833662759614
4k,-0.005430317407365678
4th,0.15582222444845978
4th degree,0.07205135969875132
50,0.10241258663988015
50 50,0.10837172229117634
50 amazon,-0.08365028373285188
50 minutes,0.08611837255871838
50 to,-0.007503087156944027
500,0.04519428541635959
500 and,-0.04574940605036339
500 dollars,0.0657359134608534
50mg,0.06370611860288938
50min,-0.03571177968025058
50min to,-0.03571177968025058
51,0.13732182631177717
53,0.012533470449025105
54f,-0.029507473494773957
54f has,-0.029507473494773957
55,-0.0594661630116857
550,0.09467551899576232
5k,0.11818867262529648
5mg,-0.0012978593527066225
5th,-0.08230450133021101
60,0.10979083004208566
60 minute,0.0806718001763637
600,-0.02961944468838928
600 month,-0.066991017060833
60s,0.09900375033999946
65,-0.06593094330714082
650,0.050977613689593554
6am,-0.09676537767426076
6th,-0.09474862890482069
70,-0.034404332695144625
70 in,-0.03571177968025058
700,0.011926842584874359
70s,-0.09970634605361668
70s and,-0.09970634605361668
75,0.11174759748177834
750,0.11050065944239816
7th,-0.05810022169764222
7th if,-0.06262408064630544
80,0.14728921855242974
80 of,0.11402990364834051
800,-0.03465322678695263
800 month,-0.051027816396275356
85,0.10272657349920378
8th,-0.17171368717052457
8th of,-0.10575927249969862
90,-0.01149110434709596
90 of,0.01754601117868168
900,-0.11412272737090864
911,0.14407489554770075
99,0.0008187423618290101
USER,-0.21186093762687414
_______,-0.10637370511807642
__affiliation__,-0.03543990645231114
__affiliation__ university,-0.03543990645231114
__who,-0.03543990645231114
__who am__,-0.03543990645231114
aa,0.004151529722833342
aaand,0.07999402234450055
abandon,-0.13265494934108332
abandoned,-0.10024161753909099
abandoning,0.07365912254187998
abandonment,-0.0018437503870726278
abandonment issues,0.08588698703368156
ability,0.16579865024256624
ability to,0.1293703386214388
able,-0.1986210052694447
able and,-0.015517514617966686
able to,-0.2166352074214114
about,0.7977864423334429
about 10,-0.20520665241638097
about 100,-0.06209754569227017
about 12,-0.08489386864072468
about 14,-0.002084229100579294
about 15,-0.11329051124422765
about 150,0.09054651116243008
about 20,0.12269403015029115
about 200,0.01267548137704615
about 30,0.04738552979042341
about 40,0.021023184258482167
about 500,0.09924030234081269
about all,0.0488705621155475
about an,0.06023330039593282
about and,0.08697274012053521
about anything,0.058106859375163765
about anyway,0.00248822655263331
about basically,0.09363810958159
about being,-0.0424630233345285
about but,-0.09094150932726656
about calling,-0.012663687869325002
about day,-0.12301113526995783
about death,0.001781124701752324
about driving,0.07556560542738558
about dying,0.07811621175134253
about ending,-0.011560924281785786
about everything,0.09975584653347885
about expressing,0.04438176447421569
about finding,0.07310377020007823
about five,-0.1967975626285637
about getting,0.27924367210342693
about god,-0.12721620284689053
about going,-0.07346552844570287
about half,-0.055701413048175726
about halfway,-0.054060356638852815
about having,-0.06510834543753642
about her,0.01931864096299517
about herself,-0.018350763394884017
about him,0.025483792071864488
about himself,0.049539466287062434
about his,-0.2620492736484521
about hour,0.028507643890531367
about how,0.08799393883464496
about if,-0.03280463582941573
about in,-0.0655562363411385
about is,0.09425043936265835
about it,0.31987148876047655
about keeping,0.0971474538445983
about leaving,0.14933284347496084
about life,-0.02336417106860353
about losing,0.06246595051607731
about me,0.3252043265196659
about meeting,0.014785910568574525
about mental,0.06524485245244889
about minutes,-0.06759052415325678
about money,0.008651788485650742
about month,0.04238638392159517
about months,-0.17134246977874507
about moving,-0.008127226020440081
about my,0.6791502136132435
about myself,0.14594376598592887
about nothing,-0.0071491251145318025
about once,-0.06509370765135467
about other,0.07207421919654308
about others,0.05450543285675563
about our,-0.05678572926776907
about paradoxical,-0.04949784213867973
about people,-0.1073371848368198
about ptsd,-0.0638554482037313
about rape,0.08718874915195107
about school,0.04111193993568294
about sex,-0.029564549517522146
about six,-0.026750268386557544
about so,-0.13774828535830752
about someone,-0.021872873632547498
about something,0.18781231967430612
about sorry,0.07059438693291238
about suicide,0.15981421986825362
about taking,-0.02694056870212858
about tapering,-0.11725403527436723
about telling,0.05958720620583057
about that,-0.10290930212099515
about the,0.3679883170828256
about their,-0.004753004523225169
about them,0.003473568611138478
about therapy,0.06187621413119016
about these,-0.011592846887731595
about things,-0.06782006394625041
about this,0.3224771861863196
about those,-0.06074074749530038
about three,-0.011104969103793317
about to,0.34252216160834575
about two,0.028585812413838542
about us,-0.00273675383251505
about wanting,-0.00033736521518430164
about was,0.08511007957818496
about ways,0.017359569133287463
about week,0.12274802351844087
about weeks,-0.13129063701690422
about what,0.31370069353469776
about whatever,-0.07669492117936737
about who,-0.03616409779326148
about why,0.09061493683903304
about work,-0.03768158758745151
about year,-0.08604317542081417
about years,0.14481227325694
about you,-0.08973832751376412
about your,-0.03924207623877821
above,-0.219174377333393
above all,-0.17737650730780102
above and,-0.10852400267252964
above the,-0.021098027620270427
abroad,-0.02252737045780226
abroad in,-0.02389201134595783
abruptly,-0.0037878174339020724
absence,-0.00021181457062321445
absence of,-0.00021181457062321445
absent,0.06142316251845282
absolute,-0.17331887244036145
absolute last,0.09568068845707693
absolutely,0.5140151744844175
absolutely necessary,0.08054241794240742
absolutely no,-0.039180259685215255
absolutely nothing,0.2077397913938066
absolutely perfect,-0.01834594143233056
absorbed,-0.020139144322350113
absurd,0.05722659366111152
abuse,0.6394126542258746
abuse and,0.10038394401190906
abuse as,0.03983638264886402
abuse at,0.04901612142058376
abuse but,-0.06193306685680936
abuse from,-0.08856760451551528
abuse has,0.020160307285332035
abuse he,-0.10277343357295884
abuse in,0.09630016749728984
abuse is,-0.10540014640629976
abuse it,0.013892190783206564
abuse just,0.0866184094503272
abuse me,0.03053385512843773
abuse of,-0.06255016989057054
abuse or,-0.01932113293593555
abuse sexual,0.006617985189103332
abuse stopped,0.11347741992203635
abuse that,0.13991551350721343
abuse when,0.06561598194134526
abuse you,0.08814625124068663
abused,0.5422312783791507
abused and,0.16222609312821604
abused as,-0.08358301138077949
abused by,0.012340889780500776
abused her,-0.03245877879716274
abused me,0.2528807293669099
abused my,0.1147691125878422
abuser,0.1561338593818662
abuser and,0.12987912288625286
abuser in,0.05353855703566383
abuser is,0.11824969590609803
abuser they,-0.012547279165780795
abuser was,-0.02776794225956776
abusers,-0.021798053660534483
abuses,0.14522339329431033
abuses me,0.07680394845503481
abusing,-0.04325701132044715
abusing me,0.061804085328476005
abusive,0.5575086673370868
abusive alcoholic,-0.001619592410559424
abusive and,0.12541724944561447
abusive ex,0.040763978398809436
abusive home,-0.02684192334724027
abusive husband,0.045776776352208275
abusive relationship,0.1266644848302581
abusive relationships,-0.0584408515080597
abusive to,0.12100498107430997
academic,-0.07966346421070501
academics,0.0636319001914276
academics after,0.0657359134608534
academics as,0.002323367110731681
accept,-0.026208370314018965
accept her,0.00814760860993232
accept it,-0.04949784213867973
accept me,0.08838078444597319
accept my,0.06042317501266746
accept that,-0.10475346152463685
accept the,0.07565806769374289
acceptable,-0.04476863804853977
acceptance,-0.10286367784631992
accepted,0.009573296720803976
accepted and,0.12554650111517054
accepted it,0.07915431216610802
accepting,0.004465159018795541
accepting that,0.008017121711579391
access,-0.45381967068080287
access the,-0.02657714370085983
access to,-0.2880428149637291
accident,-0.13083999044346567
accident and,-0.030332289210880752
accidental,-0.0522980927022654
accidentally,-0.06180978377041069
accidents,0.11517933575148111
accommodate,-0.10681130236739961
accommodation,-0.023270495910439715
accommodations,-0.10798155963402982
accompanied,0.06911654822129203
accompanied by,0.06911654822129203
accomplish,0.08804448296771115
accomplishment,-0.10520086357944579
accomplishments,-0.052473188428080235
accomplishments inspired,-0.052473188428080235
according,-0.184179258979988
according to,-0.184179258979988
account,-0.03309751724680849
account and,0.028275631868499247
account for,0.10159973043073257
account in,-0.05130889688440387
account is,-0.14093893586159037
account my,0.004973701008104853
account so,0.005227246477362832
account that,0.09137786555079239
accountable,0.014519293218805083
accounts,0.08173926464210121
accounts and,0.03516676924613311
accounts or,0.041607741498527015
accusation,-0.013551957146516412
accused,0.2154910381473585
accused of,0.09681406798253679
accusing,0.06423367466523705
accusing me,-0.012041468940966818
ace,-0.07067889992576636
ache,0.08108795331130149
aches,0.003563303855510122
acknowledge,-0.006688019599205365
acquaintance,0.027356680296311848
acquaintances,0.08369955123317296
across,-0.24541804103919737
across as,-0.07572794607427176
across from,0.07090704159096538
across the,-0.17456976708191366
act,0.008393653392108206
act like,-0.041098812226828485
act normal,0.08738517117442704
act of,0.028685780438379483
acted,-0.10672776232195655
acted as,-0.07339412697792655
acted like,0.009987926080363026
acting,-0.05389429165916115
acting like,0.08744827923066208
acting that,0.08909563191643369
acting up,0.05825640900669431
action,0.03382008399387626
actions,0.03378230756543732
actions and,-0.0234759073832236
activate,-0.12345309793359574
activating,-0.08882771967125755
active,0.2204281701679942
active and,0.07163124719026004
actively,-0.04187949627905923
activities,-0.15184248115639065
activities with,-0.10145362760406498
activity,0.015504762354906875
acts,0.06165329854066066
acts like,0.10413877326194401
actual,0.0094377635520321
actual friends,0.05414439898527284
actual panic,0.08054241794240742
actually,0.3327366639366041
actually be,-0.050271596900292946
actually did,-0.07241474929902218
actually do,-0.017456166030376783
actually gave,0.11832068624239035
actually getting,-0.02604890631293487
actually give,0.10051839601717963
actually had,0.08659794118657924
actually happened,-0.017704955702822572
actually have,0.05621181398236811
actually like,0.004881687773237312
actually looks,-0.0771996019070758
actually losing,0.06643374357099252
actually my,0.033561207081706235
actually not,-0.09690932551947112
actually pretty,0.09741240123760149
actually remember,-0.005471548233108177
actually want,-0.04352741651468096
actually was,-0.006267843320346801
ad,-0.0024880547585754468
adamant,-0.025415431478578658
adamant about,0.028827145269918673
adapt,-0.07296694752510995
add,-0.08013596300654571
add me,0.06791524791892935
add please,-0.08610894943820765
add someone,-0.09573663835001299
add to,-0.04253215072875536
added,-0.10728859382212644
added an,-0.08928756350265743
added some,0.009004067263157174
added to,-0.045281747195280636
addict,0.08598865921554054
addict and,0.01996393121176252
addicted,-0.17181954285012643
addicted to,-0.17181954285012643
addiction,-0.13617345684612897
addiction and,-0.0734682480252059
addictions,-0.08502312979037957
adding,0.0025851953845444147
addition,0.019293294441445754
addition to,0.0885200664536537
additional,-0.11518255914868615
additionally,0.12458007225471347
address,-0.053647868713980466
address the,0.0963798001910041
address this,-0.04955531321867619
adds,0.09898315030532019
adds to,0.06960055594300643
adequate,-0.1364011862459115
adhd,-0.026769182820172942
adhd and,-0.05731478927071796
adjusting,0.018779666755159123
adjusting to,-0.009467347722066286
administrative,-0.010710254836444643
admit,0.13245604046877196
admit it,-0.014407798203573824
admit to,0.06554696048872603
admitted,0.05403897342383717
admitted that,-0.07346012014738461
admitted to,0.017641157550669955
admittedly,-0.07152494864281642
admittedly have,-0.06589914647739595
adolescence,-0.11739055158055539
adolescence then,-0.04949784213867973
adopted,-0.12345700116630527
adoption,-0.11424008469862187
adoptive,0.06507862670321837
adore,0.008444323104312465
adress,0.09041971214303283
ads,0.0048193551682341644
adult,-0.0762363503112162
adult life,0.05510563650847001
adult now,-0.0021307756833601394
adults,-0.03016420509027141
adults aged,-0.020430901918932813
adults seeking,-0.04509382103789202
advance,-0.12568620896976296
advance for,0.1208543970778473
advance to,-0.06823210046172941
advantage,0.03407010389314765
advantage of,0.03407010389314765
advice,-0.0572177265798124
advice about,0.07460428966885031
advice and,0.09799141329449902
advice as,-0.08452121651854604
advice can,0.014008971403854188
advice dont,-0.13024975122829865
advice for,-0.1296899218286894
advice help,0.12219495685230809
advice if,-0.011134484940404834
advice is,-0.16176201925307981
advice not,-0.07784062909880507
advice on,0.22445674458215562
advice or,0.05919925706863707
advice please,0.14325582903962808
advice that,-0.07582391441373076
advice the,0.08126824912960008
advice to,-0.14807758420715988
advice ve,-0.05706855975175692
advice would,0.2188473116167007
advise,0.12703362175588961
advised,0.06901974632787973
advisor,-0.1612528647518645
advocate,-0.19110108913037357
affair,0.1260023134903842
affair with,0.08231837172860826
affect,-0.022944644844372544
affect my,-0.00900556448027499
affected,0.03221324240218887
affected by,-0.029699146491057708
affected me,0.052248846590657656
affected my,0.07245632730986037
affecting,0.14446512130430444
affecting me,0.12639603166683538
affection,-0.0329566303818
affection and,-0.09738378576855644
affectionate,0.036929447927224614
affections,-0.11236169213758324
affects,0.021105829439087363
affects me,-0.016223516762218955
affects my,0.037099444527243
afford,0.268761926713072
afford it,0.047565693319760946
afford the,-0.02184957830119065
afford to,0.1755502533250031
affordable,0.01428386273617903
afghanistan,-0.10616450534690978
afraid,0.8565888858348641
afraid going,0.08175614990463585
afraid he,0.14922642590100862
afraid it,0.08577160600792273
afraid ll,-0.03574623144903948
afraid of,0.31544153226321814
afraid that,0.19010782107374286
afraid to,0.182351869749614
after,0.1873373496367614
after 15,0.09582211704049796
after about,-0.1128033197118953
after all,0.10063587813186607
after an,0.05346864072879616
after and,-0.018557329003539416
after another,-0.021201675963266428
after being,0.1648011696821074
after bills,0.10552390483974704
after breakdown,0.10187851042624359
after college,-0.01906535900247701
after couple,0.03378627559360862
after doing,0.11022755821805537
after few,-0.026751595314555194
after four,0.08196665571563604
after getting,0.12704123027185554
after going,-0.05356195079623458
after got,-0.06999165209778715
after graduate,-0.03961213454729837
after having,-0.09453918733585497
after he,0.11603282726768353
after her,-0.10672309672586752
after him,-0.02597939959526398
after his,0.05566718563079681
after it,0.01965930483258762
after left,-0.031627365831078946
after long,-0.01969437132778715
after looking,0.045548763339478014
after lot,0.0657359134608534
after major,0.10032789573046746
after making,0.05485156322212274
after many,0.07055767684545185
after meeting,-0.09505802057789707
after months,-0.10942012407118483
after my,-0.05089249501462013
after our,0.02745946029955309
after over,0.005382439766572232
after reading,0.0007943771531199596
after really,-0.05204882632905457
after returned,-0.011893116600175694
after she,0.019092165264730412
after some,0.08369272342699755
after taking,0.07219482426657003
after talking,0.09441158397019565
after that,0.21664951360763826
after the,-0.033564569095721614
after them,0.013075105023889292
after they,-0.023863741046855548
after this,-0.08379858653040682
after three,-0.013314835024615307
after told,0.06346672973820439
after ve,0.03629005303469368
after was,-0.0469347559144538
after we,0.18001337701408524
after what,-0.010343870159400448
after while,-0.11024884772850463
after work,0.07273206990197612
after year,0.03870135663041573
after years,-0.1513011851736469
after you,0.015835195383018207
afterlife,0.08338175250902598
afterlife when,0.04743423219373524
afternoon,0.0317973131275544
afterward,0.0657359134608534
afterward can,0.0657359134608534
afterwards,0.18269516864218827
afterwards felt,0.07420966854870427
again,0.24892462344265456
again after,0.04218264009651729
again am,0.08596067674017221
again and,0.1697860195673795
again anyway,0.022061953591720265
again as,0.00349210091983478
again at,0.046649471882255544
again because,0.045917509884415876
again but,-0.0888131808455497
again can,0.07101330320505769
again could,-0.02597660860196577
again couple,-0.13677424012383513
again do,-0.028327382558230627
again don,0.11053159353958703
again even,0.08175587396095438
again everyone,-0.12650483204849938
again feel,0.053417960854396276
again have,0.058532839843335085
again he,0.019940949283560994
again if,-0.05086448136786462
again in,-0.0070640892998727785
again is,-0.030960358069384263
again it,-0.0003211956065944576
again know,0.08280747167338531
again not,0.006123461828560345
again now,-0.0372824208455055
again she,0.0940448761912385
again that,0.04866316192711121
again the,-0.08191666792357678
again then,0.0339870985327408
again this,0.1619646664016605
again tldr,0.06533728144379332
again to,0.020185020309997404
again ve,0.07264869027231562
again want,-0.049936247135010145
again was,-0.08937349351883568
again we,0.07196816483786696
again would,0.06762218414192435
against,0.4285391415294957
against him,0.15094581241824637
against his,-0.07568727700729522
against it,0.0011928481123992117
against me,0.1909043424356203
against my,-0.14154094009132573
against the,0.20611641470223924
against working,0.05502035680144404
age,-0.19975215815963376
age and,-0.0930132022294692
age because,-0.005002323564843026
age but,-0.11244262287972612
age dating,-0.0605061454050651
age gap,-0.10456913214914976
age group,-0.011388998759203121
age that,-0.0605061454050651
age the,-0.09405077712398767
age where,0.09795910045251432
aged,-0.08007129154129994
aged 18,-0.020430901918932813
agenda,0.10059067082519649
agent,0.011811579282041032
ages,-0.04216065129788143
ages 18,-0.04509382103789202
ages of,0.0012812354700000297
aggression,-0.07846937021443029
aggressive,-0.09911528972956973
aggressive and,-0.12455740862514324
agitated,0.10266123116301072
ago,-0.1734665064332358
ago after,-0.027957773646277512
ago am,-0.004653993229615253
ago and,0.2800000903159977
ago at,0.07696543788852973
ago because,-0.02142091888990726
ago but,-0.15705549843462316
ago did,-0.11482375650892968
ago for,0.02601075741658427
ago found,-0.008156746186632478
ago had,-0.02758112139374597
ago he,-0.12211733371076736
ago in,0.022229602938721626
ago it,-0.09076510571942399
ago just,0.011885900991924965
ago left,-0.06380920419213627
ago moved,0.04388646562904257
ago my,-0.03254111913012854
ago never,0.0027568939867762066
ago on,0.044791306913194426
ago she,-0.034535235977736334
ago started,-0.007828337670855603
ago that,-0.11386886836886224
ago the,-0.022133916635232103
ago this,-0.030481586935744383
ago was,0.06579268896651559
ago we,-0.09114083813686866
ago what,-0.0087142044524569
ago when,-0.1498701448978838
agoraphobia,0.2322719364763195
agoraphobic,0.1093938569621121
agree,-0.21032658162554208
agree to,-0.1508822956267243
agree with,0.10633806341458248
agreed,-0.4101907113666206
agreed and,0.0360726898031933
agreed that,-0.019977726741307534
agreed to,-0.21315893254374682
agreed with,-0.10689217230106067
agreeing,0.18985726317115056
agreeing to,0.11097732796788608
agreement,-0.0389131706283853
agreements,-0.07219433355725068
agrees,0.17072004853074157
agrees with,0.07103139145455795
ahead,-0.1474231575881465
ahead and,-0.09486749452126761
ahead of,-0.1741255757559296
aid,0.011117482779830433
aid in,-0.04309089275884718
ailments,-0.02875962644371669
aim,-0.14600360546633917
aim of,-0.03172256879923077
aim to,-0.08290412596494635
aimed,-0.013484852475781772
aimed at,0.017956815469557404
ain,-0.17015210010025394
air,-0.1875237021580384
air and,-0.02542745985890595
airbnb,-0.14640403441783875
airport,0.10651901353205344
airport and,0.009838610901637044
aisle,-0.09220370956572807
aka,-0.07067773353922592
alas,-0.10281735427118875
alaska,-0.0256935730446043
alaska because,-0.008987395895674492
albeit,-0.13595817549216863
alchie,0.057101051199692124
alchie and,0.057101051199692124
alcohol,-0.12327509179133973
alcohol abuse,-0.09871097164806038
alcohol and,-0.1535501940518922
alcohol it,-0.1187583207083862
alcoholic,-0.03194254024370385
alcoholic and,0.05552797924990804
alcoholism,0.13882282616131514
alice,-0.08517875668919725
aligned,-0.018984348640942648
aligned with,-0.018984348640942648
alimony,-0.006777455611753063
alive,-0.05440842895504569
alive and,-0.01217878288437048
all,0.48730741131454036
all about,-0.27121696771419274
all after,-0.12302812031069679
all am,0.026792869619801242
all and,-0.05980466636621936
all are,-0.009358086712654857
all as,-0.03889638702913239
all at,-0.004546602106964421
all be,0.009762241652682926
all because,0.12573049437874378
all but,-0.10553291377330858
all by,0.14735070213583945
all can,0.16464983348412357
all contact,-0.06339867855004372
all could,0.06810788215139246
all day,0.3934523864578636
all do,0.13486498624934135
all doing,0.10115272552207008
all don,-0.11121871130094256
all else,-0.09531775734858484
all few,0.04779087239514
all find,-0.04174877019569947
all for,-0.12027811175324858
all forms,0.08238884346728653
all get,0.025968965666259204
all go,-0.02528937888185082
all going,-0.03297371025284992
all got,-0.07795841774589037
all have,-0.1650456616409856
all he,-0.07962807254370405
all her,-0.007168436746650144
all if,-0.05003131086241189
all in,0.19591602838667843
all is,0.018371837666945275
all it,0.06565731055451819
all its,-0.011214318030777872
all just,0.17141050537896013
all kinds,-0.06068219046077511
all know,0.09604020146605426
all lie,0.057101051199692124
all like,-0.08997373013874656
all ll,0.020897644799606815
all morning,0.10611892002404294
all my,0.1968025538653391
all night,-0.07884813966674745
all of,0.059351596801483504
all okay,-0.025545287719258687
all on,-0.13133906610833876
all opinions,-0.09703735940375974
all options,-0.026862953489567267
all other,-0.01215995929281027
all our,-0.07595238137071832
all out,-0.008725135788530401
all over,0.40410477685145707
all people,0.09263837117160463
all places,0.05165725236429138
all run,-0.05581193537247974
all section,-0.06318390136461079
all seem,0.0020144342495079562
all she,-0.06236909021893118
all so,0.030552715042272506
all sorts,-0.047434194080304366
all started,-0.04183956116093406
all that,-0.10146282846824413
all the,0.5141832441373959
all these,0.07937945854676191
all things,-0.24685315564252647
all this,0.33029276672912083
all those,0.008658886746238378
all ties,0.018595050128947903
all times,-0.05581193537247974
all to,0.165221406447884
all ve,0.07835626755982364
all want,-0.027420404092108247
all wanted,0.06763644311045532
all was,-0.030224241778619574
all we,-0.1699759580749103
all weird,-0.07306669414752255
all while,0.07114075913685101
all work,0.06169916951657191
all you,-0.00029415635651795216
all your,-0.02809191224931218
allergies,-0.10362758460420485
allergy,-0.06286246018964242
alleviate,0.0009678385118748212
alleviate the,0.0028336122203352046
allotted,-0.0003556426926249735
allow,-0.26921917906280335
allow me,-0.02046962193025778
allow you,-0.06205084055192007
allowed,-0.04692768765690905
allowed back,0.05362636869514095
allowed me,-0.04239751835869778
allowed the,-0.10412610204985766
allowed to,-0.03702392766410172
allowing,-0.23616440274705405
allowing me,-0.13993069274636874
allows,-0.05401572106875611
almost,0.675128651518626
almost 30,-0.015961268554033584
almost 50,0.06755873553001815
almost all,0.011850091014575605
almost always,0.1119800718148018
almost as,0.11586879918208548
almost at,-0.04459834249426631
almost broke,0.05768921518786002
almost constantly,-0.13175410830313786
almost died,0.11087203923029028
almost entirely,-0.018433822443960284
almost every,-0.009212827378616265
almost everyday,0.1385786360721195
almost got,-0.0012102150858540315
almost immediately,-0.1303073456815894
almost like,-0.12556770150704655
almost month,0.08688230263678619
almost months,0.04660974921690254
almost never,0.08480049169501079
almost no,0.07879525214371645
almost on,0.07591722662096566
almost out,0.10447963328035771
almost two,-0.10800552441187712
almost year,0.08746448862968371
almost years,0.05174998159352628
alone,0.3938527796585645
alone and,-0.12825908135086114
alone because,0.06864029346644976
alone but,0.14871921786140382
alone can,-0.06218728080915667
alone he,0.09897307561332327
alone in,-0.11255745320080889
alone make,0.06072669625206626
alone my,0.06505833898394607
alone she,0.0103089470118759
alone time,0.04099628232291855
alone unless,0.08054241794240742
alone with,0.041209148966567605
along,-0.47586993002948047
along great,-0.04280990265036543
along really,-0.07588397844540956
along the,-0.11965063458655385
along those,-0.08352924292576407
along with,-0.2385625587958763
alongside,0.1141303523136973
alongside others,-0.03172256879923077
alot,0.01723273910422327
alot of,0.00025222366382851927
alprazolam,-0.0812728266278126
already,0.17410291658838817
already been,-0.02388469791642296
already done,-0.007851569127165012
already down,0.09672002941714679
already feel,-0.029089859569691814
already had,-0.1297878931468421
already have,-0.08025129320458564
already in,0.10802050474200227
already know,0.052824890230451116
already made,0.012792278311737857
already taken,-0.04291750954834124
already trying,0.07832447889869212
alright,-0.02395399503437483
alright ll,-0.07266060437466001
also,-0.2158469652050721
also affects,0.06453410002930865
also always,0.11784556909638612
also am,-0.12080510850018468
also an,-0.08048063984273478
also be,-0.13121954845640468
also because,-0.12229724634242645
also been,0.010741940647014663
also came,-0.07309818168500753
also can,0.05581006684324945
also doesn,-0.027658330939424266
also don,0.09049075772079923
also feel,0.1868223019576961
also feels,0.06361861475136653
also felt,-0.012829212866193667
also for,-0.0773992363931209
also found,-0.03026403860148931
also had,0.04186857333544333
also happened,0.05766459755666179
also has,-0.0790565934450684
also hates,0.0797256533683047
also have,-0.12574658917895928
also having,-0.045982561392198654
also he,0.014978971987107223
also help,0.02184957574637942
also her,-0.04389400406525273
also how,0.10917667266644208
also if,-0.08472239081271137
also in,0.0346721968179636
also just,-0.00663977996588374
also know,-0.13488072687781494
also looking,-0.0867371924139829
also made,0.008040086724668896
also make,-0.11605883440178476
also makes,0.08445383056823191
also mention,-0.12315914578726085
also my,0.07596286437935126
also not,-0.10981674364459015
also noticed,-0.008400451735559164
also paint,-0.06262408064630544
also quite,-0.010326167021893528
also really,0.036642327155746855
also said,-0.1499887858462896
also see,-0.09469343954448507
also still,0.09949291685573286
also taking,-0.102815156462816
also that,0.020759002499363622
also the,-0.012344439422369098
also think,-0.0028655293630345966
also tired,0.020709623333503648
also to,-0.06391779118247799
also took,-0.10285632833523492
also used,0.027125924173560932
also very,-0.10402077769444862
also want,0.07853807200906762
also was,0.15226860325528993
also we,-0.052891042298397244
also went,-0.10764390026364105
also why,-0.07431124429881547
also worried,0.020781112380401305
alt,-0.23434898323117853
alt account,-0.09325597389469319
altered,-0.009530431104616639
alternate,-0.10397513144249217
alternating,0.061569579431993586
alternative,0.011258954146886473
although,0.1268275517862033
although feel,0.02809359284060238
although have,0.0672387767173936
although he,-0.006092107391688492
although it,0.004913629176852928
although know,0.020784259687758964
although my,0.02726375771023216
although she,-0.08543578187974217
although we,0.04019469379155586
although you,-0.08702399963231325
always,-0.021928030595629908
always ask,0.03281957864423762
always at,0.08646818259007524
always be,-0.009115994924664566
always been,-0.08088740611757604
always do,-0.018983955578166567
always drunk,-0.03813468711493101
always end,0.08976584278485147
always feel,0.10223218322727351
always felt,0.1392532896784347
always found,0.0018417958016953395
always going,0.002745299222287956
always great,-0.02514292584213239
always had,0.10485744780826861
always has,0.08997261742855857
always have,0.028441438267698967
always it,-0.03251727955650207
always just,0.13621665165022417
always kept,0.05240707258470946
always love,-0.05547335968806908
always making,-0.026330254272452842
always on,0.05185452357648855
always put,-0.00018511130301856197
always so,0.11697210765724596
always some,0.02477652273370295
always stay,0.06441864364449068
always take,-0.0789217016901413
always the,0.03112937129857367
always thought,-0.06958580585575028
always told,0.032490367689119164
always turned,0.004426000851808667
always wanted,-0.12347884943646033
always wants,0.04519884632809
always will,0.003771270304598002
am,1.8586398136204862
am 17,0.0473960169608789
am 22,-0.015028586847703904
am 23,-0.16076573786760429
am 25,-0.040552449583497296
am 26,0.03583916472608819
am able,0.009561505585443155
am about,0.10649166060100085
am absolutely,0.05695179719192989
am afraid,0.22291110323840768
am also,-0.07736680319788615
am am,0.07804591660261048
am an,0.011518270285844255
am and,0.11325029837705765
am asking,0.11482159133058314
am at,0.24036467355763452
am back,-0.107832442584682
am begging,0.16812097455875752
am beginning,0.07946746454681704
am being,0.15077614215086235
am breaking,-0.036334275550944296
am burdensome,0.0021420730087026636
am completely,0.050737105021481606
am concerned,-0.008068179315113813
am constantly,0.06961821093838591
am contemplating,0.0657359134608534
am crazy,0.0762492684657481
am currently,0.014496713320652804
am dealing,0.05251242397688561
am developing,-0.03172256879923077
am doing,-0.10608505738317119
am even,-0.08993825376004838
am every,0.044783699728152236
am exaggerating,0.0355673405725133
am experiencing,0.08072589387497248
am feeling,0.05736510160800043
am fine,-0.030837222629703114
am getting,0.10447197920821104
am going,0.062214473586517535
am happy,0.02401634755456975
am having,0.0874185849554841
am here,0.08044615714379787
am homeless,-0.10903535363483492
am hoping,-0.13664631257958598
am imagining,0.13457881126810148
am in,0.2595278379693279
am it,0.030822060303800733
am just,0.2567946627439225
am living,0.11117714112000372
am lonely,0.043571517987725426
am looking,-0.11647109563330998
am losing,0.12200530438855763
am making,-0.03825377533888074
am married,0.011896734834522724
am missing,-0.08016471088061798
am more,-0.16178693389728624
am moving,-0.021153429465112148
am not,0.09911870301000222
am now,0.004486197468823917
am ok,-0.013154668444249376
am on,0.09836416737384324
am out,0.08122587628612464
am overreacting,0.00780810996634473
am posting,-0.013815951573300502
am pretty,-0.02291737212985179
am probably,0.11880177805578546
am prone,0.08845163079862492
am quite,0.07120521371162086
am realizing,-0.13279811314979265
am really,0.32793365257537843
am right,0.11616663040618347
am scared,0.13781396894691636
am seeing,-0.009057976755373958
am sitting,-0.03797053274299816
am so,0.3415397265602427
am starting,0.12403368985212222
am still,0.006456565685638306
am struggling,0.053115431433668564
am stuck,0.1065617830878345
am super,0.032756249775460024
am supposed,0.0663890098119979
am sure,0.09657432885800175
am taking,-0.08166750528633432
am terrified,0.014712272733702467
am the,-0.10421915107084466
am thinking,-0.08175424807284018
am tired,0.09518576409574478
am to,0.014553568924160275
am too,0.041052664495757465
am truly,0.0453305362201319
am trying,0.1042841568962441
am unable,0.06054452395484864
am under,-0.010358932570361523
am unemployed,0.07921832160247123
am unsure,-0.03389515174764162
am very,-0.0999317513812983
am waiting,0.09739921351269992
am was,0.08268511802849665
am weeks,-0.1461649943082124
am what,0.057101051199692124
am willing,-0.08063285084827239
am wondering,-0.04779780843306845
am working,0.03918042252603846
am worried,0.26332499251328334
am writing,-0.01641840021597993
am__,-0.03543990645231114
am__ student,-0.03543990645231114
amanda,-0.320520241865628
amanda and,-0.16145374003998048
amazing,-0.5087645604151418
amazing and,-0.06914651366422003
amazing if,-0.09879743744441316
amazing man,-0.11645386866625806
amazing relationship,-0.13868269098390582
amazing to,-0.05326823329830513
amazingly,-0.06720138900425905
amazon,-0.38355577790542156
amazon few,-0.03571177968025058
amazon gift,-0.04388821094751154
amazon url,-0.08922454441525601
amazon voucher,-0.05427865834755191
amazon wish,-0.10107032740003451
amazon wishlist,0.010371557589382727
ambitious,-0.04177215097245293
ambivalent,0.0065457270208556795
ambulance,0.07382720559950595
american,0.010418895923607672
amicable,-0.014390364310447431
amicably,-0.006361602418679953
among,-0.13113621897636135
among adults,-0.04509382103789202
among my,-0.09620284651156624
amongst,-0.05080864982531036
amongst my,0.010600930917254246
amount,-0.1151804710975532
amount of,-0.05975230639867837
amounts,0.09179006599192252
amounts of,0.10834839521567718
an,-0.23661135292711294
an 18,0.05339848563220463
an absolute,0.1318814465454968
an absolutely,0.037240971390378165
an abuse,-0.01193793656081813
an abused,0.12368081200674999
an abuser,0.08221921815213677
an abusive,0.07978591606809024
an accident,0.09194376273364911
an accommodation,-0.026111465139613006
an acquaintance,0.011698390299325548
an active,-0.01978218586808282
an actual,0.040147344151471386
an addiction,0.03351803400866596
an adult,-0.1615024802207039
an affair,0.059527026463825065
an age,0.10304855545669586
an alcoholic,-0.03575693740103029
an alt,-0.18797707352152276
an amazing,-0.08575809472874457
an amazon,0.015582800451769935
an angry,-0.04473812605587076
an animal,-0.1160889106607275
an answer,0.0703242900378169
an anti,-0.024636558593071407
an anxiety,-0.017229477177753423
an apartment,-0.15990902090306117
an app,-0.1134921140669678
an appointment,0.13496104838844514
an area,-0.01004605891753932
an argument,0.0631979770089443
an arm,0.09601226684940282
an army,-0.011363052296319925
an arrangement,0.005852620988106055
an article,-0.09550140868277228
an ass,0.1572227092397858
an asshole,0.037253169041347074
an average,0.06882412136717386
an avid,-0.08862744859982359
an awesome,-0.10393901885400308
an awful,0.08097173898257344
an early,0.12205553313923102
an easy,0.036936563709147836
an education,0.09257108601320806
an effect,0.10497477679628091
an effort,-0.07588822250468993
an email,-0.12124205783016692
an emergency,0.20055116847124033
an emotional,0.17534350211590138
an emotionally,0.1417406057538634
an empty,0.027345335634115297
an end,-0.02475733770716231
an entire,-0.11246291898995686
an episode,-0.10317978885319438
an equal,-0.11333709305858483
an event,0.07481459945846841
an events,-0.08764569802400357
an eviction,0.06991726531992687
an ex,0.07215440146456661
an example,0.0728218779952719
an excellent,-0.1124330145607018
an excuse,0.05841699432030927
an expensive,-0.029648436637636763
an experience,-0.11662541807968947
an extension,0.06053633043710323
an extra,-0.016138294903652626
an extreme,0.08760880478202626
an eye,-0.052144376195214705
an hour,-0.042160780330165626
an idea,-0.028926974288704093
an idiot,0.15675686825741542
an important,0.012418752361935728
an incident,0.009592930978188308
an independent,-0.09330281555136573
an individual,-0.05080996682933686
an injury,-0.014280916381277767
an intense,-0.0644327884681726
an intentional,0.0021420730087026636
an interest,-0.14846467192424626
an interesting,-0.020237481538302227
an interview,-0.14365405662314631
an invasion,-0.009168844028521667
an issue,-0.15904666620622404
an office,-0.13268006339568134
an official,0.026687509391513684
an old,0.07956761771862544
an ongoing,0.025775968365398527
an online,-0.11482985642248708
an open,0.170300391674265
an opportunity,-0.0657164379576576
an optimistic,-0.04246874968038929
an option,0.11765865597628188
an organic,-0.09571916679120576
an organization,0.011390042819490307
an outcast,0.030928939485127347
an overdraft,0.00025396364843855216
an ssri,0.0035652524272741445
an uber,0.04724894280941436
an unnecessary,-0.0034508391626474964
an upcoming,-0.008658927489945432
an year,-0.05692516703126208
analyze,0.0879903866913644
and,0.8557177617499637
and 10,0.08521939147351676
and about,-0.0393491886623832
and absolutely,0.005659902049822336
and abuse,-0.05853051299396189
and abused,-0.03504016168179226
and abusive,0.008393550130071259
and accept,-0.05991288412290236
and access,-0.03168755320155135
and accomplishments,-0.052473188428080235
and act,0.022169437408480847
and acting,-0.06726978608669151
and actually,-0.0582530963690684
and add,0.03861930925052826
and addiction,0.0043393891102889255
and address,0.08795344949409782
and advice,-0.013927772239130222
and afraid,0.14760377415641038
and after,-0.10795914262751952
and again,-0.10063740020556962
and agree,-0.03892668933136845
and agreed,-0.03139180779892915
and agreeing,0.09304080725063323
and alchie,0.057101051199692124
and alcohol,-0.011607410039899232
and all,-0.050407780765469874
and almost,0.1512657599792155
and alone,0.11584574762172337
and already,0.06624035187243908
and also,-0.06034307353188439
and although,0.006388175441673987
and always,0.08840265246633103
and am,0.5512891882381457
and an,-0.02350114860144493
and and,-0.011641202628694858
and anger,0.06461017914436085
and angry,-0.04151214012833513
and anna,-0.10661903967201547
and another,0.2338375414405068
and anxiety,0.23838636849525421
and anxious,0.1955674847072133
and any,-0.008120477442646289
and anything,-0.06040069106577641
and apologize,-0.10196714314013619
and apparently,-0.035408046273567785
and are,-0.1088875793743069
and around,-0.05722989853947519
and as,-0.11466156819708337
and ashamed,0.135032847036989
and ask,-0.09637327710387561
and asked,-0.10983073492830392
and asking,0.1459222321924229
and asks,-0.02039098870350804
and at,-0.0969323667835219
and back,-0.10212321500492617
and barely,0.014292917343776837
and basically,0.14026590573255654
and be,0.08848220871996454
and became,-0.1390476069612995
and because,0.31086043789474493
and become,0.05872712226550927
and bed,-0.06584089956798156
and before,0.05077753514684001
and began,-0.07407010740172616
and begged,0.06705781737605536
and being,-0.05318756431555087
and believe,0.06320361507128539
and benefits,-0.04457371702293766
and beyond,-0.11752443124657454
and bills,0.06836104062908206
and blah,-0.017969392451337683
and blames,0.0922991157558387
and blood,-0.02486746053979773
and body,0.006499081351873745
and both,-0.09539424715857607
and breast,0.011352020075738767
and broke,-0.002888901128642887
and broken,0.012264783824210911
and brother,-0.16345190924771164
and brought,-0.08429724798892685
and bruises,0.06397710764329613
and by,0.09334187571984102
and call,0.09674293423344822
and called,0.22204019807573225
and calling,0.10050739585219193
and calm,0.04922771183770022
and came,0.0867216247755283
and can,0.08194065758269879
and cannot,0.20422193349661044
and cant,0.2171634872433145
and car,0.12257584676771358
and care,0.02690902929700562
and cares,-0.023830792515208463
and carry,-0.047738150183960965
and caused,-0.06688492210362754
and causes,0.0841759747216943
and certainly,0.011461247274687242
and child,0.014596619624967949
and chill,-0.0725626865021596
and clean,-0.022594539669216904
and clinical,0.05792850931784034
and closed,-0.08104516214299412
and clothes,-0.006114451599862049
and cold,0.056586504920502434
and collapsed,0.10838454142552294
and college,-0.005293710932888595
and columbus,0.0657359134608534
and come,-0.13910750323790838
and comes,0.09392128450704064
and comfortable,0.012348135270504832
and complete,-0.0773766497046323
and completely,0.17801620142148017
and concerned,0.04901612142058376
and confident,0.06551586310057833
and consider,-0.10396727340942395
and considering,-0.10437712029565012
and constantly,0.0021243187938584217
and constructive,-0.03172256879923077
and continue,-0.1844997441373467
and continued,-0.009349474004157669
and continues,0.013357102354910118
and controlling,0.019355654578862132
and cook,-0.1543403461011228
and could,-0.28605578574672563
and couldn,-0.15885505135653638
and couple,-0.04821379346106986
and cptsd,0.04743755800026654
and creative,-0.03172256879923077
and cried,0.09201954234242551
and cry,0.01937117137388495
and crying,0.11286209134753122
and cut,0.13916043976618714
and dance,0.006650424584862516
and dangerous,-0.07867166971606915
and decided,0.04436105282463768
and definitely,-0.13371488233313966
and demand,-0.0037981415008115447
and demanded,-0.08895904408972334
and demanding,0.08371544391151202
and denied,0.054984746999565674
and depressed,0.1949448965623302
and depressing,0.008045201208591155
and depression,0.11305656200993805
and deserve,-0.10210648385838016
and did,0.01729944056823259
and didn,0.00942660988209814
and didnʻt,0.04743423219373524
and die,0.09448338505557075
and difficult,0.04383113358020231
and disability,0.060359101194019216
and distracted,0.09305397239683463
and do,0.003394061381740329
and does,0.12733214214170427
and doesn,-0.1724282275390905
and dog,-0.029428663482904
and doing,0.043217785535004626
and don,0.6341548371402908
and done,0.2157910840118937
and dont,-0.005953550774067123
and down,0.09202776808244459
and dread,0.07311698185718028
and drinking,0.024272045339852062
and drove,-0.01073613844076768
and drug,0.057101051199692124
and dumb,-0.01485886840353516
and dumped,0.06533728144379332
and during,-0.04975732517739949
and each,-0.10792874410957691
and education,-0.06358080603871931
and email,-0.07634343382467554
and emotional,0.018726771317427858
and emotionally,0.04102540070867868
and emotions,0.0751561154518094
and encourage,-0.09716083623875499
and end,0.13696223965930576
and ended,0.021729825819298165
and enjoy,-0.08654081487610887
and especially,0.002644370370547253
and essentially,-0.007439026968682215
and even,0.2423466705334118
and eventually,-0.12411541005102707
and ever,0.06971335489603814
and every,-0.12221071740318033
and everyday,0.04888871097635905
and everyone,0.1299618457057467
and everything,-0.29357077269907156
and expenses,-0.01517531648513418
and explain,-0.08730494149830524
and explained,-0.03968985933352776
and expressed,-0.0328284139398702
and face,0.0897201267465698
and failed,0.00501213085779208
and fall,0.06386553916406566
and family,0.1145564296385571
and fear,0.14547215618680776
and feel,0.5462799378486738
and feeling,0.08889873646797966
and feelings,0.14887423543591072
and feels,0.11839640061494394
and felt,-0.10134814602695799
and few,-0.1264582117466923
and fight,0.06959716808313617
and figured,-0.12734472526707932
and filed,-0.024362444501005418
and filled,0.09801849653834646
and finally,0.062183311975690395
and financially,-0.00568246257664074
and find,-0.1236168629171034
and finding,-0.09402982725163003
and finish,0.03401700290643601
and fix,0.07983282645657745
and flashbacks,0.16323185398925316
and flirting,-0.005138648072453053
and focus,-0.043860237535889066
and food,-0.17749506295243947
and for,0.0777171338054676
and foremost,-0.11269199096528675
and forget,-0.02473750597729658
and forth,0.10538024205291019
and found,-0.02472177695851798
and four,-0.041407336769631306
and frankly,0.08424523467305617
and freak,0.1276280100302454
and freaked,0.016691766864881996
and freaking,0.058616776323407054
and free,-0.025740521452855897
and frequently,0.07438712694943596
and friends,-0.016591470190078714
and from,0.11029847751387736
and full,-0.09342907122664408
and fully,-0.04500761385326174
and gas,0.016488689786683764
and gave,-0.09540372972725719
and generally,0.14711444910434304
and get,-0.11787272071648866
and getting,0.01644898201158817
and girls,-0.03247733046537029
and give,-0.2912277093912545
and given,-0.006455983369679538
and gives,0.005030668471666399
and giving,-0.11405229123415198
and glad,-0.09555167318634926
and go,0.5625577299292179
and god,0.017906261681596335
and goes,0.08839014754425348
and going,0.09348418010150121
and good,-0.09425975269990092
and got,0.13693101920236805
and gotten,0.038857470922244605
and government,-0.012237513360215616
and grab,0.10931764721127045
and grabbed,0.1527877595158376
and grand,-0.03832236404144581
and grow,0.018512659758135194
and guess,0.035293526515273003
and guilt,0.07852466594016003
and had,0.13040062962304938
and half,-0.034007137119086324
and hang,-0.03074105019184583
and hanging,-0.165998783224024
and happiness,0.1396130505524636
and happy,-0.08937500631496878
and hard,0.08667919728006045
and has,-0.3837616581564431
and hate,0.19731758113050157
and have,0.059426570807168407
and haven,0.28711440513315484
and having,0.03312776224814696
and he,0.12696445105999093
and healing,-0.03727687166785702
and health,0.02829302462363848
and healthy,-0.019010591623378932
and heard,-0.0623299100609339
and help,0.06128732620502785
and helped,0.08342672982065526
and helping,0.06953434468108156
and helpless,0.04770078034158121
and her,-0.23291039395609936
and here,-0.010833951897540241
and hid,0.08399969335379134
and hide,0.12408418831107994
and high,0.05616662212302698
and him,0.0766987190927809
and his,-0.25659409955489926
and hit,-0.015853339140720617
and hold,-0.11414463013996269
and honestly,0.1148512070588937
and hope,-0.12693168972311186
and hopefully,0.06101273072212009
and hoping,0.16321346783153115
and horrible,0.11708963345339397
and house,-0.10911800070037934
and how,-0.0869336431123046
and husband,-0.07710084337533674
and if,0.16681406758020487
and im,-0.09978726561133149
and immature,0.10071176303716456
and immediately,-0.02808924842567991
and important,-0.043742767955615464
and in,-0.09199051896772811
and increased,-0.0062241984780768865
and initially,0.0116208546322714
and insect,0.052471128275711314
and insomnia,0.09366278536209219
and instagram,-0.07397051674820004
and instead,0.04858421204349383
and interest,-0.09624179771965703
and interests,0.09254552152732705
and internet,-0.01801734024238747
and is,-0.3465052906995895
and issues,0.054755773623421426
and it,0.3188597509060674
and its,0.15082159516047375
and james,0.008333118945249168
and jerk,-0.0037029068080532785
and job,0.013443036981347757
and just,0.7454060727944207
and karma,-0.12686781306705472
and keep,0.15684038640844053
and keeping,-0.045242945273574545
and kept,0.061542109398562445
and kicked,0.05392656825556945
and kids,0.0139236921053024
and killed,0.09794945103902294
and kind,-0.28955516439403206
and kinda,0.006667307591757717
and kissed,0.020389907808678758
and kisses,-0.06867233998616187
and knew,-0.10491706344107726
and know,-0.14988054096254858
and knows,0.016189833248580008
and lack,0.05286955165331536
and land,-0.07179564307382844
and last,0.08491836555809382
and lay,-0.12937763757841408
and laying,0.03878149619515729
and learn,-0.09316033975650445
and learning,0.0005029362165863003
and leave,-0.01670141253324909
and left,-0.13849359203316366
and less,-0.09364718790491794
and let,0.1990653322455942
and lied,0.09757395635111216
and lies,0.018854315176465453
and life,-0.07496975363664221
and light,-0.04733066884975732
and like,-0.18770161108477693
and liked,-0.06769130287738802
and little,0.11512467801081712
and live,0.042696256025251955
and lived,0.01537528485459865
and lives,0.009718080484822334
and living,-0.15312114249247202
and ll,-0.1668601791909112
and locked,-0.01892258713755982
and lonely,0.07599482541322794
and look,-0.05859412668191738
and looking,-0.02017309674614633
and lose,0.0968808062838676
and lost,-0.013405990795407385
and lot,0.18166674086457754
and loud,0.06297964734683732
and love,0.07565201330758194
and loved,-0.06021084690847391
and loves,-0.01536904571900479
and loving,-0.0720842579440625
and low,0.0073372359290047075
and mad,0.07055767684545185
and made,0.0739967506208
and mainly,0.06917775543453968
and make,0.10593633155579452
and makes,-0.10063551550680501
and making,-0.09774915096190659
and man,0.0022310664388180915
and managed,-0.024253654757359078
and may,-0.07531271917308804
and maybe,0.09745389805946217
and me,0.0017639855316410416
and mean,-0.13119812087376456
and meaning,-0.08863501551724337
and medical,0.08684278069847376
and meditation,0.005221113236095639
and member,-0.06901293926343335
and membership,-0.009168844028521667
and memories,0.12396068957280457
and mental,-0.03172256879923077
and mentally,0.038078890182685426
and met,-0.31174966118879277
and might,0.02738070008094488
and moderators,-0.05581193537247974
and money,0.07450260769764551
and months,0.1317481753297211
and more,-0.176376507769894
and most,-0.14743800428238765
and mother,-0.22527191997696636
and mouth,9.273602147392412e-05
and move,0.09243358810709237
and moved,-0.04561792402356225
and much,-0.09280511995945703
and my,0.35847453100306215
and myself,0.20769867565759728
and neck,0.036028181908010666
and need,0.22501719459192854
and needed,-0.011449840935108022
and negative,-0.05524181204988088
and neither,-0.02728887294127421
and never,-0.10954926843243218
and next,0.016351496719907162
and nice,-0.05843166650341833
and nightmares,0.1442215354474622
and no,0.42803742366000763
and none,0.05590655532309408
and not,-0.041532870181311896
and notes,-0.08302965620294839
and nothing,0.018068096947111346
and noticed,-0.09857587714422288
and now,0.6777091567963721
and obviously,-0.015034592462026182
and occasionally,-0.15810618186417758
and ocd,-0.006917912727740051
and of,-0.06579840057155045
and off,-0.020767050179623197
and often,-0.04273469880511739
and older,-0.11947932326949716
and on,-0.03345899788892298
and once,-0.13404484319900836
and one,0.26695231909197253
and only,0.057506195899047444
and open,-0.046394956394536606
and or,-0.0537471718744248
and other,-0.16609367116590978
and others,0.02230990508860558
and our,-0.10814592282803136
and out,-0.05703992618250482
and over,0.19487626778584421
and own,0.06307655457233033
and paid,-0.08271423068353691
and painful,0.03952845835263758
and panicky,0.11630286630657725
and party,0.09965677674579015
and past,-0.007996344634404103
and pay,-0.1657237338407744
and payday,0.08945097356086835
and paying,-0.007408146196945639
and people,-0.002663111976777996
and perhaps,0.0366500959183747
and pets,0.08447130444209879
and phone,0.02482794007361535
and physical,0.05056350175727882
and physically,0.3280306401276118
and pick,0.04300287859128062
and place,0.09511064974469315
and play,-0.09885042946706102
and plays,-0.013897908525588932
and please,-0.07080428910381129
and police,-0.026437840218750053
and post,-0.1323617285830377
and potentially,-0.013306742090989539
and praying,-0.047785354361683186
and pretty,-0.07285829218185853
and private,0.0657359134608534
and probably,0.11320803155215704
and procrastinate,0.05411245080730281
and provide,0.039493108514851584
and ptsd,-0.00023113230958034058
and pulled,-0.0059018527603381405
and push,0.058111161102895464
and put,-0.13021553669975766
and putting,0.19233264122048513
and quickly,-0.0985198157335224
and quit,0.015828467460370026
and quote,0.024295644864588642
and rage,0.0823737248501519
and raised,-0.0013768655896921746
and ran,-0.11400103369871721
and rarely,-0.0019401096051615831
and rather,0.11335512133211192
and reading,-0.054183223377130454
and ready,-0.06902325774131117
and realized,0.014956324862306317
and really,0.01878869593681318
and receive,-0.22324249866581167
and received,0.09185021555560212
and recently,0.07735290625467801
and refuse,0.05803572141491216
and regular,-0.028298413181222344
and rejected,-0.0068564252541049335
and relationship,0.054026641511190576
and remained,-0.020430901918932813
and remember,-0.1875582499638593
and remind,0.080861234267928
and rent,0.059245606499096735
and repeat,0.020355149325127973
and respect,-0.0836901323733119
and reverse,-0.04949784213867973
and right,-0.022970536436271474
and ruminating,0.07545813229482559
and running,0.16548289016081572
and sad,-0.02790997393660596
and safe,-0.030251601976286586
and said,-0.17470632045720133
and sat,0.0520409943664093
and save,0.061060759713358455
and saw,-0.13761965933807804
and say,0.05838534950192647
and says,-0.0063970149084141385
and scared,0.3063289041093114
and scream,0.06633246882372223
and screamed,0.06374656599610032
and screaming,-0.055110649220068045
and secure,-0.08468657360601503
and security,0.057101051199692124
and see,0.04558342043000154
and seeing,-0.0359348384170677
and seemed,0.01996144076587936
and seems,-0.09746587338238086
and select,-0.05427865834755191
and self,0.022598808861844424
and selfish,0.07264409793333088
and send,-0.014875050894349786
and sent,-0.0432410765841105
and serve,0.1600852892127638
and severe,-0.0691145995718242
and sex,0.014742361898706528
and sexual,0.13753331422967705
and sexually,0.07765527071367852
and shaking,-0.034690427729776235
and share,-0.17324314050852452
and sharing,-0.08295147693644536
and she,-0.23244324412923742
and shit,0.12900685287332517
and shook,0.0681140301247475
and short,-0.025324626079972677
and should,0.011730994581438788
and shoving,0.07185076151509559
and show,0.02478214483298212
and shut,0.07308222733344441
and sick,0.12107344153647275
and simply,-0.09113792765375871
and since,0.005418195046138169
and sister,0.06736332487179232
and slammed,-0.055197431039379394
and sleep,-0.15358121648225387
and slept,-0.028583865567527462
and slowly,-0.01264722337503084
and so,0.010467360452225138
and social,0.02848596009714717
and some,0.021074295000702622
and somehow,0.0656647548490976
and someone,0.08656346791836077
and something,-0.04498474137914018
and sometimes,0.08512704289180067
and somewhat,-0.1451709484900182
and soon,-0.06992968738323221
and sorry,0.06889844881005315
and space,0.06550910889486251
and speak,-0.012817525534715296
and spend,-0.04963440309404996
and spending,0.07982070932763151
and spent,-0.07055937894471902
and spilled,0.016996543198463738
and split,0.020440486428370888
and spoke,-0.04512423492914802
and start,-0.013914677538329883
and started,0.31915502672307605
and starting,0.1641539127547714
and stay,-0.12476061803250482
and stayed,-0.027643767755794867
and staying,0.03234397523280561
and still,0.28469224788686476
and stood,-0.11101284771033502
and stop,0.13289735121908092
and stopped,-0.14230740166561434
and stress,0.017741055079520177
and stronger,-0.13179313800174566
and study,-0.008739911443927452
and stuff,0.0016693042944791133
and stupid,-0.02402930659154357
and subsequently,-0.02646467286105397
and such,0.05024382686031511
and suddenly,-0.053817342992616785
and suffer,0.0707945470698986
and suggested,0.01684360063569328
and support,-0.06820427645619655
and supportive,-0.006106110034507869
and survive,0.02626311973661152
and suspect,0.0672158063211306
and sweet,-0.0033100984584486307
and sympathetic,0.019348327336607504
and take,-0.1898886604841581
and taken,0.108118172573127
and taking,0.021522338827234085
and talk,-0.11262056100417708
and talked,-0.1545750520527482
and talking,0.029180006470193476
and tell,0.031100871460378543
and telling,0.1305023330869982
and tells,0.13336678349132083
and tend,-0.007109428578195431
and tension,0.05878591763356159
and terrified,0.07475192002641709
and texting,0.10041139455249953
and than,0.09260331332041448
and thank,0.13504841297096265
and that,0.41066038234642005
and thats,-0.004960247700125183
and the,0.4338547112204654
and their,0.08945704722991653
and then,0.2868471104455116
and therapist,0.059186982411956725
and therapy,-0.0735241105844002
and there,0.28124558933533034
and these,0.13599308314592684
and they,0.6977014193657443
and things,0.09479397187380731
and think,0.0750826993170639
and thinking,0.06343869791682165
and this,-0.13758403339489522
and those,0.12889090657469993
and though,0.05668129552427829
and thought,0.17643820707552335
and threatened,-0.055892702098069624
and threw,0.07683330777883157
and through,-0.039869459223650684
and throwing,0.14155978945724723
and time,-0.021278512328847112
and tired,0.11424323821712958
and to,0.2626332757724579
and today,0.12814320214089506
and told,0.06814427172275528
and too,0.030969454575415487
and took,-0.2754687835130872
and transitioned,-0.0032090730651558232
and trauma,0.08727690210045502
and traveled,-0.08741338551570697
and treats,0.010340643263738162
and tried,0.05592653653110055
and tries,-0.0005068981877614452
and triggers,-0.018957429799857813
and truly,-0.0939260985218389
and trust,-0.025244794511234556
and try,0.0434303516789182
and trying,0.10768733630150806
and turn,0.07351935123058338
and turning,0.1038568870857748
and two,-0.04764592546360974
and ultimately,-0.15964808179361983
and unable,0.04640525640792262
and uncle,-0.033960644533066985
and uncomfortable,0.11714039491349564
and understanding,-0.11362232476087579
and unlovable,0.04503184128160815
and unsure,0.03840746205978405
and until,0.06388558699112677
and unwanted,0.08133061440929751
and url,-0.06470846731037362
and use,0.0986879650876629
and used,-0.08620363698974474
and using,0.07907155439068045
and usually,-0.11064831290010956
and utilities,-0.010258620300697225
and validation,0.009320527916904506
and ve,0.5593264056939715
and very,-0.051610534725920115
and videos,0.10807292871998461
and wait,0.11666036635710567
and waited,-0.057805864684465
and wake,0.07406108791714255
and walked,-0.0045689015537449165
and want,-0.16202620025551384
and wanted,-0.08989529396239879
and wants,-0.1606863229340354
and was,0.1150521527820963
and wasn,-0.06949147322505025
and watch,-0.043661399119350366
and watched,-0.12238913839341153
and ways,-0.0909595568831026
and we,0.1755888255928978
and wear,0.13994215012067385
and wearing,0.0023878428083663867
and weeks,-0.09940825458043265
and weight,-0.09376263414812272
and well,-0.13553141335243069
and went,0.2999474020152882
and were,0.04435563629231388
and what,0.16721876400087668
and whatever,0.131164371528929
and whatnot,0.05972752325430872
and when,0.2956458231264077
and whenever,0.12681288099988025
and where,-0.0021509919873125725
and whether,-0.04838686651635533
and while,-0.048631603987851914
and white,-0.13285751339181634
and who,0.08248580438711144
and whose,-0.08380464364832137
and why,0.1629959986499416
and will,0.023977204352161954
and willing,0.057245490892233505
and wish,-0.05301361889634672
and with,0.02714343715941352
and within,0.010068724586208298
and without,0.03092893271958005
and woke,0.01656742470631196
and women,-0.020245627272516643
and won,0.24051112607315925
and wonder,0.0230491677968231
and wondering,0.062981689144512
and work,-0.1743168206128408
and worked,0.09715717369428531
and working,-0.16949716428595965
and works,-0.08997493420564964
and worried,0.06559532632457224
and worry,0.08047522080561825
and worse,-0.027501226095032277
and worthless,0.07931569155144756
and would,-0.17883511254518406
and wouldn,-0.144503302262221
and wouldnʻt,0.04743423219373524
and wrote,-0.06855392244870473
and yeah,-0.0735586435723088
and yelling,0.09566017837301097
and yes,-0.13385453911531983
and yesterday,-0.012090443533534383
and you,-0.13298759104414137
and your,-0.11161199979622649
andres,-0.07924979479650957
android,-0.015053763436161301
angel,-0.017245593742226523
angeles,0.08577472023266229
anger,0.2826273080618185
anger and,0.04270507265161295
anger at,0.15629771746476817
anger issues,0.03842563552946692
anger was,0.06756943697586125
angrily,0.0313228313929218
angry,0.5107570575026079
angry after,-0.04361458378108298
angry am,-0.023250654935702605
angry and,0.13177156301927534
angry at,0.1296542197534948
angry don,0.08859081537716605
angry he,-0.19912039611386145
angry if,0.06345116346522948
angry my,0.0478049504732781
angry or,0.09251537359330776
angry people,0.011365379937623694
angry that,0.10276644825361932
angry when,0.029109582522997172
angry with,0.0139434088865893
animal,-0.2783408082413084
animal who,-0.04361458378108298
animals,-0.08222917475651963
animals and,0.05835581920227911
animals in,-0.11843943050743247
animals unless,-0.04361458378108298
ankle,-0.03534177966722252
ankle and,-0.03534177966722252
anna,-0.22375314132205085
anna is,-0.06801381494492897
anniversaries,0.027725314679037598
anniversary,-0.014561115103678043
announced,-0.07404260897233529
annoy,0.12645946431459007
annoyed,0.21474475571718293
annoyed about,0.016825993003464424
annoyed and,0.07055767684545185
annoying,-0.007894802196606812
anonymity,-0.02848085504918847
anonymous,-0.12817211729694436
anonymous and,-0.05594489843518663
anonymous interviews,-0.0395484419386061
anonymous on,-0.039640081437487575
anonymously,-0.11147257706429367
anonymously of,0.008094647052293893
another,0.11506609409218398
another and,-0.019531230714101094
another as,0.10307662646841552
another big,-0.03585482823028215
another but,-0.0807848573536073
another city,-0.01598044306150236
another days,0.0822113257424765
another ex,0.0735313267207674
another friend,0.14668018230998095
another girl,0.05289363181487545
another guy,0.052994103927209844
another human,-0.01511260241239004
another job,0.06580194937389912
another man,0.09473182038386001
another one,0.07768276192564517
another part,0.023724754091307226
another person,0.0333191124155238
another place,0.11439610323866177
another reason,0.031231470978413434
another relationship,-0.08657846345617767
another room,0.06712674125669407
another state,0.11865348630412974
another thing,0.045697731138812106
another thought,-0.04656497646635976
another time,0.09842183418882669
another way,0.018835802077872072
another woman,0.016143106188325828
another years,0.018405337040305485
answer,0.0837639855453409
answer any,-0.12464319795839815
answer so,0.015732747035113213
answer the,0.11007885223335556
answer to,0.027174154735719016
answer was,-0.0605061454050651
answered,-0.13317160343593812
answered the,-0.09582411467876656
answering,-0.1282621201747476
answers,-0.10544999924893089
answers you,-0.04457371702293766
anti,0.11526916640435808
anti anxiety,0.08824239745751207
anti depressant,-0.07147493095371525
anticipation,0.03413152658271107
anticipatory,0.037951692974529834
anticipatory anxiety,0.037951692974529834
antidepressant,-0.03434497477617402
antidepressants,-0.24102468036812336
antidepressants several,-0.11318795367689413
anvil,0.09293189131473989
anxieties,-0.09976920955538797
anxiety,1.7741639796244344
anxiety about,0.14513704205742448
anxiety am,0.013147366136645034
anxiety and,0.464443164314385
anxiety as,0.09993711728522599
anxiety at,0.12296734232387861
anxiety attack,0.04313406352357397
anxiety attacks,0.2646347991196081
anxiety because,0.05321657939414853
anxiety but,-0.06008728771011013
anxiety can,-0.005030518860718013
anxiety depression,0.05968332267128539
anxiety disorder,0.1564282193034236
anxiety due,0.047415207341412344
anxiety during,0.07329049776742823
anxiety every,0.03661836518042699
anxiety fear,0.10289838734447308
anxiety feel,0.01745334545767517
anxiety for,0.1356038878000614
anxiety free,-0.1261969654260409
anxiety had,0.0820776456983888
anxiety has,0.09683721440727633
anxiety have,0.13494531889571557
anxiety if,0.09485361159455556
anxiety in,0.17250260249132712
anxiety is,0.026611817790184844
anxiety issues,-0.010407013969602169
anxiety it,-0.057061979204283096
anxiety just,-0.0033281483318219184
anxiety keep,0.07173977780825518
anxiety like,0.05653640206527823
anxiety my,-0.08311423150632759
anxiety not,0.09500750647387396
anxiety of,0.06444340730287945
anxiety on,-0.12828033395615923
anxiety or,0.13391779789727043
anxiety over,-0.11432174060282835
anxiety panic,-0.03617436002540707
anxiety problems,0.05178081346761669
anxiety provoking,-0.025012091372473913
anxiety rather,-0.048882564060913215
anxiety really,0.10231665041568157
anxiety she,0.07572036809080371
anxiety so,0.04368427605638168
anxiety spiral,0.03645154124963323
anxiety that,0.11439511897385676
anxiety the,0.06343242581587674
anxiety to,0.1443323395729349
anxiety used,-0.04500721434115056
anxiety ve,-0.05577321699017329
anxiety was,-0.07261269220050544
anxiety well,0.0820126575821634
anxiety what,0.09457631767450603
anxiety when,-0.27650693290796907
anxiety with,-0.023631233738537892
anxiety worse,-0.03383221223974731
anxiety you,-0.048722373183140745
anxious,0.9430365294224555
anxious about,0.13322531545533395
anxious am,0.05070163229696601
anxious and,0.2703747728856484
anxious because,0.11430487113076322
anxious but,0.10073692892449271
anxious half,0.02809359284060238
anxious or,-0.04905422043274553
anxious over,0.08103418655100034
anxious person,-0.011492146398823871
anxious state,0.05411245080730281
anxious that,0.06723274785296614
anxious this,0.05479090695791275
anxious to,0.07359075610247287
any,-0.3251924858024061
any additional,-0.006709526448260985
any advice,0.3103796982260587
any advise,-0.0005993804311412868
any amount,-0.1204875724075907
any and,0.008953343779815206
any assistance,-0.03806933861728132
any better,0.014280226724781077
any communication,0.06198814487354674
any decision,0.0879146216621578
any evidence,0.07954121491183522
any experience,-0.18204031513724886
any form,0.07935113064761265
any friends,0.12303270287563367
any further,-0.10206477976141491
any good,-0.1027076059704259
any harm,-0.054745984879150014
any help,-0.03541584589795164
any idea,-0.061664757990186794
any ideas,0.06643220992866125
any income,-0.008437825870409288
any information,-0.0733203353410753
any insight,0.05996369055214873
any issues,-0.014825548605887431
any kind,-0.04664373870374183
any life,-0.0605061454050651
any little,-0.054467062252201735
any longer,-0.028402257839572544
any meaningful,-0.009993328101970915
any medical,0.06955090328582116
any meds,0.06284525571287258
any more,0.06938782741809485
any of,0.14838416722053907
any one,-0.03031198942691519
any other,-0.16896368133236186
any others,-0.09604766001128427
any point,-0.014043578988699252
any positive,0.08356827589434347
any programs,0.024928485618099173
any questions,-0.20197052081675443
any reason,-0.18848118846138198
any recommendations,-0.10875070121330926
any responses,0.03274261477485768
any similar,0.09388937827177114
any sleep,-0.03139411647597015
any sort,0.12203976965756932
any suggestions,-0.1026227341468897
any supermarkets,-0.07378535716214671
any support,-0.06708424266421661
any thoughts,0.04699587265313052
any time,-0.14382831431005377
any tips,0.10088758298962337
any type,-0.006646304817026654
any way,0.029291517929574573
any where,0.06392665862230548
anybody,-0.22550914407042538
anybody else,-0.11590166014545882
anymore,0.5371856425415069
anymore and,0.12433874997959388
anymore bc,0.07190183951778951
anymore because,-0.04683897341319738
anymore but,0.019388457332191883
anymore can,0.07401544877871953
anymore don,0.05658267836785432
anymore feel,0.07780589942546967
anymore he,-0.03582828144603784
anymore just,0.08266419330367246
anymore my,0.06010054912860439
anymore or,0.05968134937093956
anymore she,-0.041587508667941586
anymore so,-0.009036288704144569
anymore this,0.1011301712923194
anymore ve,-0.05176533931311093
anymore we,0.056488137053708684
anyone,0.5090418261948816
anyone about,0.05752542495000012
anyone ages,-0.04509382103789202
anyone and,0.026069904308519746
anyone because,0.018515349990750603
anyone been,-0.02515355055133577
anyone but,0.14967597341224947
anyone can,0.014559455579228043
anyone could,-0.19278181714365003
anyone else,0.2602293280363638
anyone ever,0.02853742706532507
anyone experienced,-0.07576253454925619
anyone for,0.06022330450801271
anyone gets,0.07223906234248546
anyone give,0.04949151864119825
anyone has,-0.04672794421549992
anyone have,0.25681156681050754
anyone here,0.02048016933692404
anyone how,0.06379386165360325
anyone in,-0.11614307344114183
anyone is,0.03197897433593375
anyone know,0.059938193203903936
anyone knows,-0.18078353503227898
anyone not,0.07533087484844792
anyone that,-0.04348747993104171
anyone there,0.08848859571075311
anyone they,0.08639929270762209
anyone to,0.1377073298584404
anyone wants,-0.07725935278824399
anyone who,-0.07007035922303645
anyone with,-0.035499147165751935
anyone would,-0.026152513600162616
anything,-0.0804687327890119
anything about,0.2035775995399037
anything again,-0.007038734799933893
anything and,0.29552626123467857
anything as,0.003001974640222864
anything at,0.0712993620107397
anything bad,-0.12425102701283154
anything because,-0.023090837674648073
anything but,0.01664859387441918
anything can,-0.13847863984437433
anything could,0.0399109685030325
anything else,-0.11140400248880779
anything epic,-0.03832236404144581
anything even,-0.013207124509601835
anything feel,-0.05486075064565492
anything for,0.10567370977640676
anything goes,0.0016161367443781015
anything happened,-0.029492526361767035
anything he,0.07319845480660307
anything helps,-0.02344095953166484
anything in,-0.03961783201264386
anything just,-0.03722719786401595
anything like,-0.15403051252247793
anything more,0.003956405759211848
anything of,0.013291190619200666
anything or,-0.013720281996891948
anything outside,-0.009983171977520359
anything really,-0.018745480711378822
anything she,0.012070819909023851
anything since,-0.1304746101290476
anything so,-0.00611100251297571
anything that,0.0948664713979589
anything the,-0.007660197711929014
anything to,-0.1916769786555089
anything ve,0.06478744737846809
anything visit,-0.03074105019184583
anything was,-0.014521639323106794
anything would,-0.00863362020334125
anything wrong,0.0791972892796176
anything you,-0.04242115222149132
anytime,0.022460509631972284
anyway,-0.18298566251513607
anyway after,0.12277412057524889
anyway don,0.07439015995089863
anyway just,-0.025622003757456126
anyway month,0.08951859629248637
anyway ok,-0.0012339024096511442
anyway quit,-0.11318795367689413
anyway she,-0.1063926484405036
anyway so,-0.05403614331897644
anyway thanks,0.01951662860634359
anyway that,-0.09718731697938959
anyway ve,0.0030226225668174645
anyway we,-0.07200960927876819
anyway when,-0.024921966959177772
anyways,-0.04577153801129358
anyways and,-0.10611629519551016
anyways he,0.08266649878286736
anyways that,-0.023759079284444436
anywhere,0.19506068406460697
anywhere alone,0.08054241794240742
anywhere but,0.02754458668096798
anywhere else,0.10075613997703074
anywhere near,0.09494309890475429
anywhere without,0.055712603171044546
apart,-0.20218088338409448
apart and,-0.020215342576389763
apart from,-0.08809192396031391
apart of,-0.10713922910920384
apartment,-0.020806840340839336
apartment and,0.055220397689549776
apartment but,0.05069323139307718
apartment complex,-0.08395525014474431
apartment for,-0.05090672376966264
apartment in,0.08537175515329185
apartment or,-0.10356282025228208
apartment that,-0.1304146695077911
apartment was,0.02347956502244957
apartment with,0.04170355430453771
apartments,0.051008325985378536
apartments in,0.009097845748442052
apnea,-0.008627276780307577
apologies,-0.05031498234254645
apologies for,-0.011641880657518092
apologised,0.006267738806152259
apologize,-0.19352807128955482
apologize and,0.09421381207786317
apologize for,0.12252750239816407
apologize if,-0.12391383658294074
apologize on,-0.1557754633648579
apologized,-0.057294990775598145
apologizes,-0.0073116684766726895
apology,-0.026371589378282503
app,-0.27393488768548896
app but,-0.02007074470317399
app called,-0.12476656516861605
app on,-0.01887010039482897
app that,0.014771556437179702
apparent,-0.05902474609479707
apparent reason,0.07119891697397229
apparently,0.025015940206293125
apparently her,-0.010426281278028013
apparently it,0.04113113410493186
apparently my,0.016608746367489005
apparently she,0.04311892873996205
apparently very,0.07987154151124971
appeal,-0.052699124720387125
appealing,0.003797944754752515
appear,-0.10660094974066156
appear as,-0.07666108269697366
appearance,-0.03463735599770356
appearance and,-0.03747341979266256
appeared,-0.020110151752866432
appearing,-0.08592271503868053
appears,-0.1053478437882346
appears to,-0.12287548528211933
appetite,-0.06478962788008374
apple,-0.040365247715421805
application,0.046676633418712095
application process,-0.019406508440441714
applications,0.031895951591530365
applications can,0.05502035680144404
applied,-0.133777215071559
applied for,0.04742392004237107
applied to,-0.10940041640762431
applies,0.025278414089295306
applies to,0.025278414089295306
apply,-0.0031298035684058758
apply for,0.004485839786439234
apply to,-0.04048852570818671
applying,0.0370172284965071
applying for,0.03028893261134627
appointment,0.21976272443987585
appointment and,0.03337617140851637
appointment in,0.006082970431948545
appointment the,-0.009237277402730403
appointment with,0.13734126855279924
appointments,0.19611684097845497
appointments for,0.024274076860754567
appointments with,0.08962962937037115
appreciate,0.03842048778086529
appreciate any,0.0519782500568079
appreciate if,-0.041276418241019505
appreciate it,-0.035915650763006325
appreciate you,0.00810374916856662
appreciated,-0.18964265669176464
appreciated and,-0.042995251643474376
appreciated even,0.07611552855442827
appreciated it,-0.08422592674251454
appreciated please,-0.020430901918932813
appreciated so,-0.06262408064630544
appreciated thank,-0.1438046164993281
appreciated thanks,-0.05976818515809806
appreciated tl,-0.030443588395594554
appreciative,-0.00164708431643036
approach,0.08313585414051441
approach the,0.0008755486706821911
approach this,0.11601423511053238
approach to,-0.05661372741321772
approached,0.08662084462883538
approached me,0.059725549753518306
approaching,0.04823835714615007
appropriate,0.04078369677646102
approve,0.021046239378784734
approve of,0.021046239378784734
approved,-0.06953560672778375
approved by,-0.0561182145660976
approximately,-0.05980767225075
apps,-0.06766975581194122
april,-0.09488892125279158
april but,0.018936392341777554
april of,-0.007879649403533792
apt,0.05873160843786813
are,-0.27767358500991535
are 18,-0.04889274569267998
are about,-0.103109658573363
are actually,-0.0072532031501584
are all,-0.0728194371093154
are almost,-0.03667740025139143
are also,0.08191144285538189
are always,0.000813104895024086
are and,0.03150143886165626
are annoying,-0.024025907661714415
are any,0.13595455056454506
are appreciated,0.03123281983383318
are as,0.11582664425753467
are at,0.011220283550757732
are away,-0.008284877650803275
are back,-0.07400472501938724
are based,-0.03074105019184583
are beautiful,-0.08038621959724944
are being,0.09757613611729508
are better,-0.06427337380000309
are both,0.005859919892916082
are burning,0.014964868723605767
are but,-0.0039760951279121295
are close,0.10412469698372281
are coming,0.19736951955812554
are considered,-0.0944390218864344
are constantly,0.137009766821734
are dangerous,-0.04361458378108298
are developing,-0.03953867963772142
are doing,0.07752288731314849
are elderly,-0.07475634852176939
are extremely,-0.08169437983072354
are family,-0.014022536337192214
are far,0.0015967046795100088
are for,-0.0031553669136351902
are free,-0.05319613170527761
are friends,-0.009519480993702614
are funny,0.11910070277497342
are getting,-0.10616038875826386
are going,0.11234883924118028
are good,-0.07660647680694517
are great,-0.11911084133253977
are growing,-0.01797691602596918
are here,-0.05767672375094492
are hours,-0.02069524251645906
are if,-0.19837070949414742
are in,-0.2867695572404044
are incredibly,-0.08820201010435298
are interested,-0.17807784158756887
are invited,-0.04509382103789202
are just,0.10231643628786792
are kind,0.0027958295100947955
are like,0.07197047349492444
are local,-0.03074105019184583
are looking,-0.06595061920427286
are lot,0.12759359142673357
are loud,0.07035859851727437
are loved,-0.0711458349744614
are making,-0.047722443400586775
are many,-0.05332888516089928
are met,0.08120004227211276
are more,-0.045002120506806645
are moving,0.11179424369722742
are my,-0.003546313066320168
are never,-0.10569922225472032
are no,-0.03695991350796219
are not,-0.06690378624685016
are now,0.08229879557550673
are of,-0.11010824469510651
are often,-0.04335461523786619
are ok,0.1468704976739072
are on,0.006219298866819752
are one,0.012241029828239602
are only,-0.01566137531261185
are or,0.017385852427680173
are out,0.019024919083578343
are over,-0.07378535716214671
are people,-0.037974993544219064
are piling,0.05553251652465271
are pretty,0.07297925309108859
are probably,0.09905111446737999
are real,0.0914397006245367
are really,0.06152630650105072
are refusing,0.05362636869514095
are safe,0.00843377837249075
are so,0.2613832779097017
are some,-0.0026666158712828148
are staying,-0.08527007778615985
are still,-0.07351281062354297
are stronger,-0.043742767955615464
are stuck,0.08031104584896034
are supposed,-0.020324243106645497
are terrifying,0.059682441942932894
are that,-0.0876446050013922
are the,-0.09201965284998055
are there,-0.1621443242189388
are these,0.043098952504332814
are they,-0.046023281284709075
are to,-0.0630289670598617
are triggering,0.06278746059542022
are truly,-0.005271187485525059
are trying,-0.056404820046167294
are unable,0.016313706781999848
are under,-0.027547453310445995
are usually,0.02648237246291618
are very,-0.14708960336185392
are we,-0.019841484881283875
are welcome,-0.08377357668827398
are what,0.023952823426664528
are why,0.1248592539853537
are willing,-0.08798139683757818
are with,0.08186639793602021
are working,-0.06995010761979276
are you,0.024495908120282385
are your,-0.19151345149888604
area,-0.44340010945275826
area and,0.0878149888698669
area is,0.08778788762881441
area of,-0.21513326703128716
area that,-0.02056513431056827
area to,-0.0909243157138787
area we,0.03563642991555702
areas,-0.003235768193741503
aren,-0.2100345472524663
aren exactly,-0.12118412285793506
aren really,-0.01793002368027785
aren the,-0.022887675234189175
arent,0.03004411234750838
argue,0.03226414040600668
arguing,0.13985008816108388
argument,0.2588080358004557
argument or,0.06434456298480777
argument we,-0.0015033160703534516
argument with,-0.007761657180278667
arguments,-0.10250944967212677
arguments because,-0.012676990429861982
arise,-0.00031792313403423706
arizona,0.015612445212477372
arm,0.26382077908931145
arm and,0.10606000229055332
arm around,0.1383009846731436
armour,-0.09398722043290896
armour but,-0.09398722043290896
arms,-0.21278073277279197
arms and,0.17828291652687853
army,-0.03784631966859932
army reserve,-0.011363052296319925
around,-0.48916894395714117
around 1000,-0.0724005045705379
around 10pm,-0.1453885212251505
around 11,-0.013010436612630998
around and,-0.06523203948723981
around because,-0.13697711317488542
around but,0.11436532260495946
around for,0.05783784230443568
around her,-0.03577596604499679
around him,-0.06959111473943813
around how,0.03217198132286008
around in,-0.11902852674416142
around it,0.03370208766263222
around lot,-0.09833979861248451
around me,-0.1795967901384773
around men,0.14121187191295725
around months,-0.05216239442597561
around my,0.27692911297070877
around other,0.06420692759019683
around that,0.08535822573634375
around the,-0.25296106975404653
around them,0.10323238186886274
around this,0.01000446337355213
around to,-0.07356922604771694
around using,-0.04949784213867973
around when,-0.06822662474176368
around you,-0.04505922190452629
arrange,0.09248607707601578
arranged,-0.06604088922797484
arrangement,0.054401781244279475
arrest,-0.1424037596463499
arrested,-0.19442111193863207
arrested and,-0.16131971727603672
arrested for,0.02304131532387991
arrival,0.08551008546017587
arrived,-0.0024182061889355473
arrived at,-0.0404667507970937
art,-0.12708139374508126
art school,0.09315756199176715
article,-0.2811815970157951
article about,-0.011958416096948307
article for,-0.039640081437487575
articles,-0.12041953298953724
artist,0.12244749423187723
artistic,-0.004919400523315953
artists,-0.010802420664785428
arts,-0.05656129615523282
artwork,-0.08177995997731924
as,-0.42615757311257857
as all,0.02087479727486587
as always,-0.1445440505323384
as am,0.20674123354224777
as an,0.04499706339820855
as bad,0.1679132956618048
as being,0.04442450623315357
as best,0.04215845888938864
as can,0.1573574848696669
as child,0.003136171687806889
as could,-0.10602340012611805
as did,-0.07572230295776262
as didn,-0.06775982386297762
as do,-0.1983175400225633
as don,-0.07058249291737616
as drugs,-0.006090306483632827
as fall,-0.07690929808749304
as far,-0.05366468554608816
as felt,0.014106085028276179
as first,-0.05427865834755191
as food,-0.06262408064630544
as for,-0.22660787772986976
as friend,-0.0066008598378947325
as friendly,-0.003123392515544537
as friends,-0.12136688298365263
as fuck,0.13004171775913997
as get,-0.09896128310408273
as good,0.1157937979964019
as got,0.014927797330051232
as had,-0.03601270663570932
as happy,0.10166979509731286
as have,-0.02106310921156434
as having,-0.06675424278655943
as he,0.059079316999264886
as hell,-0.07618595410148776
as her,0.08657715819563183
as high,-0.10758909836749707
as him,-0.054745643991324415
as his,0.13464539439355178
as if,0.06811677487085939
as in,0.026050987425075424
as is,0.058318961699638815
as it,-0.12012892045272813
as kid,0.16631456476337256
as know,-0.13272642855357067
as last,0.07321073748470094
as late,-0.06231561820229442
as like,-0.0056448563129182575
as little,-0.11178327414129507
as long,-0.03586694295856411
as loving,-0.061304096410453236
as many,-0.1716972357118115
as me,-0.008996014855460624
as mentioned,0.0849966873096106
as mine,-0.122682440332585
as more,-0.011519011221867664
as mother,0.16812097455875752
as much,-0.09245442989279432
as my,-0.09983116267690029
as myself,-0.04929711287237011
as not,0.08751433194888716
as now,-0.01282462790288548
as of,0.06645097069119459
as often,0.11232875435677811
as one,-0.16765440979437476
as opposed,-0.10483704445628729
as others,-0.08707582313049576
as our,0.058634722325379335
as part,0.0013292292833535103
as people,0.053580682667327816
as person,0.046931925463429024
as possible,0.2718730295301606
as quickly,0.04533864947801864
as really,-0.022977994168235163
as result,-0.0036546195588797485
as sad,0.019993723251500846
as she,-0.16816536198222132
as short,0.09379137664609195
as should,0.009796882982292473
as simple,0.008833314570072399
as so,-0.03011753103443086
as some,0.04790129065110222
as someone,-0.03068185524467936
as soon,0.1152728184544798
as start,0.003734193767579716
as take,-0.016935933563763814
as teen,0.0005990445146376361
as teenager,0.13978688373319587
as that,-0.022057722206122746
as the,-0.5095415236236537
as their,-0.012098524089281725
as there,0.04372364258759958
as these,0.022138969124367067
as they,-0.1250380254849276
as this,-0.06623793601195696
as though,0.09126070450677151
as thought,0.12340942078099129
as time,0.054275803444322535
as to,-0.21732497295951536
as told,-0.009168844028521667
as try,-0.05427865834755191
as type,0.09572197473194594
as understand,-0.10300783854214844
as ve,0.12727705979834897
as was,-0.09971975775577763
as way,0.06799350616038422
as we,0.07338677537089061
as well,0.11872419887368932
as what,0.04205969881257634
as when,0.084915573293538
as whole,-0.0743695158661576
as work,-0.00099006237465437
as you,-0.005055446086360823
as young,-0.003484679354319297
as your,-0.05767149267974
asap,0.0942726244437963
asd,0.031285532860905234
ashamed,0.39592680400181035
ashamed and,0.04358625731793082
ashamed of,0.10986587695315134
ashamed to,0.06046101580832753
aside,-0.17327714140310652
aside from,-0.05506459607959964
ask,-0.3584969312361573
ask about,0.04049057894972837
ask any,0.016469628053528085
ask because,-0.012419652517659406
ask but,0.009421775990483616
ask for,-0.05287488587004894
ask her,0.032034120574842395
ask him,0.1289031839288184
ask his,-0.1145215769385691
ask if,0.02359943815029016
ask me,-0.12846085793779422
ask more,-0.10002400049812099
ask my,0.1269053462210031
ask out,-0.03362222904554589
ask questions,-0.05430658026279126
ask that,-0.08365292383409187
ask them,0.11357685595230624
ask this,0.03610961001706503
ask to,-0.008754348170378647
ask what,-0.14839378726274283
ask why,-0.012975140506501576
asked,-0.4982239549890226
asked about,-0.08696893793286749
asked for,-0.1852911049909466
asked her,0.03502840362071864
asked him,0.1238127640540508
asked if,-0.2254186141342842
asked me,0.06492572454429268
asked my,0.03629929838659403
asked one,-0.020123604721605532
asked that,0.04267374603064195
asked the,-0.04457371702293766
asked to,-0.11710029839309849
asked what,-0.02479042069516935
asked why,0.11152845749286083
asking,0.0385687497418102
asking for,0.04773345063397453
asking her,0.18450747975597492
asking him,-0.09154790260635591
asking if,-0.20424457465773177
asking is,0.08639539758127286
asking me,-0.09586892275089386
asking the,-0.14789763950938994
asking this,-0.11566944055527566
asking what,0.11221401312125939
asking why,-0.09083179168449015
asking you,-0.04457371702293766
asks,0.06644020721958954
asks me,0.09995069134741436
asleep,-0.08464614415924272
asleep and,-0.11091313813273149
asleep it,0.1279629692423541
asleep never,0.04743423219373524
asleep on,0.03863700849889403
asleep snore,-0.12315914578726085
aspect,-0.026238463443799587
aspect of,-0.05951928873940473
aspects,-0.1727356475097007
aspects of,-0.13771325379540952
aspergers,-0.08542754374725012
aspergers and,-0.08542754374725012
ass,0.3607197917786682
ass off,0.09884213239578526
assault,0.04023898278050717
assault it,0.07160922498104318
assaulted,0.19454140118467694
assaulted and,0.06341917378233078
assaulted when,0.07122025546966335
assaulting,0.1140514956916143
assertive,-0.12103698446971932
assess,-0.04509382103789202
assess treatment,-0.04509382103789202
assessments,-0.03571177968025058
assessments over,-0.03571177968025058
assets,-0.0391642931203065
asshole,0.05890284772002053
asshole but,-0.015962953103227304
assigned,0.05097958761194958
assist,-0.05487354841757837
assistance,-0.07254245720115522
assistance and,-0.026166115203387668
assistance as,-0.038295025404312746
assistance but,-0.023085264052202993
assistance even,-0.07384064998405561
assistance from,0.02449203565117216
assistance if,0.12446100872617441
assistance my,-0.10789887343829078
assistance not,0.024734633675719524
assistance to,-0.06442405395388925
associate,-0.14323633591656673
associate with,-0.024304667246034584
associated,-0.0161714164674877
associated with,-0.0161714164674877
assume,-0.2571023544958933
assume he,-0.07934519187968173
assumed,0.09375239502121574
assumed that,-0.12678098479315977
assumed was,-0.01442573722235634
assuming,0.045059707100764804
assure,-0.0395484419386061
assure you,-0.0395484419386061
assured,0.02220994763259398
assuring,-0.02371120855154339
asthma,-0.10291529574583488
aswell,0.028868124421273008
aswell as,0.08895912283243303
at,0.14937780628535144
at 10,-0.09977974389045648
at 12,0.1048936750560214
at 16,0.13878570820044114
at 17,0.10384370690745523
at 1am,-0.03559925811102999
at 21,-0.10834556815354697
at 30,0.0756615319684242
at 4am,-0.010261833662759614
at 6am,-0.09192936203813072
at age,0.05092616914749506
at all,-0.03559002396634391
at an,-0.07387412326536501
at and,0.10546130216176518
at another,-0.10049140278330712
at any,-0.10466096633407797
at anyone,0.06839749184438332
at around,-0.09337089027128428
at bar,-0.07897726217979847
at best,-0.0771960473891659
at college,-0.13470602666780204
at different,-0.014669095799327366
at each,0.03517503435315592
at ease,0.15016432672122218
at email,-0.02965150330225004
at every,0.000311601916171048
at expressing,0.07055767684545185
at first,-0.10472901974308374
at for,-0.08108846759709896
at friends,0.058107444067008004
at hand,-0.08525014037346079
at helping,-0.00799850293335143
at her,0.12811943062885975
at hiding,0.0078618960000298
at him,0.12089770732181218
at his,-0.031838498907161575
at home,0.16862938826922794
at homeless,-0.003153210059785209
at house,-0.09277227780823082
at is,-0.008717682630963624
at it,-0.031206455441306777
at its,0.019730953847780144
at least,-0.0623763635640192
at local,-0.05576579958815969
at loss,0.13600763698708612
at making,-0.010640020330023467
at me,0.87865906331218
at mods,-0.052360604150883464
at more,-0.06137046753284856
at most,-0.09930497559750315
at my,0.23745716516040305
at myself,0.06760852319706814
at night,0.2799089316246413
at now,-0.0605061454050651
at once,0.0831836160843271
at one,-0.05401892563309682
at our,-0.10637970042845055
at over,-0.05581193537247974
at party,-0.11629777911191716
at peace,0.026570702813129204
at place,-0.025302061599090715
at public,0.06298961671582734
at restaurant,-0.009996432553288014
at risk,0.003565275434730033
at school,0.08390773545864687
at some,-0.009743222859285345
at someone,-0.005314694723269243
at starbucks,0.011664123821151399
at store,0.014743802116926422
at that,-0.10920870034464994
at the,-0.2188540010278791
at their,0.11625330046365097
at them,-0.022577055540912595
at things,0.09723051649065016
at this,0.13714533773507612
at time,-0.046475454217650196
at times,0.06544053213603238
at uni,0.03616304681497472
at url,-0.053196800427543205
at very,-0.13724552207618307
at which,-0.0029466404286454923
at work,0.11550537365524292
at you,-0.07866653560471176
at young,0.04864456334325748
at your,-0.15243444006578455
ate,0.09359861258486257
atleast,0.030783069489513787
atm,0.06797287595202077
atmosphere,-0.22866204998576978
atmosphere with,-0.05581193537247974
attached,-0.19710732564406164
attached to,-0.0975039788482457
attachment,-0.07491387100387445
attack,0.584402196375115
attack am,-0.1534098768477824
attack and,0.2804385018534977
attack but,0.024155780852122402
attack going,0.07126978302702394
attack is,0.026846920054422168
attack or,0.09041459891175292
attack over,0.0645012051099114
attack ve,-0.07560896704264332
attack where,-0.024795063293735247
attacked,-0.06553618679919314
attacks,0.7894969373410718
attacks and,0.18565268036790158
attacks around,-0.019580211275549604
attacks at,-0.15029373100772495
attacks in,0.0794952183310756
attacks not,0.06289323720562406
attacks now,0.07231756198895851
attacks or,0.0602570680139478
attacks that,0.07802415549919403
attacks where,0.055115845267101664
attacks which,0.09762915875656822
attempt,0.016467093721631854
attempt to,-0.1984894574120966
attempted,0.14946906831646536
attempted suicide,0.10182732842730503
attempted to,-0.05897670678403234
attempting,-0.1056147512198367
attempting to,-0.1056147512198367
attempts,-0.022552119069102428
attempts to,0.07128533267642197
attend,-0.04395215602167532
attendant,-0.01637583629917645
attended,0.055688647938240333
attending,-0.05300281286220398
attending classes,-0.06655026477653447
attention,-0.04940873335205448
attention in,0.009006805218162708
attention to,-0.02614385996196237
attitude,-0.06777650732757601
attitude and,-0.09115862056836067
attitudes,-0.04162048718590949
attorney,-0.04738165762970628
attract,0.03973059789421338
attracted,0.05314439353968616
attracted to,0.05314439353968616
attraction,0.1329738050704005
attractive,-0.011241182186030417
audience,-0.05062249025248006
audio,-0.05821759345617197
audio files,-0.05427865834755191
august,-0.06302481545433399
august 11th,0.08580513407427554
august and,-0.0021794139638760175
aunt,-0.1686140013929518
aunt and,0.008647072701865509
aunt was,0.09692937249539953
aunt who,0.027674165704348577
aunts,0.00855266998354763
authorities,-0.027153450168922445
autism,-0.03637091876234015
autism spectrum,0.028111265252715237
autistic,0.03251878633610009
auto,0.18215805287995632
automatically,0.09794685195084321
automatically the,0.13086544588783114
autopilot,-0.00705954536288162
avail,0.08972221850907829
available,-0.16451598235687104
available as,-0.003254381128159307
available to,-0.032470327824685216
avenue,-0.07378627677189094
avenues,0.03852321497006714
average,0.05865873573166953
average person,0.027446297221667793
avid,-0.08862744859982359
avid painter,-0.06262408064630544
avoid,-0.32068296330980844
avoid making,0.006575618090363252
avoid this,0.085887677009466
avoidance,-0.018744900148267307
avoidant,0.013945843232097372
avoided,-0.02731032619599437
avoiding,0.06767703486515113
avoiding the,0.06433294606911558
awaiting,-0.02027165622673997
awake,-0.024876850836716355
awake and,0.03577366661232917
award,0.012079122761177162
awards,-0.08719931872722732
aware,0.03269701491930822
aware of,-0.007424139576939648
aware that,-0.003975616834355619
awareness,-0.28701209164233765
awareness and,-0.06765099753168906
awareness if,-0.051956459219401785
awareness month,-0.03422011171481723
away,-0.29675416215628597
away after,-0.12077244552119216
away and,-0.29532884745352966
away at,-0.051117649688625845
away before,-0.02492700389772506
away but,-0.12815871548037933
away completely,0.07755961079142518
away don,0.0415285428563152
away for,-0.032898594048524604
away from,0.22915496565506496
away in,-0.126820651914797
away know,0.14520088709907505
away my,-0.14915113286681725
away or,0.08851723113796676
away she,0.017722384239620654
away so,0.012356349255213953
away they,0.0706221485104101
away to,0.0569487629445152
away when,-0.016361322039949975
away with,0.14500530671557776
awesome,-0.14468917732538153
awful,0.48736471521194275
awful and,0.07521397671842184
awful for,0.132325694495852
awful it,0.07925970351232009
awful things,-0.10418521142034008
awful when,0.09314217966650402
awhile,-0.01282800900950136
awkward,-0.17500921165512132
awkward and,-0.02594385148769593
awkwardness,0.0630939358213987
az,0.0010893879559268928
babies,0.006891424728456183
baby,0.3101791363822304
baby and,0.104094709767716
baby boy,0.011380144179068862
baby girl,0.04369102911988367
baby is,-0.1175069859267345
baby she,0.00869266869011747
baby shower,-0.0023125115662543643
babysit,0.011050657148410813
babysitter,-0.010569399207325606
bachelor,-0.1381249199199988
back,0.28146238642365823
back after,-0.08341880358953212
back again,0.046593624867086555
back against,0.05500124670833692
back all,0.06760688312200774
back and,0.17452892180033996
back anymore,0.053148907224460154
back as,-0.11084759604094659
back asleep,0.018164962654777714
back at,-0.11062879210042592
back because,-0.14862158042759813
back burner,0.09642097649898686
back but,0.1142196298200425
back by,0.10316029926804902
back down,0.046762318803906765
back even,0.027899275655736164
back for,0.03630205744237548
back from,0.13920757983122475
back had,-0.047574814886799204
back he,0.054632534545278624
back here,-0.10686578745385271
back home,0.27240881285174096
back if,0.056316514640023185
back im,0.014466724060844855
back in,-0.3042661482455185
back into,-0.1548133202560911
back it,-0.10762256833943934
back later,-0.005637520052617462
back my,-0.1627427802569082
back not,-0.0038624647020143225
back now,0.007206398553735309
back of,0.015429740179226195
back on,-0.3202318023687991
back or,0.10630651873824486
back out,0.08635384079868075
back over,-0.04172505246635621
back pain,-0.047150096123401944
back pay,0.018230692471048054
back so,0.06579093222298425
back story,0.052982083550809723
back telling,0.05564358940299778
back the,-0.06100118585292684
back then,-0.09769551617749808
back there,-0.0008604286707544567
back though,0.007202486464831228
back to,0.1844138086077448
back together,-0.041452961097108026
back up,-0.12332605475610557
back we,0.018923287153834165
back when,-0.06225230908620218
back will,-0.030802362826879388
back with,-0.026051177853378477
backed,0.0601084905579918
backed me,0.06980405500856389
background,-0.447569012710111
background information,-0.04509382103789202
background this,-0.023502402103094403
backlash,0.014050971778807065
backpack,-0.002676298540332768
backs,0.08884541234856874
backs and,-0.01962086812886569
backstory,-0.007205706728801074
backup,-0.08088320142828798
bad,0.8701702312774892
bad about,0.08248789308749628
bad and,0.22535459983032177
bad anxiety,0.1131537093988685
bad as,0.15571167114275958
bad but,0.03659201799100441
bad children,0.08814073968950305
bad day,0.02418927420870052
bad english,-0.04530975823956092
bad enough,0.06014349177387819
bad feelings,0.07684451566577707
bad fight,0.053148907224460154
bad flashbacks,0.07326431505997766
bad for,0.12702949880714293
bad guy,0.007889237662462542
bad idea,-0.14567275791212522
bad memories,0.1472866086515936
bad mental,0.06456900893592125
bad nightmares,0.04743423219373524
bad now,-0.003231531908899723
bad or,-0.06578748199175882
bad over,-0.048275720827512324
bad person,0.07609896132745768
bad ptsd,0.0391003339803155
bad side,-0.016448366816082218
bad since,0.040558452964524545
bad that,-0.06923859193813182
bad thing,0.03623022884746796
bad things,0.0593959869698659
bad this,-0.007120215774810467
bad to,0.07266568291243494
bad too,0.05209285788207975
bad when,0.11372877116774874
badly,0.16023202306207798
badly about,-0.0405945347728801
badly but,0.10154710840840658
bag,-0.10585945960737835
bag and,-0.16101810449676293
bag he,0.07246324332898156
bag of,-0.10525967283384306
baggage,-0.003641072429201134
bags,-0.026255921136808053
bail,0.1877628039918368
bail and,0.07018371620887187
bail the,0.0875205850636482
bailed,0.14211086112780832
bakery,-0.013081318753790651
balance,-0.2240727686760884
balance and,-0.07735165705454435
balanced,0.0017523397849309793
balancing,0.054357326421146095
ball,0.06909555715275029
ball of,0.012280958766934458
ban,-0.1041043800660058
ban the,-0.052360604150883464
band,0.009498772709731105
bang,-0.04543882264295584
banging,-0.002858311513038298
bank,-0.4092757735857832
bank account,-0.1817639291641282
bank accounts,-0.05360272879280443
bank and,-0.08788161585745459
banks,0.052660152281268954
banned,0.0921040372394252
banned me,0.12763369858459286
bar,-0.24523400347728147
bar and,-0.11445948814264999
bare,-0.03373160840973878
bare minimum,-0.03373160840973878
barely,0.2706288551100383
barely get,0.07349783917305916
barely make,0.06888708017258477
barely pay,0.016996543198463738
barged,0.010366468554283371
bars,-0.07270700402892914
bars and,-0.0026291887702118537
bartender,-0.10755604913858781
base,-0.06894256701256404
based,-0.37056833724177446
based in,-0.03074105019184583
based on,-0.3164768116692551
basement,-0.0794753651441543
basic,0.06973525248750384
basic questions,0.011440852373494967
basically,0.3800876718053576
basically all,-0.11683420069678803
basically just,-0.09887338343970373
basically living,0.07480464115358978
basically my,0.06807463206236136
basically said,-0.055462932852487774
basically was,0.09039567145990157
basis,0.024606440448853302
basis and,-0.05934723912455902
basis from,-0.04949784213867973
basket,0.15316296608370344
bastard,0.03185551111529752
bat,-0.12226744410217986
bath,-0.18004575136143242
bath and,-0.004632015396535737
bathroom,0.03487338360059332
bathroom afterward,0.0657359134608534
bathroom and,0.02008577057304997
bathroom door,-0.04925913687833935
bathroom right,-0.09382944486673589
bathroom to,-0.004651468294795012
bathroom when,0.00542333611767984
battery,0.070747536267913
battery died,0.08123282814241924
battle,0.01714832857154112
battling,-0.08967326219203745
bawling,0.009210835475857196
bay,-0.12354378017799067
bay area,-0.07104220880457769
bc,-0.08127795372194113
bc don,0.06091900720942713
be,-0.9541456100734904
be able,-0.03674954456531092
be about,0.12290665416286904
be afraid,-0.08045405164048577
be alive,0.032086378314667104
be all,0.05109373933487159
be allowed,0.023219102106953878
be alone,0.10676737918699498
be amazing,-0.03488055968189605
be an,-0.16331879331474278
be and,-0.06924612506658158
be annoying,0.0656983605578121
be anonymous,-0.07747148136141045
be anxious,0.028706070449403622
be any,-0.02066088798335651
be anything,-0.03832236404144581
be appreciated,0.04295699198444048
be around,0.0748932063438947
be as,-0.001086929858352818
be asked,-0.09285711168452482
be at,0.13873508687663264
be aware,-0.054715923701637886
be back,-0.19059089918631664
be bad,-0.1054912203393651
be behind,-0.08127460887444421
be best,-0.04027226802433137
be better,-0.24449755426054617
be bit,-0.13259543839869625
be but,0.17347618240037682
be by,0.11285541089993666
be caused,0.04901612142058376
be clear,-0.10161053441410574
be college,0.0657359134608534
be compensated,-0.03571177968025058
be completely,-0.06209298384634653
be considered,0.06828640751377994
be cool,-0.0756947768085103
be dealing,0.0952107634317659
be decided,-0.052360604150883464
be destroyed,0.07415791911302273
be different,-0.07543021244293298
be doing,-0.009434694251381492
be done,-0.13068234662645087
be easier,0.08575497044839553
be employed,-0.1241951622209627
be enough,0.15915677826589977
be entered,-0.06123620236917728
be eternally,0.006433049950900522
be extremely,0.16852062483320113
be fair,0.07950146388419782
be feeling,0.08529777954821868
be filed,-0.027157471837125042
be fine,0.07840887636942706
be fixed,-0.08616931842850077
be for,0.07812802214989313
be forced,0.12976518274045665
be friends,-0.13000390826027175
be fun,0.09209317222136205
be getting,0.04604716579229892
be going,-0.1519153740298643
be gone,-0.055663866089175694
be good,-0.1718745731951627
be grateful,0.007859579082187542
be great,-0.04293750192804531
be greatly,0.04341911781932886
be happy,0.06098061426277607
be hard,0.0030068919651511346
be helpful,0.138951010450744
be here,-0.05560441918729524
be home,0.06996083978080446
be homeless,0.2010531952218335
be honest,0.3489523492002524
be huge,0.05423117646116831
be hurt,0.08827836956767571
be in,-0.12198547812219775
be insecure,-0.0011168028583469474
be interested,-0.17602947240848024
be involved,-0.08056430127872964
be it,-0.10808684704597325
be kind,0.12101620416973598
be kinda,-0.03108435564641337
be laid,0.01711526484393384
be leaving,-0.011093170390982914
be less,-0.05515663975630622
be like,0.02241704030028622
be little,-0.024906243745260823
be living,0.006907265435076699
be looking,-0.009887087981810486
be lot,0.1397916271585339
be loved,0.01341661838644478
be lying,0.001616350895136278
be made,0.0028840247716461266
be miserable,-0.03342533874801553
be more,-0.2640227242066782
be moving,-0.05719166041756542
be much,-0.04930841477928536
be my,0.016034413963364164
be naked,-0.12370254331307912
be necessary,0.12913290708863287
be negative,0.0767545198349136
be nice,-0.054525230443065315
be no,-0.10119078778904181
be normal,0.02313760291649266
be off,-0.10213979732870147
be ok,0.025190048426495568
be okay,0.015701103171855194
be on,0.11058128929958061
be one,0.0073709216381313515
be open,-0.13101740600470232
be out,0.027966299978611348
be over,0.03412603286903525
be paid,0.06731670436256627
be particularly,0.009367026014155639
be patient,-0.012872577902454458
be paying,-0.08148305612091779
be people,-0.07013052829931626
be perfect,-0.10123189888697974
be place,0.05877103545637678
be possible,-0.09083373201934722
be present,-0.031471673250295845
be pretty,-0.012943223378612891
be protected,0.0030443654082379858
be provided,-0.05381340946462878
be providing,-0.05162993566139864
be published,-0.0395484419386061
be put,-0.008394384169815392
be quiet,0.1531563028257907
be reachable,0.055291654660498506
be ready,-0.12202949771137586
be really,0.03604248712248911
be related,-0.09985054959005187
be relevant,-0.05804501721165317
be right,0.08601679194966635
be safe,-0.032409173056562546
be seeing,0.0008848863644596832
be seen,0.07703738136442004
be sent,-0.08763440731820253
be sharing,-0.004221402508552002
be short,0.03504507018889034
be sick,0.07335756679058116
be single,-0.11544406064023817
be sitting,-0.0871832554497705
be so,0.16195820059395044
be social,0.00077280909374553
be sold,0.010364389716172859
be some,-0.13281966116813532
be something,-0.13021284539999653
be soon,0.002737127981878567
be spending,-0.0478795659932992
be starting,-0.11345713268318786
be stuck,0.11560390284802305
be successful,0.02919251022492266
be such,-0.0715386340942875
be sure,-0.08637570221702374
be surprised,0.03299180909903058
be taken,0.13257699547217802
be that,-0.059674736234992365
be the,-0.10999759281896054
be there,0.03443053410100051
be this,0.08221951576023177
be to,-0.10076461402700089
be together,-0.151917862439251
be told,0.04433010166618202
be too,-0.001644300260668309
be treated,-0.005328711971578769
be triggering,-0.07699023573895722
be true,0.037873296489125095
be truly,0.03076420511979061
be turned,0.09167903338322939
be up,-0.06235178269712062
be used,-0.12797228188456658
be useful,-0.0713991585170862
be valuable,-0.020430901918932813
be very,0.07555290869128986
be what,-0.12921253338242653
be when,0.027119134266743145
be willing,-0.20107224765579684
be with,0.0662713526148282
be without,0.057429776328886135
be working,0.07932195312377151
be worse,0.13803904203925435
be worth,0.15683427851822515
be wrong,-0.07641266558744061
beach,-0.06701763498719829
beans,-0.15817275158051317
bear,0.07298461884088915
bear with,0.06690932728068937
beat,0.009042766535165541
beat him,-0.01449825968419031
beat it,-0.014209836933247275
beat me,0.04405378225485886
beat my,0.011555474182616644
beat up,0.10661304649293703
beaten,0.050263219009839835
beating,0.2180532677785178
beating me,-0.005160877769511969
beats,-0.07383727352830441
beautiful,-0.14729496799070055
beautiful am,0.044783699728152236
beautiful you,-0.06376216552814484
beauty,-0.09926091346196102
became,-0.20091439415780538
became best,-0.07761596995814891
became depressed,-0.019209598537428093
became even,-0.10324255137215431
became increasingly,-0.0432834760336987
became more,0.0030130065145736237
became the,-0.09091342719254783
became very,0.1396419288471808
because,1.8972623549945689
because afraid,0.07259247577748366
because after,-0.01728409133858376
because all,0.05679306606798379
because always,0.002608816415727587
because am,0.07663354279237851
because any,-0.04301879863653247
because apparently,0.0668091374283249
because at,0.11138406070112024
because can,0.09530860139433064
because cannot,0.12513771983038374
because cant,0.09595544224271768
because constantly,0.07940224399825524
because couldn,-0.05551242733180561
because cried,0.06533728144379332
because did,-0.018832392601399912
because didn,0.15611507973296881
because don,0.10595249241714504
because even,0.056218056510814976
because feel,0.13097486699031652
because felt,0.13462780355030718
because finally,-0.0006824783022387668
because get,-0.08792288420978223
because got,0.07347570848937784
because had,0.02538350479936535
because hate,0.04854415057127554
because have,0.24373675090544364
because he,-0.05573882316129013
because her,-0.05079490006246927
because his,-0.13975955518442795
because honestly,0.03873438996656584
because if,0.043777660981160295
because im,0.13809358397758537
because in,0.05806726813832816
because it,0.2170775822278831
because its,-0.02161515578675743
because just,0.24547347240089573
because knew,0.029071458094908936
because know,0.21930855450174466
because like,-0.00943177273083222
because looking,-0.03465311628171258
because love,0.022244132724948962
because made,0.09370750901658181
because most,-0.00585565672847301
because my,-0.01884026738231761
because need,-0.05557383213370497
because no,0.07318099420984707
because nobody,-0.008958536652488613
because not,0.1077575800817613
because of,0.8289517174323324
because on,0.05816993626579185
because one,0.15488609816320253
because our,-0.03730725576078865
because people,-0.006686744898441095
because scared,0.06262477561345309
because see,0.0005814833844004011
because she,-0.005819349793296931
because so,0.09626348370090962
because something,0.014038952521678404
because sometimes,0.0001255989244486751
because started,0.07661371876570836
because still,0.13951789441856052
because stood,0.057101051199692124
because that,0.09891097851898864
because the,0.0511282295613111
because their,-0.06759650260985711
because then,0.12426390051819909
because there,0.030147919798903917
because they,-0.057554559540322375
because think,-0.006130763923468878
because this,0.2207310830593543
because thought,0.07388355328892011
because ve,0.10800178381242431
because want,0.05016253402615348
because wanted,-0.12495684648638179
because was,0.09220869266051453
because wasn,0.1284926290506077
because we,0.07195540087352802
because when,0.07664049636472921
because why,-0.023784374644152735
because won,0.06137009186508513
because work,0.156096675135033
because you,0.037913823748348584
become,0.24395566826271478
become and,-0.0014884386211599452
become angry,-0.04361458378108298
become extremely,-0.02556033656023545
become less,0.0029546072642962695
become one,-0.012746919420070106
become so,0.06746180727162486
become very,0.13048119688111764
becomes,-0.08449543168009392
becoming,0.20528446084568197
becoming more,-0.06797485097236297
bed,-0.04528532700930461
bed all,0.07756087160706246
bed and,0.07070362264088895
bed at,-0.0025644594957320737
bed can,0.07057124345042683
bed everyday,0.08533039200452043
bed or,0.07348338907576764
bed tl,-0.06655026477653447
bed to,-0.002341747100914966
bed with,-0.08724590424563651
bedroom,0.2818006322389439
bedroom and,0.1254288054012735
bedroom apartment,0.08789088264253575
bedroom bath,-0.10670330294795995
bedroom door,0.09237949583205864
bedrooms,-0.1155662163575986
beds,0.04961941456142617
been,0.1453000268027825
been able,-0.20022833636471546
been about,-0.11902936792333789
been abused,0.12055780358305127
been almost,0.07304257800238864
been an,-0.053140970649169894
been and,0.03957124721174977
been anything,0.0629155203395296
been applying,0.06213415791263166
been are,-0.03172256879923077
been around,-0.0883900247797307
been asked,-0.06298190686122392
been asking,0.02149459434731551
been at,0.024762770724430856
been avoiding,-0.034229245366321465
been bit,-0.09824641205841894
been broken,0.11827919029763702
been catching,-0.06589914647739595
been cheating,0.09404214574455022
been close,-0.06918832858368461
been crying,0.09994863748985473
been dating,-0.12876081274880363
been dealing,-0.015581942285705298
been diagnosed,-0.07172730728790971
been difficult,-0.0031593011995508084
been doing,-0.209627596839997
been done,-0.018479763344590013
been drinking,0.10636674397593363
been experiencing,0.11254388855795182
been feeling,0.006308618139575556
been for,-0.0183367250130413
been forced,-0.029390803211846964
been friends,-0.16376135846971027
been getting,0.25136885485495625
been given,0.021248400355040505
been going,0.10568980555801233
been good,0.03510412159951707
been hanging,-0.08786515049278672
been happening,0.10752283803580166
been hard,0.016990234736990528
been having,0.27188639540206433
been helping,-0.020372265255978995
been here,-0.08789091542112953
been homeless,0.04821160266410369
been horrific,0.01759852879169766
been how,-0.015827717154024288
been ignoring,-0.030977999892152445
been in,0.09956650662347727
been kicked,0.00736439709544362
been kinda,0.052931855238229825
been known,-0.10192022830201342
been less,0.0002600897167860963
been like,0.02752585307234924
been little,-0.02877803228869238
been living,0.1342161027452548
been long,0.15101692428865743
been looking,0.00958616446286196
been lot,-0.08622756453649764
been lying,0.09253987695325976
been made,-0.004470241895803059
been making,0.093685021007522
been married,0.058540410545261476
been more,0.06260629498894092
been mostly,-0.021049934622159473
been much,-0.08296791358160324
been my,0.15541733343173064
been okay,0.04910460172719066
been on,-0.21772508415877723
been one,0.03499376047401745
been out,0.01675342192183409
been over,-0.057598258835189105
been paying,0.008953829781175485
been pretty,-0.11054931225575114
been putting,-0.0067394569763883265
been reading,-0.09608188450453413
been really,0.13492433624920477
been seeing,-0.02595280313329213
been shot,0.08560911344982505
been single,0.01599509773097292
been sleeping,-0.15105145559095792
been so,0.05366350097348864
been sober,-0.003638668553142475
been spending,-0.009522983437868424
been struggling,0.15239823810319914
been successful,0.09249740870849402
been suffering,-0.03941486865112929
been taking,-0.039974223280554055
been talking,-0.012990515663247878
been terrible,0.16274402472129443
been terrified,0.08976835562946445
been that,0.04184740846137152
been the,0.09701015609268306
been there,0.07802832343689398
been thinking,0.07140733380131338
been this,0.04585783024892771
been through,0.04910010876033559
been times,-0.0635669427886797
been to,0.0805433892113148
been together,-0.11312750668146195
been told,-0.13903849569450522
been triggered,0.06163237922161762
been trying,0.11675193838903446
been unable,-0.010126533481345833
been under,-0.11201675476292543
been up,-0.040050603533427764
been using,-0.08730065191185592
been very,-0.00610762341936236
been wanting,-0.07608986145290517
been watching,-0.09611938319223226
been while,-0.10664073199818586
been with,-0.1494185918597685
been working,-0.193321131084167
been years,-0.051128226425797244
beers,0.10880331761308426
before,0.14915330371881533
before about,-0.024225277326622857
before all,0.10481262369375696
before am,0.08075053674272682
before and,-0.0770960449703447
before as,0.0995355594627593
before bed,-0.022305668656851806
before but,-0.009503914167627095
before couch,-0.06655026477653447
before could,0.11538641973943628
before even,-0.08923492961103546
before felt,0.060374463638454334
before get,0.0017958193943465768
before getting,0.1499319682641633
before go,0.0189236736612841
before going,0.0823072918934379
before had,-0.10373001726678571
before hand,0.06495252147452209
before have,0.02064192244343436
before he,0.022627583672850605
before hopefully,-0.06655026477653447
before in,-0.024958966675624687
before is,-0.03540470530542933
before it,0.144090270385914
before knew,-0.06358222005392641
before left,-0.0037320301785902688
before me,0.08866462504373465
before my,0.21437415340411184
before or,-0.06326351349386101
before she,-0.11466234351258606
before so,-0.004869555167291978
before that,-0.20840998629455015
before the,-0.28370167019482784
before then,0.08294384920418779
before they,0.05282227553161666
before this,0.14993238879096996
before we,0.11644200564566647
before you,-0.0941409495544347
beg,0.02393848404963293
beg for,-0.01062351574387832
began,-0.46438492886589017
began dating,-0.0636314375782688
began experiencing,-0.007085431159565729
began to,-0.012722417305481673
begged,0.12518493487701993
begged him,0.08774484462767916
begged me,0.05975326891312118
begging,0.2351647865810495
begging for,-0.031469582928726654
begging him,0.07504435295087557
begging me,0.03187945427885255
begging you,0.17147618752007326
begin,0.01463430437240344
begin completing,-0.04457371702293766
begin to,-0.037894104031086666
begin with,0.10734874310085232
beginning,-0.20829476772750002
beginning but,0.0543860862594676
beginning of,0.058409286775551815
beginning to,0.14611742372614436
begun,0.09623859284780911
begun to,0.017806490953288578
behalf,-0.08699683260342601
behaving,-0.07853660474969615
behavior,-0.19759977570769494
behavior and,0.10594403900927993
behaviors,0.047944447988988725
behaviors and,0.09326154119777788
behaviors are,0.10484785948348753
behaviour,-0.17694837693563642
behind,0.012668600553389822
behind in,0.025848774368093318
behind me,0.05858227486785879
behind my,-0.2541316818179816
behind on,0.1879309245814486
behind the,-0.006091499185958026
behind with,-0.014640786413840838
being,0.3748484289324294
being able,-0.11105648326134294
being above,-0.10752913809389816
being absolutely,-0.008438782267197277
being abused,-0.017314392305865303
being abusive,0.12343887029198022
being alone,-0.05826287070443198
being an,0.02257172918112508
being and,0.05181396520430104
being anxious,0.042525492735487384
being around,-0.023090909161853888
being aware,0.10267666680047541
being brave,-0.03172256879923077
being called,-0.06945956308798434
being cheated,0.06533728144379332
being comfortable,0.06412946943694048
being completely,0.060307690467327896
being confident,-0.01837959803067995
being considered,0.04712597418952629
being depressed,0.08471268002082506
being dramatic,0.06784478050893143
being drunk,-0.06363238151065277
being evicted,0.07863815298349867
being extremely,-0.007577049341985643
being forced,0.021354965016516035
being friends,-0.10359442208053257
being gay,0.04826879518038235
being happy,0.12788664386952003
being here,-0.14412253087382101
being home,-0.11016043036815311
being homeless,-0.22206615200424112
being ignored,0.09950556578480332
being in,0.11911844175522251
being interviewed,-0.06210805232320371
being kicked,-0.009151025435118058
being long,0.09082159891685224
being loud,-0.07349779971829914
being married,0.013090761994923742
being molested,0.1078306042003504
being my,0.11712551941684039
being nice,-0.09790264690310024
being normal,-0.12790130244433143
being on,0.032065606249022605
being part,0.0007222160643505996
being pushed,-0.03530216201283096
being put,0.008794047073727376
being raped,0.1330713956568449
being removed,-0.045903828489444624
being sad,0.05953473495208385
being said,0.031916283022126034
being scared,-0.038804353367014516
being shaken,0.052488935158121565
being silly,0.01557600178407208
being single,-0.011188875619467683
being slow,0.07507661311280771
being so,0.08005233086665499
being strung,0.06395852446360321
being stuck,0.057019634456809895
being stupid,-0.023990167776414557
being that,0.04598396595121362
being the,-0.07343575587714207
being there,0.029926176455208432
being this,0.06783303034797135
being together,-0.08097054127671978
being told,0.05760111748517705
being too,-0.1525993046915353
being unemployed,-0.0011115316899743598
being ungrateful,0.04859770171308026
being unreasonable,-0.10640979663912581
being used,-0.0009603302448961621
being very,-0.024473552969362978
being victim,0.053398737858113936
being with,0.07983616269385098
belief,-0.09916524535942656
belief so,-0.052473188428080235
beliefs,-0.020731019151205045
believe,0.23731283934989159
believe he,0.08405827242937781
believe her,0.07801351763076131
believe him,0.11246226509697867
believe in,-0.019406142596685966
believe it,-0.04532155604924498
believe me,0.07568792760384885
believe she,-0.03133524439944905
believe that,0.08995208671016278
believe they,0.10053464311632512
believe this,-0.03960427152612921
believe we,-0.043742767955615464
believed,0.04053328067784605
believed me,-0.020137832431280485
believes,0.10975315817706706
believes it,0.08263107460629691
believing,0.24705762290779376
believing that,0.18877874940737926
belly,0.05338554186612509
belly and,-0.008172326563244462
belong,-0.06964521326128882
belongings,-0.026236079397710842
belongings and,0.07251647837381205
beloved,0.00361472858175106
below,-0.4364520013391125
below for,-0.020430901918932813
below or,-0.06219633458267572
below will,-0.04457371702293766
belt,-0.050857074768097386
belt and,-0.11524789726739902
bender,0.06754035831840319
beneath,-0.009972399881002144
beneficial,-0.10305102455046873
benefit,-0.1561610196658367
benefit from,-0.09706882472158412
benefit of,0.01292689369788149
benefit received,-0.04509382103789202
benefits,-0.29408416385686603
benefits and,-0.06393461107607429
benefits of,-0.06986561152883061
benzo,0.02597621851021745
benzos,0.05700547193786168
berate,0.09563871025760268
berating,-0.03971019669009722
berating me,-0.03971019669009722
beside,-0.2362931384430348
besides,-0.22200043584390425
besides my,-0.14116758174763475
besides that,-0.0211920341779909
besides the,-0.09251749458432057
best,-0.4588551275270455
best as,0.05145539146672734
best at,-0.0011136429247609297
best but,-0.03330250332612882
best can,0.21661381010602998
best for,0.015571924660198237
best friend,-0.04326838403850957
best friends,-0.09694713368031081
best guess,0.08539020029455403
best in,0.03505615537443638
best interest,-0.07006730201154424
best of,0.24615623366722153
best option,-0.011846022737026674
best part,0.049418639403598315
best thing,-0.050091353019424106
best to,-0.08732150424484875
best way,-0.017203296962987728
bet,-0.12559762264214053
betrayal,0.04738334217273409
betrayed,0.11073827266395317
better,-0.5185724333242099
better and,0.11302479672807135
better because,0.012526343080206252
better for,-0.07912576285784087
better if,0.01615296193006428
better in,-0.09833633437276892
better items,-0.08610894943820765
better job,0.10404327617984965
better know,0.09117198479750818
better off,-0.12138250886620004
better or,0.07936262191315757
better place,-0.038736047493357954
better than,-0.07625293412205826
better this,0.06419581844823848
better to,-0.09017374642268124
better you,-0.06991029159041495
between,-0.1150703199498715
between 30,-0.0446060281275612
between me,0.01029196602539063
between my,-0.0813216397893034
between our,0.0013378164304953324
between the,0.0045538067976034
between them,0.09218019005426557
between us,0.09838803962613454
between wichita,0.0657359134608534
beyond,-0.23390639017454776
beyond belief,-0.052473188428080235
beyond what,-0.010364772691050602
bf,0.15513957498137337
bf and,-0.012455863092118593
bf gf,-0.052017266216922264
bf has,0.077237195997542
bf he,0.044783699728152236
bf is,-0.007814475940522304
bf of,-0.024541892921157316
bf to,0.019820163313181084
bf we,0.09630639420187875
bff,0.011421035639931146
bi,0.0053986626118980455
bi weekly,0.0053986626118980455
bible,-0.07197535585700941
bible belt,-0.014736520624658593
big,-0.2462826867824978
big city,-0.06996528286620927
big deal,0.1281792057822695
big decision,-0.0754088028844593
big heart,-0.020245645302449194
big of,-0.10266268539233547
big problem,-0.03820186480002696
big time,0.10281291407779221
bigger,0.03358511219230375
bigger than,-0.018451977118938326
biggest,-0.0407475277935891
bike,-0.0804950402824207
bike ride,0.0296057415665365
bill,-0.13471857783160018
bill and,-0.1084478224231801
bill but,-0.09376703256965002
bill is,0.19797843332018444
bill this,0.016996543198463738
bills,0.03887273791249318
bills and,0.10622572346288636
bills are,0.1691725830059116
bills but,-0.031774979141477026
bills etc,-0.09943166324892051
bills on,-0.07802273025032956
bills so,-0.06068538438946044
bills while,0.05427089007525689
bin,-0.10294207418231632
binge,-0.04869733178529036
biological,-0.026869203086321597
biological dad,0.07055767684545185
biological family,-0.020430901918932813
biological father,-0.00596445749500352
bipolar,0.0030629371261052035
bipolar as,0.10382574514665309
bipolar disorder,-0.1076633860662117
birth,-0.17658314692364122
birth certificate,-0.03780842078724729
birth control,0.11231943334139821
birth of,-0.0795414120850965
birth to,-0.061035398389876705
birthday,-0.12359014294517325
birthday and,-0.17588853794964238
birthday because,0.07821143450067795
birthday party,0.02725230127196358
birthdays,0.048737046309051034
bisexual,0.012636942319069385
bit,-0.7297334096478489
bit and,-0.2760678679755939
bit before,-0.09686675276748453
bit better,0.018588272959956194
bit but,-0.1413398253995541
bit for,0.009812665304322472
bit helps,-0.055720314079789064
bit more,-0.09819603137695282
bit much,-0.054907094167853
bit of,-0.0703841730222231
bit out,-0.08530953978580148
bit the,0.011426285498346636
bit worried,-0.01012854996593329
bitch,-0.21889041503148327
bitch that,-0.11325865853199307
bitcoin,-0.10032716154558627
bite,0.03650088681671466
bites,0.04228457257233812
biting,0.0708821576152749
bits,-0.012214429500456595
bits of,0.10549693278980844
bizarre,-0.06764105337472892
black,-0.16126772566285907
black and,-0.034320099828643855
black out,-0.040240023991517423
blacked,0.09185818265476182
blackout,0.13457140439861964
blackout drunk,0.08267569681249227
bladder,0.14902591269214988
blade,-0.01478186483761288
blah,-0.030424826165357566
blah blah,-0.017969392451337683
blame,0.27710126394232687
blame and,0.057315167625580386
blame for,0.11246127900299967
blame her,-0.016490794961131216
blame them,0.08770922115288256
blamed,0.03569231451930144
blamed for,-0.0021355768874245463
blames,0.1349147621737287
blaming,0.2741779081348925
blaming how,0.05797614167867094
blaming me,0.10393203613297121
bland,0.049278856970204954
blank,0.19748280664916276
blanket,-0.052807435111550054
bleach,0.1252807484744559
bled,0.10812026491851351
bleeding,-0.005777804860995348
bless,-0.09289971049551864
blessed,0.042510934929550825
blessing,-0.10998405232466517
blew,-0.026075542291821855
blind,-0.11114198901561503
bliss,-0.17542954013273077
block,-0.006831343226894976
block him,-0.02127796798510564
block of,-0.1084753296183367
blocked,0.015186657478878847
blocked him,-0.14116919857709545
blockers,-0.008218918461648983
blocking,0.11571388650143721
blocking him,0.09618485812999868
blog,-0.16293327737476004
blog and,-0.039640081437487575
blood,0.17669231120097054
blood all,-0.006380041013210557
blood and,0.04434895704033352
blood pressure,-0.020866113890656672
blood sugar,-0.015867613529562882
blood work,0.11413411535905149
bloody,0.07483930334370476
blow,0.011134929196287323
blowing,0.11409934976186582
blown,-0.01629265220915106
blown panic,-0.02628523230788146
blows,0.2609650401607561
blue,-0.11353489392947445
blunt,0.04027217134474751
blur,-0.12347053754853263
board,-0.1386680922867311
board with,-0.03402032078213151
boat,-0.21829288707188446
boat and,-0.0955158273728669
bob,-0.12679016050473732
body,-0.05825053510838376
body aches,0.07256699143531617
body and,0.016346785715586013
body as,0.05197177496766371
body felt,0.07853155984649915
body for,0.058404851091143226
body is,0.07076212275231496
body to,-0.15007524465385286
body was,0.06382384500921995
bojack,-0.030586427592916007
bojack horseman,-0.030586427592916007
bomb,-0.014530360969420269
bond,0.16880319746481712
bone,0.065989998768623
bones,0.02925486259546444
bonus,-0.1729900816874249
book,0.036191285167686736
book about,-0.00018709027490465644
book is,0.06126222538590771
book where,-0.04949784213867973
booked,-0.01083905287001137
booking,0.02809359284060238
booking plane,0.02809359284060238
books,-0.11926837743656135
books and,-0.012138487101911241
books to,0.07287447803502897
boosting,-0.08634690239136429
boosting my,-0.06655026477653447
boot,0.024968815563125336
booze,0.006417633268429063
borderline,-0.06278937617659663
borderline personality,-0.045981322662407814
bored,-0.20227596719961435
boring,0.15561014245393884
boring and,0.0939291422129863
born,-0.43712378373750077
born in,0.009061383741072952
born with,-0.04023426806774543
borrow,0.15874295008219313
borrowed,0.12562908885540158
boss,0.23540975976370804
boss and,0.1682682648771328
boss who,-0.015768681271514862
bosses,0.09418915826859324
bosses that,0.07377679534626373
both,-0.06994445316831088
both feel,0.00501677781813357
both from,-0.06963144600157412
both had,-0.027799799447314914
both her,0.08193081291114707
both him,0.005053516652408058
both in,0.010172310224808422
both like,-0.012933120918219227
both me,-0.09159393910474971
both mentioned,-0.056921642065067626
both my,0.014175106877136207
both of,0.13602853801666887
both our,0.006146474281336567
both sides,0.09996466926546572
both talked,-0.06628745107221568
both the,-0.1478862959802543
both within,-0.08657758004478755
both work,-0.013463413291195403
bother,-0.14879538594757497
bother going,-0.040455427823695385
bother me,0.058948505239319444
bothered,-0.05753201353545781
bothering,-0.2132715676990601
bothering me,-0.20530367997487947
bothers,0.286318935933842
bothers me,0.1558106499323628
bottle,-0.06876549805557354
bottle of,0.045718672905996585
bottled,0.14517381368373364
bottled up,0.08530798057259963
bottom,-0.2113407420609382
bottom for,0.0018973296591934137
bottom line,-0.0347999461104502
bottom of,-0.08997936428637218
bought,-0.17318580871192554
bought her,-0.059176089077617906
bought house,-0.12439458507383895
bought me,-0.0724611575404991
bouncing,-0.01694375330941322
bound,-0.07590332847200838
bound to,-0.17262045263546352
boundaries,0.0045863595843616805
boundaries and,0.0564744011882643
bout,0.1104843111936406
bouts,-0.051965454212231046
bouts of,-0.08116650105063412
bowl,0.029739730034594375
box,-0.02539339017862134
box and,0.10801758208410298
boxes,-0.12950754329615036
boxes of,-0.08301587297027523
boy,-0.1519073271738905
boy that,-0.11302951640396816
boy was,-0.09138040350652174
boy who,0.1032018841165149
boyfriend,0.5638576112107656
boyfriend and,0.19936966518450636
boyfriend at,-0.03784057243606667
boyfriend because,0.09406182791691431
boyfriend but,0.08778367254014921
boyfriend constantly,-0.008117859743878336
boyfriend dont,-0.06615295125872331
boyfriend had,0.10714004670853881
boyfriend has,0.015174079468871221
boyfriend he,0.1552172096447133
boyfriend however,-0.04989070848110661
boyfriend is,0.3522489486021412
boyfriend made,0.07532836312001373
boyfriend my,0.07225860070598782
boyfriend of,-0.12139206779099614
boyfriend says,-0.12315914578726085
boyfriend that,0.0636720398856202
boyfriend the,0.08689169337054717
boyfriend told,0.05981428652553945
boyfriend who,-0.034448220059041954
boyfriends,-0.09789254400352222
boyfriends and,-0.08548458980530961
boys,0.10689494532572313
boys and,-0.010989906333632336
boys like,0.0014259876252709748
bp,0.12055641017313183
bpd,-0.1534537426486602
bpd or,-0.08383114947491732
brain,0.45619210736079496
brain and,-0.0434354697576176
brain damage,-0.06896451197962751
brain injury,0.040556495345142975
brain is,0.06923083443113467
brain just,0.07465214956871702
brain tumor,0.09377555674857944
brain will,-0.05783403705465967
brain works,0.06782240356286422
brains,-0.09130206096499825
brakes,0.1574050264322457
brand,0.04581551956182523
brand new,0.04581551956182523
brave,-0.1188718265609593
brave enough,-0.07264961550911173
bread,-0.014919334010423259
breadwinner,-0.0890079038669218
break,0.1319738944141881
break and,0.03142696504213115
break down,0.03701615148800424
break for,0.013825451576657004
break from,-0.06623102498631556
break in,0.009526525027067028
break into,0.07804857927708413
break it,-0.06748203245066683
break the,0.20411284903191
break up,0.012713692067687457
break ve,0.03982220160110436
breakdown,0.38488080817044606
breakdown re,0.06533728144379332
breakdowns,0.1023209363839023
breakfast,-0.1316205224828227
breakfast and,-0.10636447870152946
breaking,0.3006620539401921
breaking down,0.07212552779141641
breaking free,0.0712650392564433
breaking me,0.08415960263726317
breaking my,0.09042205412475157
breaking point,-0.019288492533107444
breaking up,0.015258036628492191
breaks,0.007237957119319745
breaks my,0.12723073667810583
breakup,-0.13972925942526868
breakup she,0.03104814148697972
breast,0.04826727195207496
breath,-0.02865983033826749
breath and,0.039533681117311543
breathe,0.24246542736918283
breathe he,0.05646247625699227
breathing,-0.08276381430125865
breathing and,-0.009826527160110171
breathing got,0.10713690854371813
breathing or,-0.12315914578726085
breathing through,-0.06426082783774831
breaths,0.10566232507336132
brian,-0.12508762151981995
brick,0.002822800067724489
brick of,0.012875972320717445
bridge,-0.0689164102799655
brief,-0.05740039727648578
briefly,0.1626406470978878
bright,0.0826868309801697
brilliant,-0.09183252126024823
bring,-0.1409433427441349
bring her,-0.1639878228123599
bring home,-0.08029085295543777
bring it,0.11693983113904423
bring my,0.13205482250456682
bring myself,0.092033687095071
bring the,-0.05108364974954946
bring this,-0.010785203030095605
bring up,0.0017552420615503373
bringing,0.06068005847418299
bringing up,0.10178202339059499
brings,0.002093119740173432
broach,0.046257119156340454
broach the,0.11173627171327885
broke,0.17100325081588338
broke and,0.04476170828460726
broke but,0.07362729130776573
broke down,0.02447504724402716
broke into,0.007504550226026696
broke my,0.03764994536520654
broke up,-0.3201828187102476
broken,0.5276502020825441
broken bones,0.02925486259546444
broken in,0.1067577747203674
broken into,0.02551936521688276
broken just,0.08505846789053717
broken to,0.07508698853126163
broken up,-0.055516914158583355
broom,0.06542265493626162
brother,0.1417724318422709
brother and,0.19470238931081021
brother because,-0.03914419588453429
brother had,0.03487900936807406
brother is,0.15649207103522594
brother it,-0.07673905622120177
brother my,-0.009656146842800785
brother on,-0.1107879784878075
brother sent,0.07039491101543874
brother the,0.04911654259335353
brother was,-0.06613834308636017
brother who,0.0935535153101453
brother works,0.06005414710562771
brothers,0.023804105109502052
brothers are,-0.06495188359687494
brought,-0.1557594425299145
brought it,0.07413742889648016
brought me,-0.024199480366052184
brought them,0.016920508140740344
brought this,-0.06131845182296394
brought up,-0.06582677618892147
browse,0.07539557144745285
bruise,0.13281107019453756
bruises,0.07579797380373235
bruising,0.11374582554443721
bruising and,0.11374582554443721
brunswick,-0.11648284197614471
brush,0.17591074722106115
brush it,0.06109844019726947
brushed,-0.06927155688181383
brutal,0.22707036240709313
bs,0.059018969792665535
btw,0.09459430414700279
bubble,0.09321388491745876
bubbly,0.13178216522108777
bucks,-0.039848070990718014
bucks to,-0.10452184532587058
buddy,-0.1561016778979053
budge,-0.11121721661976489
budget,-0.04565178268659237
budget and,0.06732169856902223
bug,-0.009136163714810061
bugging,-0.1294042538351545
build,-0.19354735272227336
build up,-0.06473353757708909
building,-0.07731236318630683
building and,0.08741145582901168
building on,-0.07557606956690203
building up,-0.15942102849233336
buildings,0.001191243819080093
built,0.00530555897687464
bulging,0.014263379563644072
bullet,-0.16402160304327992
bullet points,-0.11812189883611486
bullied,-0.17164232818064093
bullied in,-0.02533756374157159
bullshit,0.26153240877490996
bully,0.11179646242291243
bullying,0.05279396570407418
bumble,-0.021949854170501895
bump,-0.0309003979041419
bump bump,-0.05510927360535499
bump into,0.0059249935324856996
bunch,0.3225007692180562
bunch and,0.06533728144379332
bunch of,0.21350112303540456
burden,0.15277446405503953
burden to,0.06802587430130018
burdensome,0.02106247342045151
burdensome charity,0.0021420730087026636
buried,0.11822574892726699
burn,0.2848682439692421
burn in,0.11228376606646308
burn out,0.10261348155187182
burned,-0.10671451902860796
burner,0.06814575354031711
burning,-0.024504324390799182
burping,-0.019883343539860557
burst,0.012522813344411035
burst in,-0.0006652643626764701
burst into,-0.009533511163530219
bury,0.11465750574782184
bus,-0.099500030216214
bus and,-0.12291528751983241
bus pass,0.012854187457496011
bus that,-0.00875887903060095
bus when,0.00512357426486722
business,-0.22871023218566383
business is,-0.04363861290845723
business with,-0.08003822524362732
businesses,-0.0940996422272289
buspar,-0.004230274495793909
busted,0.04832663074625113
busted the,0.08190231498190081
busy,-0.026232807674528926
busy and,0.03699534769866164
busy schedule,-0.08357976757963005
busy with,0.04621882248303783
but,0.637485527150571
but afraid,-0.018934163053134934
but after,-0.15208203261719191
but again,-0.018828374419693195
but alas,-0.10281735427118875
but all,0.13833061425566762
but almost,0.005075474391367535
but also,0.017041462064071384
but always,-0.06974082211230925
but am,0.2710307729788595
but an,-0.0650250194597701
but another,-0.023921307225436676
but anxiety,-0.014132675000734157
but any,0.04457868221155425
but apparently,-0.08281292790119238
but as,-0.044115496481262464
but at,0.2576713061238572
but basically,0.00026707829421784846
but be,0.02353251296092472
but because,0.026573487858528193
but before,0.0941669110703572
but being,0.049468980574402854
but believe,0.00918365231106697
but by,-0.06078984200591265
but can,0.10798980491048428
but cannot,0.17485789355951717
but cant,-0.029351945542980637
but considering,-0.08968896793148232
but could,0.23937845544003772
but couldn,0.08466454777321702
but cringe,-0.0605061454050651
but did,0.11204887334047091
but didn,-0.11034948618496108
but do,-0.14370491988376477
but does,-0.05927113938536734
but doesn,0.011296271082851915
but don,0.00967488620133076
but even,0.0028883945210380403
but eventually,-0.09915082440762102
but every,-0.07883765748225909
but feel,0.13871099282867097
but figured,0.007357002261613252
but finally,-0.1752645445002959
but find,0.1478773597841523
but for,-0.061821665051443576
but found,0.053077996250507006
but frankly,0.059748947560678375
but from,0.05699905823089016
but get,-0.008583336029215493
but got,-0.11740552160442552
but guess,0.0601325723272986
but had,-0.10544320856199549
but has,0.10819235722039557
but hate,0.09864996923552273
but have,-0.006499033410319827
but haven,-0.006960558531893149
but having,0.15237221562255954
but he,0.5342865472473984
but her,-0.0514897776305556
but here,-0.26096659474004597
but his,-0.11176466877177796
but honestly,0.056038201890790305
but how,-0.10275499273716622
but if,-0.05042803448624646
but im,0.10541123889972864
but in,-0.005537741410713477
but instead,-0.020596264093334895
but is,-0.0476133770664238
but isn,-0.05551020252930837
but it,0.7267725701043789
but its,0.07133148794448362
but just,0.003456626728802276
but kind,-0.07963798587316614
but knew,-0.004148957726458095
but know,0.03865097261775297
but last,0.19351800100149696
but lately,0.06917410186638714
but like,0.006219327595789818
but ll,0.02740026037609122
but looking,0.06406193642456466
but loved,-0.09932574458008249
but make,0.03328662620388607
but maybe,-0.10341653938463351
but me,0.08278832565080897
but more,-0.004103332975134927
but most,0.13903604120978458
but mostly,-0.11263464092353115
but my,-0.1001995774050682
but need,0.22578030086142667
but needed,0.09174750616210682
but never,0.03812263640767826
but no,0.05499214329912476
but none,-0.0253154536759988
but not,-0.2447758562225783
but nothing,-0.11948492127549415
but noticed,-0.07689583358864632
but now,0.48241387030702754
but obviously,-0.09773438344569445
but of,0.024266256279065257
but on,0.024050860698194208
but once,-0.016160678475865917
but one,-0.018948384119793684
but only,0.12645701564404932
but other,-0.021777235849022223
but others,-0.04989070848110661
but our,-0.04936111219610628
but out,0.08094408475155401
but over,-0.023736493669126998
but please,-0.05764817486529468
but ptsd,-0.05641842563729221
but quickly,-0.08942476032533354
but rather,0.0257015979333841
but reading,0.0024328563857010173
but really,0.062137561200895176
but recently,0.0030915781883991415
but remember,-0.024314848139909546
but right,0.18685399670739103
but sadly,0.02416359911596201
but said,-0.005208049321803888
but scared,0.07813453414416718
but see,0.14082584609059662
but seriously,0.10341147711599892
but she,-0.11860536282733178
but should,-0.021841154620458963
but since,0.08107358022404788
but so,-0.08365718543548782
but some,0.022320948704599684
but somehow,-0.09558210904121699
but something,0.1181085739577397
but sometimes,-0.11272464918877444
but still,0.10745432872862255
but suspect,0.014715496819860618
but thanks,0.05982098950080787
but that,-0.3747648896824331
but thats,-0.004979524150488408
but the,0.14357613751684292
but then,0.06808235741239059
but there,-0.1221213571883269
but these,0.11895302665077612
but they,0.506382428774779
but things,-0.06354869587776898
but think,-0.26194620046504397
but this,0.08755923532094272
but those,0.007930857804922965
but thought,-0.1867478947486076
but tired,0.054210371489700364
but to,0.06621920201691538
but today,-0.07592408675789646
but told,0.01728261725480836
but took,-0.04477151679894638
but tried,0.007838767400304383
but trying,0.031248466083482772
but turned,-0.08673620795935151
but unable,0.055654447156016085
but understand,-0.18447724910523958
but unfortunately,-0.04488219612159487
but until,0.056626815463702185
but upon,0.027501661515511783
but usually,0.13741275144883353
but ve,0.3319447193067279
but very,0.04087764031952137
but want,-0.08514268085730713
but wanted,0.020351805519147753
but was,0.0322161756215382
but wasn,-0.11245269080330786
but we,-0.10807302490859332
but went,0.0799205678261443
but what,-0.041263855016882
but whatever,-0.007220348017942318
but when,0.08553968112098337
but why,-0.022660909609644918
but will,0.09798159089962463
but wish,0.062326193789463843
but with,-0.18371790060602153
but within,-0.07562136385716423
but without,-0.026019563760213776
but won,-0.013119603943096251
but wonder,-0.04820165125795201
but wondering,0.005335350199651155
but worry,-0.0012339024096511442
but would,-0.07183882330520436
but yeah,-0.05087250704932816
but you,-0.301297753328388
but your,0.019749045358084916
butt,0.15429645350309068
butt of,0.10806271531600542
butter,-0.2298734417109665
butter and,-0.16272871011200168
buy,-0.07661467171432633
buy food,0.0035986904165581134
buy groceries,-0.025880190303012834
buy her,-0.0012818633432390165
buy me,-0.06317790651144524
buy one,-0.0027680133882939445
buy something,0.027745310469865475
buying,-0.45667395750216405
buying them,-0.0803081356339918
buys,-0.027954251179405854
by,0.3218166913666297
by 30,0.1295807101831225
by all,-0.03009231711846127
by an,0.12049894548251036
by another,-0.005611814477941547
by any,-0.14888899645914244
by anyone,-0.07391085400788648
by anything,-0.022367014720611478
by asking,-0.05557165309683836
by at,0.015451489715327388
by being,0.05830124244157096
by bus,0.019151188615518882
by doing,-0.05502575743301833
by either,-0.07563590748604587
by everyone,0.05349409892115025
by everything,0.10072227498651569
by far,0.005659550677798245
by friend,-0.057917155141879645
by giving,-0.005344765744707816
by having,-0.06970779618238321
by her,0.005125844266235816
by herself,0.09795585884070597
by him,-0.003110216202505089
by his,0.07390630823445433
by immediately,-0.0789933635988443
by is,0.07286007299852307
by it,-0.09644811565105899
by just,-0.07521628462914218
by me,-0.12668767407512302
by my,0.30295418243437977
by myself,0.1761893168413135
by not,0.05971722836514853
by now,-0.0021000968235788497
by other,0.007624822682318323
by reading,-0.008143313320732563
by saying,-0.2322059421107626
by some,0.07268747681862443
by someone,0.009247338622945498
by taking,-0.057523381174914415
by telling,0.058044318605232514
by that,0.0019986890938764245
by the,0.07346448719890339
by them,-0.008800392867790923
by these,-0.005878183962684164
by this,-0.16357248101708366
by what,0.06388006785704094
by your,0.1254023804346859
bye,0.11197512055722329
ca,0.014530317509756625
ca and,0.08166193095975956
cabin,0.00156521782906926
cable,-0.026504381675597672
cafe,-0.1083738938029835
caffeine,0.07330446504015826
cage,-0.1915471597242813
cage that,-0.10214823631780384
cake,0.042794135544490824
california,0.051759472314200805
call,-0.03267730440750417
call 911,0.009581778089440971
call and,-0.03294585723299229
call at,-0.008455453488360335
call for,-0.022317743399448565
call friend,0.0879154259933199
call from,-0.14538579675320096
call her,-0.1335911749821662
call him,-0.2621313609675168
call in,0.09501655029817554
call it,-0.08407408723736642
call me,-0.12993615950361287
call my,-0.017688334547122656
call out,0.03654023311524779
call the,0.4333202148493586
call to,0.02968006613334176
called,0.1030040809864042
called and,0.047217010297156414
called her,-0.03748899858467094
called me,0.13297196214679516
called my,-0.05480377986748113
called the,0.12740141603863608
calling,0.20428331807330302
calling me,0.13889989286199542
calling the,0.04270232667435562
calls,0.15680127623342757
calls and,0.1055205491244697
calls because,-0.036291064621737486
calls me,0.07906638631824194
calm,0.42725684114962514
calm all,0.02809359284060238
calm and,0.11092035351097805
calm down,0.17389069871452936
calm your,0.01689622441974324
calmed,0.08685603558261579
calmed down,-0.03701007369898524
calming,-0.012388747290071802
calmly,-0.07496253868589298
calories,-0.03127423922638683
cam,0.0012673111279944635
came,-0.09671276114391687
came across,-0.11342316684591086
came along,-0.003873645510006013
came back,0.1451489226389222
came from,-0.040229356751438405
came here,-0.13176984122019814
came home,0.09940275440613255
came in,-0.011685974134190006
came into,-0.11674380179383445
came off,0.0024843272239147627
came out,0.1250567970313858
came over,-0.06611956335921287
came they,-0.109577769212379
came to,-0.0321727913021967
came true,-0.029120017217983536
came up,0.03360344584862168
camp,-0.15957261623633456
campaign,-0.17798223492190562
camped,0.10168486378318624
camped out,0.10168486378318624
camping,-0.14643481123083343
campus,0.02892611794510562
can,1.0739762620446214
can accept,0.07222959728474578
can access,-0.02325038566323788
can afford,0.08046180437360129
can also,-0.04476026594773358
can always,-0.05935329112790768
can and,0.02219986475399994
can anymore,0.05625000239785839
can anyone,0.11305953750486983
can apply,0.03397587926607527
can ask,0.005459699819514578
can assure,-0.0395484419386061
can barely,0.19995908164254722
can be,0.04304429702986538
can become,-0.0867866409005607
can before,-0.06655026477653447
can believe,0.031687292799875394
can break,0.058693193621023175
can breathe,0.11633427768948248
can bring,0.02734893005740483
can but,0.1657756352092505
can buy,-0.09372450277313325
can call,0.07092918474222729
can catch,-0.03151937237535869
can check,-0.07012332010341231
can choose,-0.07551430194351073
can click,-0.04457371702293766
can come,0.11924115751830104
can communicate,0.09474334589130826
can connect,-0.07305673862244184
can contact,0.05078805901473149
can continue,0.04257417838330889
can control,-0.06536328519392423
can couch,-0.06655026477653447
can create,-0.03172256879923077
can deal,0.0867721687787822
can decide,0.040828033490388965
can describe,0.08063406068553795
can do,0.623001464214908
can donate,-0.08081706166978503
can eat,-0.04325220206734713
can either,0.016124499637181957
can enjoy,0.07319427689926586
can even,0.4505858092616859
can ever,0.0937589998481396
can explain,-0.09471329436491409
can fall,0.002371226824382168
can feel,-0.19622583234654212
can fill,0.012123903295736259
can finally,-0.0039597939774977465
can find,-0.19819893993053528
can fix,-0.19624739577479294
can fly,0.0853112759740045
can function,0.07257907120812467
can get,0.17376622248981458
can give,-0.047301338773674505
can go,0.006537501683630358
can handle,0.1275190490175574
can happen,-0.11397834637078777
can hardly,-0.11586740069986602
can have,0.14848727438135453
can he,-0.0819952217350855
can hear,-0.07923331979633662
can help,-0.20374869086857061
can how,-0.0488199254061285
can if,-0.027547453310445995
can imagine,-0.017345054269356886
can it,-0.05812908407954829
can just,-0.1381737242182894
can keep,0.05494795171001953
can know,0.03244250496573743
can last,0.10124695686772385
can leave,0.004918917436786178
can let,0.0679347934445912
can literally,0.11432620562989572
can live,-0.01205993051818037
can loan,-0.10202876254732596
can love,-0.12146401025718769
can make,0.1558696811624675
can manage,-0.041026125795136315
can move,0.15563922206150854
can never,-0.10241251569861243
can not,-0.07661346355223181
can offer,0.1451123729721519
can only,-0.05870396230641046
can open,0.0027811204454873126
can or,-0.03920172336574779
can pay,0.20683657981783318
can provide,-0.0016425274847120968
can put,0.11991759896255653
can read,-0.03526714711211949
can really,0.23194040125757662
can recall,0.10478669088632822
can recover,0.02397969560204641
can relate,-0.07741076565696466
can rely,0.12792941061509702
can remember,0.2190021646148009
can say,0.06286095513577106
can see,0.1277780758445261
can seem,0.18028045184578748
can send,-0.13173368683843328
can shake,0.09191768636694315
can share,-0.03490442683390635
can she,-0.10400256784863135
can sit,0.08693421151667552
can sleep,0.12762814423407742
can someone,0.14231561258354833
can spend,-0.00390203378734985
can stand,0.22325456229814553
can start,0.02057598553072759
can stay,0.08486284031056834
can still,-0.004358216337309505
can stop,0.49926269672341705
can support,-0.04591568498310532
can survive,-0.05178901130229859
can take,0.2737012900300355
can talk,0.05627941727185667
can tell,0.19944257534793108
can thank,-0.04595450304229151
can then,0.0383500282372373
can they,0.006557492603961959
can think,-0.27280501102827553
can to,-0.06282179523800811
can trigger,-0.004064825428651628
can trust,-0.0009532254945296065
can turn,-0.006645749499905582
can understand,-0.08035711296213925
can until,-0.015783164280242207
can use,-0.023451562948212584
can wait,-0.1415947795761642
can watch,-0.0188990681478662
can we,-0.09007208554960323
can work,0.15430776335528876
can you,0.11255141649348682
canada,-0.08433706991913122
canadian,-0.08091990801687317
cancel,-0.06125269765417441
cancel my,-0.10990975885929807
canceled,-0.05755973266793925
cancelled,0.1695634004618004
cancelled again,0.13494849921299656
cancer,-0.14974690526637094
cancer and,0.013041642436215148
cancer just,-0.022645732455902966
cancer my,0.050529173249765066
cancer she,-0.1085780727946487
candy,-0.03147776944785628
canned,-0.1559324978311172
cannot,0.8579006348026188
cannot accept,-0.02511914640373153
cannot afford,0.03688826971164528
cannot be,-0.16159721384700287
cannot do,0.029660158735091334
cannot even,0.1069856145595691
cannot feel,-0.03902373923569619
cannot focus,0.043403475965780536
cannot get,-0.02878168181346174
cannot have,0.1510051116546648
cannot help,0.1027103201349083
cannot understand,0.05983963488257991
cannot work,0.10327572710033757
cant,0.4475235171389964
cant afford,0.11555218383047243
cant do,0.057569658354357595
cant even,0.09783060665795422
cant function,0.061367790534839615
cant get,-0.022238717820830037
cant go,0.056546606973037296
cant help,0.0785309073849476
cant shake,-0.11465141246416015
cant sleep,0.08653229112569709
cant take,-0.0013108676837013259
capable,-0.22298081752331253
capable of,-0.1983115976061726
car,0.5851984555331111
car accident,-0.11826317370262002
car also,-0.010238295493095326
car and,0.05597053287052443
car at,0.05283959024899437
car because,-0.027064909633321997
car broke,0.02539391242203319
car can,-0.00734392667904536
car crash,0.07462847184513341
car for,-0.003077624431416381
car he,-0.05036496277159008
car in,-0.12917428554016575
car insurance,0.11048582833296841
car is,0.14776340542140262
car it,-0.08914524847345204
car keys,0.10912967706616467
car like,-0.017577971941068946
car or,0.2784231987792653
car so,-0.020581726220611177
car to,0.0004109031269064079
car was,0.003056293665304465
car which,-0.0767922309402649
car with,0.03926706219615991
card,-0.12079684928080424
card and,0.057559703748812314
card but,0.02681976465285947
card debt,0.02045421117438304
card for,-0.07286715787243175
card he,0.10207963105133953
cards,-0.21878956736558441
cards and,-0.07060496260285455
cards to,-0.0987316167430287
care,0.08720251911981246
care about,-0.2734170823073451
care and,-0.005699812488114989
care anymore,0.08878608304580907
care for,0.08642144550415855
care if,0.11306431567873206
care of,0.0956453589354259
care or,-0.020430901918932813
care so,-0.012095295471562349
care started,0.09101324978317275
care system,-0.020430901918932813
care that,-0.024672474701040503
care when,-0.10220338700086642
cared,0.04094961508488387
career,-0.25773638709713254
career and,-0.08802471645350224
career in,-0.003380101037443406
carefree,0.06258028019944212
careful,-0.043910148551738366
carefully,-0.0761216178873255
caregiver,-0.021308613299632028
caregiver for,-0.05579215459970052
cares,-0.05293373920673006
cares about,-0.0018119577021347207
cares for,0.007289790545065387
cares he,-0.1326141278945795
caring,-0.1455073782507772
caring and,-0.08468079194216872
caring for,-0.04617122885221686
carries,0.0045036387837117465
carry,-0.2477317884549638
carry both,-0.0012339024096511442
carry on,-0.23306395948139824
carrying,0.18575969291611535
carrying on,0.1519019096322513
cars,-0.13893944587579857
cars and,-0.09653289266313068
case,-0.42254539073456365
case and,-0.07537777536240156
case anyone,-0.11934453103658704
case but,-0.03374626764829514
case for,-0.06518538362279183
case have,-0.022052825687830485
case it,0.0016298808923330957
case just,0.0021420730087026636
case justine,-0.08576109602854778
case my,-0.06652293298579447
case of,0.07298917792327383
case she,-0.014453348654446077
case they,-0.02624923197794998
case this,0.017222859145986286
case was,-0.09421570623022836
case you,-0.0768429415356
cases,-0.05639700555870086
cash,-0.31050458125185837
cash and,-0.11738461742879737
cash app,-0.007816521393398269
cash to,-0.07433483450845076
cast,-0.08437333219583892
casual,0.14740061279495856
casually,-0.005313938614381564
cat,-0.027937524411675952
cat and,-0.0872472472501194
cat had,-0.08107914364732768
cat that,-0.11593317226699845
cat was,-0.011076922403599166
catastrophic,0.10394347089204845
catch,0.011889971561321724
catch break,-0.10850024544434292
catch me,0.06665573667479407
catch my,-0.02091766906682187
catch myself,-0.04594210370787344
catch up,0.056501663203719056
catching,-0.24493354317278304
catching feelings,-0.06589914647739595
catching some,-0.06589914647739595
catching up,-0.15131570479401815
cats,-0.00661263802794277
caught,-0.04883157590475706
caught in,0.07735530606311104
caught up,-0.025355540873384454
cause,0.1410984399576007
cause for,0.0769551890987528
cause me,0.056439023057891294
cause of,0.010188308786668647
cause problems,0.053886420968375925
caused,0.20453337794035253
caused by,-0.052642860598094234
caused me,0.10692402818687484
caused some,0.00701500773217791
causes,0.15066849695310142
causes me,0.06074723915135157
causing,0.26974325763003
causing her,0.017214239138534655
causing me,0.11982494849390035
cautious,0.016731480097941263
cbd,0.0011019902997924783
cbd oil,0.0011019902997924783
cbt,-0.02968479668574762
cease,0.09214477096537006
cease to,0.09214477096537006
celebrate,-0.09805762887145365
celebrating,0.03202920758388842
celexa,-0.0800064433166716
cell,0.054415907322743456
cell phone,0.03638694043855251
cells,-0.02337219490324271
cent,-0.03879937036243298
center,0.05619795529521399
center of,0.002015575001012579
centered,-0.043541842218022195
centered on,-0.0734276545106087
centers,-0.1503984766141383
central,-0.12541876673033267
centre,0.035181367343269966
centre in,-0.03074105019184583
cents,0.06172667681396056
cents in,0.11523464120415684
cereal,0.037587833619007645
certain,-0.28859018633250333
certain items,-0.0012339024096511442
certain things,-0.10097795809950441
certain way,-0.08010158525990393
certain well,0.05362636869514095
certainly,-0.08916371582757503
certainly not,-0.06980248279083198
certainty,-0.06736798414986661
certificate,-0.1610606326046104
certified,-0.08141860034299098
chained,-0.015872224315127616
chair,0.01926307360900102
chalk,-0.07989109561774838
chalk it,-0.07989109561774838
challenge,-0.05519876331994381
challenged,-0.10093445118821442
challenges,-0.07899383013863076
challenging,0.10047387395555236
chance,0.3297746204986848
chance he,0.09400002791078725
chance it,0.03227820489136273
chance of,0.15631598021894047
chance to,0.18524331412070025
chances,-0.10419928128175317
chances of,-0.12674542542583742
chances to,0.10250414288640403
change,-0.07121870421028584
change and,-0.06832070684192247
change her,0.023897247775025006
change in,0.018810985642463585
change my,-0.08770216626932448
change myself,-0.062345956505377886
change our,-0.0006777566381710519
change over,-0.04509382103789202
change so,-0.016783222489062114
change the,-0.1922042969796596
change to,-0.11102535489056865
changed,0.03786824901737666
changed and,-0.017637873183232154
changed for,-0.10788662426949583
changed his,0.0899727817234788
changed my,-0.16116598214201747
changed over,-0.04509382103789202
changed the,0.09656090686624859
changes,-0.0630656000470944
changing,0.0900388332536929
changing it,-0.006505376722165782
channel,-0.12084315857977418
channels,-0.11612427520126303
chaos,0.11490229584446732
chaotic,0.0898389031636924
chapter,0.050516345864670374
character,-0.20108052708890067
charge,-0.009007438180447854
charged,0.049978379591361644
charger,-0.07746486352030509
charges,0.35617961096342166
charges against,0.07136543047676201
charges that,-0.0322289784936537
charging,-0.004852986872115681
charity,-0.09841691818920756
charity case,0.0021420730087026636
charity that,0.007597113753676047
charming,-0.04985732197510354
charts,-0.01581405326617434
chase,0.03803032173925575
chased,0.01497397010548537
chased me,0.08305091286537702
chasing,-0.015546640432870224
chasing me,-0.015546640432870224
chat,-0.04220696915989538
chat about,-0.03074105019184583
chatroom,-0.05581193537247974
chatroom on,-0.05581193537247974
chats,-0.021062204378934277
chatted,-0.13934130904067868
chattering,-0.04951910159081005
chatting,-0.06636742101258507
cheap,0.04693814789325002
cheap and,-0.012791058654743696
cheap hotels,-0.012280999735053177
cheaper,-0.05847089552561796
cheaper better,-0.08610894943820765
cheaper than,0.020753037640948713
cheapest,-0.13183605314001764
cheat,-0.01995484509584585
cheated,0.33814705693545416
cheated on,0.21343502420007382
cheating,0.18040864725083897
cheating on,0.11423903380933208
check,-0.15275468497382436
check it,-0.09621469774281508
check my,0.09847492045006158
check on,-0.04767424166712359
check out,-0.18580871363075066
check the,0.00040656996550154716
checked,0.030783125967835338
checked out,-0.01672161182423084
checking,0.26169452197928506
checking account,0.020205018271088834
checking my,0.11724334789287023
checks,0.014212978432395705
checkup,-0.04156797866298282
cheek,-0.0440735911181122
cheers,-0.058835982003407915
cheese,-0.007186265382706941
cheese and,-0.007186265382706941
chemistry,0.0464773235711729
chemo,0.04598510971197443
chemo treatments,0.10128140421826831
chest,0.47850873585965215
chest and,-0.01692231547389086
chest pain,0.04645444352169667
chest pains,0.09057902141945302
chest this,0.058532835489113345
chest til,0.04743423219373524
chick,-0.009833919075446682
child,0.1721177328198682
child and,0.07168482046324902
child don,0.013025331807371256
child for,-0.01928131966903048
child he,0.17573628287373225
child in,-0.05292588949044099
child or,0.06147720709729463
child pornography,-0.0148608267674677
child safety,-0.020430901918932813
child she,-0.13806694695042473
child support,0.08941406701665376
child thankfully,-0.07325504464587769
child to,-0.0605061454050651
child was,-0.010194064567045906
child we,-0.0470180977680104
child who,0.04952732398452782
childhood,-0.17053032759444492
childhood sexual,-0.08267389243030591
childhood trauma,0.015428835546514539
childhood was,-0.1315916198801451
children,0.1146587417880835
children and,0.040888155870263565
children are,-0.0035814754528382215
children as,-0.029806684951712653
children in,-0.09340214659286523
children who,0.0056924756568434475
children with,-0.069854716773345
chile,0.062439515690127775
chill,-0.022992139617612373
chilled,-0.10376683302926232
chilling,0.1933591911881776
chills,-0.021632157024019175
chinese,0.06664313390294484
chipping,-0.0821944425184921
choice,0.1513118608604606
choice but,0.11747381168367096
choice to,-0.11099226968352034
choices,0.08133843759019221
choke,0.13781260716764707
choked,-0.00012838366648526252
choked me,-0.011789404784944151
choking,0.11893872247123281
choking me,0.08261589068454367
choose,-0.19102653619867618
choose my,0.019142952057237525
choose to,-0.15064332806259306
choosing,0.01475750335124551
choosing to,0.11652523817799362
chores,-0.0860574743320787
chores and,-0.029559863977232485
chose,-0.020474889156376738
chose to,-0.007305095708854402
christ,0.0771906970706472
christian,-0.006633658250998807
christmas,0.011918073251785833
christmas due,0.06533728144379332
christmas over,0.08642119487816494
christmas then,-0.09712353638343708
chronic,0.391732012367569
chronic fatigue,0.06892936418777174
chronic pain,0.21047575536886312
chronically,0.06071371429708501
chunk,-0.14027080042278556
chunk of,-0.14027080042278556
chunks,0.05182408101359189
church,-0.21208474507858413
church and,-0.01753622086736066
cigarettes,0.001757200970895327
circle,-0.07016646567772789
circle of,-0.04682355412725349
circles,0.031994938660017305
circumstances,0.03225226636211487
citalopram,-0.013032343166151197
cities,0.10426758795543452
city,-0.1671907913897814
city and,-0.05159160199111663
city but,-0.0061920346681890856
city for,-0.0049762790902801455
city that,0.0020374187276680084
city to,0.033537598735650126
city where,0.06145917044238001
city with,0.24609314152382158
claim,-0.04011454514674188
claim at,-0.07996473371485904
claim that,-0.005217377046821914
claim was,-0.10973126114182034
claimed,-0.17095795327136581
claimed he,0.0013741413931167004
claimed that,-0.06547521958511535
claiming,0.05497098984368859
claims,-7.157711452648213e-05
claims he,0.07289333319439045
class,0.3497977058585839
class and,0.07597644190910778
class it,0.060961363965918294
class or,0.03785071379088414
classes,0.07436505864582603
classes and,0.0815443116363934
classes applying,-0.06655026477653447
classmates,0.06244707360089519
classroom,0.09510808811425647
classrooms,0.016367672481582243
clean,0.006566316143122169
clean and,-0.09787051852640717
clean the,0.02744482328277048
cleaned,-0.12041067800974367
cleaning,0.07759824856244985
cleaning supplies,0.08502702970016197
cleans,0.059702529398853336
cleans up,0.026582216556249337
clear,-0.14410808243459663
clear and,-0.005168308756579982
clear answer,0.026945529562372908
clear in,-0.013697522922180357
clear my,-0.014698676504094541
clear to,0.006160856660642821
cleared,-0.029334197202272073
cleared up,0.013715423352714012
clearer,0.1084055730321359
clearly,-0.10111988765172204
clearly what,-0.10911800070037934
click,-0.25864838697240866
click agree,-0.04457371702293766
click on,-0.0629546817332267
click the,-0.08129951522411988
clicked,-0.07960381665418091
clicked with,-0.11167936864495095
clicking,-0.04457371702293766
clicking the,-0.04457371702293766
client,-0.07808563233962593
client around,-0.04949784213867973
clients,0.06638524730357341
climb,-0.0056776146856137005
climb out,-0.0056776146856137005
clinging,0.029427541881709506
clingy,0.07883291426337102
clinic,0.13020049332932312
clinical,0.08128398051665367
clinical depression,0.06374563729677876
clinical interventions,-0.020430901918932813
clinics,0.03711540496436647
clip,0.020409446083054172
clock,0.13171773064952874
clonazepam,-0.04419684892387747
close,0.3578078120942965
close and,0.0016093402081494663
close but,0.01903193958243338
close community,-0.05581193537247974
close enough,0.012612361569239098
close family,-0.10253231739147477
close friend,0.08716687471396425
close friends,0.10672596470339825
close my,0.1009557358952835
close the,0.12226392754970217
close to,0.052542738861887484
close when,-0.10481541849386691
close with,0.1162234320381405
closed,0.07823427938406076
closed off,0.007622457326313073
closed the,-0.08104516214299412
closely,0.004058940980505826
closer,-0.15611117983093617
closer to,-0.00043625762893018246
closest,0.03212380937726073
closet,-0.022311429262306056
closing,0.10845988311527704
closure,0.0574749577477189
clothes,-0.22084122082188015
clothes and,-0.27795248599888794
clothes for,-0.015198041025796956
clothes in,-0.016607848716735565
clothes that,0.06674305646665808
clothing,-0.09150629186808375
club,-0.140428195191633
clubs,-0.04743932837843914
clue,0.04909595693800072
clue what,0.0655919025410737
clueless,-0.040502180274115465
co,0.07792836127139956
co worker,0.09709722518185235
co workers,-0.02903276507306038
coach,0.052975547424694715
coast,-0.07880110596517347
coat,-0.13553126289031303
cocaine,0.09537915129837787
coddling,0.08986334955135984
code,-0.12738218972818094
coding,-0.017394723875155952
coffee,-0.05100863979004411
cognitive,0.005205430917844086
coincidentally,-0.04258357454201138
cold,-0.01963927658105672
cold and,-0.0997834016507904
cold that,0.029855175301570964
colder,-0.10227695092464036
collapse,0.1402139129439076
collapsed,0.06904796586726046
colleague,0.007774135605981731
colleagues,-0.08866498548422258
collect,-0.02579975173074072
collect money,0.013635240200628528
collected,0.004811054281853669
collecting,-0.09202842044044221
collective,-0.03172256879923077
collective voice,-0.03172256879923077
college,-0.2319223308091587
college and,-0.10958771036318628
college at,-0.046727241089139886
college classes,-0.06070137867526906
college drop,0.0657359134608534
college had,0.07887453040091708
college he,-0.02391706793464465
college in,-0.0324369374399572
college student,0.060046496292083515
college suffered,-0.017490211417632743
college there,-0.11198503528569348
college this,-0.033354927070584815
college when,0.08003094569715523
college where,-0.06655026477653447
color,-0.15835171160944445
colorado,0.0007950798059829843
columbus,0.0657359134608534
columbus ohio,0.0657359134608534
coma,0.10025930121021577
combat,-0.06991503577242507
combat and,-0.07996473371485904
combat the,0.0051851495519939905
combination,0.20947781853462255
combination of,0.20947781853462255
combo,0.00022165485483941107
come,0.24267510490522382
come across,-0.08764257508121259
come after,0.07034442785624255
come and,0.030204972188872428
come at,0.08019026211294766
come back,0.05506666393754848
come forward,0.005418478404434262
come from,0.16346168767226643
come get,0.0893712683931754
come help,-0.010331751021149466
come here,0.11534581125575903
come home,0.1843716571137841
come in,0.013823653331561162
come on,0.039565591533868766
come out,0.0037553155154664104
come over,0.058695136709664066
come so,-0.20777242160124362
come through,-0.03706950867295857
come to,-0.09519205939470796
come up,0.10668353100427083
come visit,-0.03128212708834764
come with,-0.057120067498988944
comes,0.34640155004089285
comes along,-0.09121799159739856
comes and,0.0678050218391423
comes back,0.027338589334276284
comes from,-0.06850114533117863
comes home,0.12214907184239146
comes in,0.14466565244353297
comes off,0.07582666679312351
comes out,0.13616875629270303
comes over,-0.0749563564483771
comes to,-0.13449228892271367
comes up,0.08854331670136671
comes with,0.08316350883481899
comfort,-0.14953437685962723
comfort her,-0.021329079544226442
comfort of,-0.038658206895426
comfortable,-0.28790974400316965
comfortable around,0.09393005891013136
comfortable discussing,0.016618929810999977
comfortable having,0.0008858068753084906
comfortable in,0.03510882347275179
comfortable with,-0.2627382152306934
comfortably,-0.16936196592731845
comforted,0.10017083355292844
comforted me,0.10017083355292844
comforter,-0.08099799412144068
comforter though,-0.08099799412144068
comforting,-0.022425756896276433
coming,0.445521351533463
coming and,0.214817316769231
coming back,0.1131294494725648
coming from,0.17034098231281514
coming home,-0.035522916597629794
coming in,-0.07266631529622213
coming into,-0.03411051022373442
coming on,-0.10515456845438566
coming out,0.2006513966100888
coming to,0.060565875591488745
coming up,0.10554946962162955
comment,0.04945641771560266
comment below,-0.040787597028758185
comment down,-0.039640081437487575
comment on,-0.04594862047839195
comment that,0.07290727650325463
comments,-0.23105840439993194
comments and,-0.07178468564288625
comments like,0.003150690512191221
commit,0.19787228298434056
commit suicide,0.10124730548365014
commit to,0.03621777320256545
commited,-0.10658839805598151
commitment,0.02995659923272668
commitment issues,-0.00633894781357878
committed,-0.02299989975527218
committed to,0.11373797057082256
committing,0.0620537878004915
committing suicide,0.0620537878004915
commom,-0.12869319698009704
common,0.12328279887077981
common and,-0.07766873319729364
common how,-0.0010575149900650324
commonly,-0.009807073588133033
communicate,-0.06558273497359127
communicate with,-0.05317062408721753
communicating,-0.034200879376977446
communication,0.10773877415386328
communication with,0.06647891351031275
communicative,0.0017628316602069883
community,-0.43794872326996825
community and,-0.14620019480349017
community college,0.020038504177328165
community is,-0.0547552759495153
community oriented,-0.05581193537247974
community resources,-0.062263990268829054
community to,-0.06198811465302421
commute,0.010742454224308822
commuting,0.010220794880863025
comp,0.0711172138032348
companies,-0.14133547530672008
companion,-0.01281350441900925
company,0.056564540846651544
company and,-0.08167326196760417
company policy,0.009135031020444096
company that,-0.06950025301577654
compare,0.0743481443956915
compare my,0.04743423219373524
compared,-0.09888476360487378
compared to,-0.031612821010151435
comparison,-0.004217190170060159
comparison to,0.006231611779054464
compassionate,-0.17663664498589274
compatible,-0.08185219445100209
compensated,-0.03571177968025058
compensated up,-0.03571177968025058
compete,0.09649370615466081
compete with,0.07099496710326006
competition,-0.10112757109448178
complain,0.1790454605940786
complain about,0.11878807981723229
complained,0.017665519143789797
complains,-0.031054183165484778
complaint,-0.009522028696110298
complete,-0.14635813155918914
complete and,-0.03954604138690188
complete my,0.0019457637838319823
complete stranger,0.015255773272666261
complete survey,-0.04509382103789202
complete the,-0.05794434925133848
complete variety,-0.03571177968025058
complete workaholic,0.044783699728152236
completed,-0.16118507655929243
completely,0.24740269422800373
completely and,-0.023028681224099647
completely changed,0.08071693749686075
completely cut,0.0034887521030442397
completely devastating,-0.1047007192244649
completely different,-0.05661363357528017
completely embarrassed,0.05984120818881717
completely given,0.1256657065540947
completely miserable,0.026009887086105014
completely out,-0.017634667707559434
completely screwed,0.10412554620683663
completing,-0.048483399171639366
completing the,-0.08978287843443175
complex,-0.16744840215519577
complex ptsd,-0.0038306071063011213
complicate,0.01157219832621305
complicated,-0.03403281514032426
complicated my,-0.03639218424104477
compliment,-0.012933924123163935
compliments,-0.10759764948822716
compound,-0.022850085249576883
comprehend,0.06892176712182797
compromise,-0.2059298504328477
compulsive,-0.07849554539882567
compulsively,-0.11458734144147564
computer,0.1359399754532231
computer and,0.052886882711986674
computer to,-0.11634563023270514
concentrated,-0.03126685187566184
concentration,0.020753280985009906
concept,0.11619273832002479
concept of,0.11619273832002479
concern,-0.12302482119300451
concern for,-0.10324053246518337
concerned,0.42425458444284087
concerned about,0.07936069435570213
concerned it,0.04901612142058376
concerned that,0.2216439915089823
concerned with,-0.07703128711690727
concerns,-0.029307825181460044
concerns we,-0.04509382103789202
concert,0.012202715557684391
concluded,-0.1669314869096999
concluded that,-0.1669314869096999
conclusion,0.0009347586599652381
conclusion that,-0.07392677975240673
concrete,0.016068078088115535
concussion,0.11968145795035187
condition,0.03369684827991463
condition and,0.06054837415145597
condition or,0.09758604025923641
conditioning,-0.10831907287345846
conditions,0.1264300782461912
conditions and,0.006622281066142692
condo,0.011976082420701268
condom,-0.043324978048875896
condoms,-0.04895623483449279
confessed,-0.1069036719025701
confessed she,0.020559455858756837
confessing,-0.046918249688092016
confided,0.008271255580992367
confidence,-0.12948349539449114
confidence and,-0.07364275901215082
confident,0.0692717013901126
confident that,-0.0024775516414059454
confidential,-0.029565371154587478
confidential clicking,-0.04457371702293766
confidentiality,-0.049392979478745165
confidentiality will,-0.020430901918932813
confirm,-0.09724185609880372
confirmed,-0.27405339960719743
confirmed that,-0.15669569541621842
confirmed they,-0.004552140829193611
confirming,-0.008478495070701505
conflict,0.11319058654168994
conflicted,0.07140865379942035
conflicted about,0.11697149378891955
confront,-0.1163857443541621
confront her,-0.1116765611177975
confront him,0.09454372960721721
confrontation,-0.0666838222040239
confronted,0.13708117692924518
confronted her,0.015252054591266473
confused,-0.08200764093444023
confused about,0.1002459979107102
confused and,0.004202869096581968
confused sometimes,-0.01646098955662978
confusing,-0.0385467623016779
confusion,0.0839898279081122
congrats,-0.12376815943279587
connect,-0.17868110701956827
connect or,-0.03172256879923077
connect with,-0.09688798039857718
connected,-0.05080073907701499
connected at,0.02354935162360932
connected to,0.04099991221503648
connected with,-0.047189005306523826
connecting,0.011748116358385227
connection,0.05755381352648743
connection with,-0.0008352227344995171
connections,-0.08782302751067216
connections with,-0.0819840854591355
cons,0.03929384036500021
conscious,0.16068933718895276
conscious about,0.09462764955559239
conscious and,0.055654030090548576
consciously,0.01788298411476543
consent,-0.06884153415470042
consent form,-0.0572058025700911
consent to,-0.04457371702293766
consequence,0.1131300614201562
consequences,0.0536858516302979
conservative,-0.018892434276038955
consider,-0.2638065595917814
consider helping,-0.09158849675920064
consider myself,0.09360682686254233
considerate,0.011869067620902292
consideration,-0.1461113665446952
considered,0.08358257509416754
considered it,0.0042052991752410274
considering,-0.25977265579258046
considering how,-0.04981706452551957
consistent,-0.036677068063463894
consistently,-0.018768852765867088
consists,-0.10765406840479094
consists of,-0.10765406840479094
constant,0.4737924646649609
constant crying,0.0706979654664991
constant health,0.07875312932429947
constant struggle,0.0380434835158159
constantly,0.49691075408941393
constantly afraid,0.08057731630331008
constantly and,-0.07504196041920046
constantly being,0.054573029652103894
constantly have,0.08504244169842527
constantly in,-0.04493624976219327
constantly on,-0.015898298645536046
constantly telling,0.08059363203092122
constantly told,-0.013764904860422705
constantly worried,0.07653186180926135
construction,-0.015562926229516388
constructive,-0.137329869127242
constructive way,-0.03172256879923077
consumed,-0.17516640538814202
consumes,0.07253208606410447
consuming,-0.03584126981892891
contact,0.2582450300637377
contact and,-0.038088476421524145
contact is,0.12999455749610034
contact order,-0.02567202840666671
contact them,0.03250701735189655
contact us,-0.04889274569267998
contact with,0.20007585412530518
contacted,-0.05889820417064918
contacted me,-0.0709747033200074
contacting,0.02634359377374548
contacts,0.03237153479364912
containers,-0.09477819309583456
contemplate,0.05411245080730281
contemplate and,0.05411245080730281
contemplated,0.11008877464873322
contemplated suicide,0.11008877464873322
contemplating,0.13078650566240826
contemplating between,0.0657359134608534
content,-0.16215708685538102
content and,-0.07498190836014261
content of,-0.05794434925133848
content with,-0.004151708424787882
context,-0.04945395914514042
continue,-0.13417408431327357
continue since,-0.06589914647739595
continue to,-0.07649782434216262
continue trying,-0.10792696246241953
continued,0.12599428334258625
continued to,-0.08454517137467431
continues,0.19705597136135208
continues to,0.07174765280081627
continuing,0.13361067283983605
continuing to,0.07296886131113109
continuous,0.06905807884767662
continuously,0.07412340410391692
contract,0.008294727509015852
contractors,-0.09338066722479563
contradict,-0.11684973140261147
contrast,-0.0021913170880228953
contrast to,-0.0021913170880228953
contribute,-0.12374323793518255
contribute to,-0.0025066662668949257
contribute your,-0.03172256879923077
contributed,-0.09115021988718688
contributed to,-0.09115021988718688
contributing,-0.1686323789083492
contributing to,-0.1118136407566187
contribution,-0.06970099700415075
contributions,0.012076663297545198
control,0.035310046243384234
control and,0.06728248518558626
control it,-0.142317246228942
control my,-0.024223765872384246
control of,-0.027973119303042533
control over,0.06687863333507034
control so,0.08625802480454983
control that,-0.08616395482047556
control the,-0.020151643921775885
control them,-0.13379987477072275
control when,-0.026618834612994018
control you,-0.01856053408352524
controlled,-0.07945121774202912
controlled by,-0.00070116385116437
controlling,0.18477277178476653
controlling and,0.09617450871108417
controversial,-0.08642817281622601
convenience,-0.07864127315232465
convenient,0.09471946011692368
conversation,-0.02793823599453429
conversation about,-0.09520873052984043
conversation he,0.11068429309371777
conversation is,0.008580134906424541
conversation or,0.1058265814673713
conversation with,0.010374899687068437
conversations,-0.09892873839528694
conversations and,0.039913494751568114
conversations have,-0.01768379195675879
conversations with,-0.008975612761411046
convey,-0.07338307875312854
convince,0.13710362856100372
convince me,-0.025928250849036074
convince myself,0.16110008747131885
convinced,-0.014561557227750878
convinced myself,0.02117688759782269
convincing,0.05847997301003327
cook,-0.23281327338043267
cook dinner,-0.11730350940406524
cooked,-0.16172435688250433
cookies,-0.08292702186202737
cooking,-0.09013494563296331
cooking and,-0.11384337090949044
cool,-0.34735573620142884
cool for,-0.012962865118253094
cool girl,-0.06589914647739595
cooler,0.006568773391175295
cop,-0.14381159381110656
cope,0.09787782862894878
cope with,0.08496926346436717
coped,-0.04125159775287907
copies,-0.06622078021084411
copies of,-0.06622078021084411
coping,0.22884556959281685
coping mechanisms,0.12561974155626437
coping with,0.10815558624720621
cops,0.17431374822886897
cops because,0.07426335544500842
cops on,-0.11081245394517412
cops to,0.11072319520223657
copy,-0.06775324391915705
cord,-0.09573324556906852
core,0.05178374241951014
corner,0.16135266737504905
corps,0.07355460249031917
correct,-0.0002350009507351052
corrected,0.02784775487046627
corridor,0.07103732917522906
corrine,-0.01824637601270392
cost,0.19958461968997845
cost and,-0.009086555776370162
cost is,0.09890243774361113
cost me,0.1294749218974568
cost of,0.05425107438353881
costing,-0.02449259726157937
costs,0.02305144966447561
couch,-0.1295974267008294
couch and,0.048028018479743195
couch hop,-0.06655026477653447
couch hopping,-0.03311141218654823
couchsurfing,0.024509503117988933
cough,0.1816208280739276
cough up,0.055712374309165695
coughing,0.11840167027866426
could,-0.2325342606852749
could add,-0.08610894943820765
could and,0.05290218949108473
could ask,-0.0014930090674177834
could be,-0.14290662909965116
could buy,0.092815813976045
could call,0.08388010863803447
could choose,0.04876854161478743
could come,-0.06296841977975687
could continue,-0.008235274319397773
could control,0.060470937322202566
could do,0.017121175244131114
could drive,0.09652641712068016
could easily,-0.004480351414874439
could even,-0.01651499042097892
could ever,-0.0624065874898776
could feel,0.05510277305469543
could find,0.1180214907946332
could focus,-0.06397241251631629
could get,0.005272790684943356
could give,-0.12947661745617128
could go,-0.03160731327286568
could have,0.18006835659288475
could he,-0.03253788315149408
could hear,-0.1442566558784824
could help,-0.03250043250150977
could hold,-0.00031388286731338667
could just,0.05231898380700836
could keep,-0.10671418914188358
could know,-0.037780645053489416
could leave,-0.001445583214374645
could live,-0.026262979577005876
could make,-0.18602452865270447
could never,-0.003870394286868623
could not,0.04672381609516443
could pay,0.08541684894910945
could put,0.12296415810720464
could really,-0.05662546434076777
could remember,-0.1206315362081967
could say,0.07064871729722008
could see,0.09971372351215708
could send,0.01178366438846331
could spend,-0.059842243673446496
could start,0.04783514761772818
could stay,0.09591172907327992
could still,-0.018974327862016152
could talk,0.08695436942014631
could tell,-0.1427501678170418
could think,0.18990960150908925
could to,-0.021204795053633266
could try,-0.1665560864513471
could understand,-0.05625430001203319
could use,0.21607755493449432
could ve,0.09529358161930788
could want,0.024003840295849236
could write,-0.17611262686784224
couldn,0.17225758958214302
couldn be,-0.06317863945146825
couldn believe,0.07016961212113872
couldn breath,-0.07356096271979722
couldn come,0.06978345134350697
couldn control,-0.009519384351379842
couldn do,-0.040353975486889966
couldn even,0.07855532408121868
couldn find,-0.1023272871899362
couldn get,-0.005405943851620333
couldn give,-0.006921219700045728
couldn have,0.03226563085691128
couldn make,-0.008503973220006478
couldn possibly,0.09481013182906099
couldn provide,0.00485440317997821
couldn really,-0.017745227992052175
couldn see,-0.002386940711944827
couldn sleep,0.21968666649583887
couldn stop,0.0814991489517326
couldn tell,-0.08901805620135665
couldn think,0.07700061777659667
couldn trust,-0.004739831867210499
couldn understand,-0.10149763353691035
couldn work,0.03713167952530656
couldnt,0.05262375189392714
counsel,-0.024331791662375
counseling,0.048743762862947
counselling,-0.015662185288882725
counsellor,0.2886607847413441
counselor,0.04782218784300775
count,-0.12039696711213857
countdown,-0.08502165654411749
counter,0.045517252557913494
counties,-0.1976850341355234
counting,0.014609412813742825
counting on,0.10889274001906668
countless,0.03656558674677007
countless times,0.06938736754462277
countries,-0.02125313994146488
countries let,-0.07378535716214671
country,-0.1654776452149141
country and,-0.11118114935606292
country for,0.0001503362650705877
country from,-0.0052977631018392545
country that,-0.044294004451183214
country to,0.015849628587797853
country we,-0.0027929721511735645
county,0.07086375840480502
couple,-0.2224732695362519
couple days,0.04072725487751167
couple hours,-0.10576799179552096
couple months,0.09346470735597846
couple more,-0.006325322520753739
couple of,0.05261178962330713
couple times,-0.06935669141022713
couple weeks,0.002668647083986484
couple years,-0.15891136618782034
couples,-0.04104438148489708
courage,-0.25651949533275514
courage and,0.013982808581124216
courage for,-0.09968505383052889
courage to,-0.16306963719627046
course,0.05644264752211409
course and,0.11035091985138179
course but,-0.10045880833795633
course don,0.09675999495061127
course everything,-0.039640081437487575
course in,-0.04326930687026023
course it,0.004305672150582685
course my,-0.010564792691408824
course now,0.05105191334205512
course of,-0.004087508565319379
course said,-0.023229057112191247
course she,0.03422944590850824
course you,-0.07889266654698804
courses,0.0772634713768695
court,0.08795307607569557
court and,0.06859501818949564
court date,-0.0422932667107035
court dates,-0.011157320574163809
court ordered,-0.026386305600698993
courts,0.09147260433682472
cousin,0.033482289007890735
cousins,-0.036893281383279394
cover,0.21741803808787363
cover it,0.09009750724710121
cover my,-0.0505244397368973
cover our,0.011148480985505329
cover the,-0.058138487588180035
covered,-0.11037410781492862
covered by,-0.008213475299575073
covered in,0.019018203261347892
covering,0.13796510201819615
covers,0.030727749772235028
coworker,0.10457926546033347
coworker is,0.08039127894834192
coworkers,-0.09895851253987653
coworkers in,-0.07488086531223093
cps,0.07767139634529888
cptsd,0.17962109443354865
cptsd but,0.08128469096242526
crack,-0.13666387979795958
cramps,0.0416618349655902
crap,-0.048929322093688915
crap for,-0.06883383681369298
crap out,-0.043291993551725874
crash,0.1082220157353451
crashed,-0.0128509978058449
crashing,0.1514580415614214
crave,-0.10211648821471789
cravings,-0.115737469062277
crawl,0.08943698406487213
crawl into,0.057469936866968656
crawling,0.06375467481114643
crawling over,0.07897459884393286
crazy,0.23507443406766831
crazy and,0.10490804132230387
crazy because,0.08881318559208526
crazy but,0.010380939360043905
crazy how,-0.08185262959622608
crazy or,0.10493249554585833
crazy that,-0.04367686869502004
crazy to,-0.013131486900722482
create,-0.09155767159424695
create an,0.0011023131646216299
create collective,-0.03172256879923077
created,-0.13174667867707515
created an,0.022564318168791526
creating,-0.1971924819565487
creative,-0.04579332351601091
creative idea,-0.03172256879923077
creativity,-0.053232600598232455
credit,0.12780183812805623
credit and,0.060579558096964733
credit card,0.036617241797558056
credit is,0.05208147920719451
creep,-0.0027407467247033642
creeped,-0.13135026426289845
creeped her,-0.0605061454050651
creepy,0.11120474205820631
cried,0.1911527414539761
cried and,0.1608295239750336
cried at,-0.12711218825955942
cried for,-0.03467271628285942
cried on,0.06533728144379332
cries,0.06767287334565848
crime,-0.0985792881819547
criminal,0.0929681901208304
criminal record,-0.041685617488225434
cringe,-0.09378618045531235
cringe at,-0.0605061454050651
crippling,0.2883933475584366
crippling anxiety,0.1009712306761958
crisis,0.19487781474621912
crisis line,0.025686118064514225
criticism,-0.14292500528269497
criticisms,0.08004433357813731
crooked,-0.009915986952613672
cross,-0.16611616493156364
crossed,-0.1403686744373741
crowd,-0.06420099282069376
crowd funding,-0.000901930043969504
crowded,0.0923402747186077
cruel,0.04439543002938136
crush,-0.1257993331343661
crush on,-0.04033124089899726
crushed,-0.0020100331783945023
crushes,0.011003085947772205
crushes on,0.011003085947772205
crushing,-0.028256054174304327
cry,0.5593463815780988
cry about,0.03301844542256408
cry alone,0.044783699728152236
cry and,0.1439634000627668
cry because,-0.05231920075592796
cry for,0.14250803051725694
cry it,0.053228578942398776
crying,0.7315137301321791
crying and,0.016164231316188892
crying at,0.07439137251427531
crying because,0.006946997520017411
crying for,0.06575816221890873
crying in,0.06483735105585188
crying out,0.0843847425433836
crying spells,0.07139054935489306
cs,0.014955218049795767
cuddled,-0.08773798772794641
cuddled and,-0.08773798772794641
cuddling,-0.07120942908526755
culture,-0.0006496663160369562
cup,0.07370503917450705
cup of,0.08392970795052118
cups,-0.08613774157219893
cups and,-0.08613774157219893
curating,-0.03172256879923077
curating museum,-0.03172256879923077
curb,-0.07329546520617575
cure,-0.22611315996194742
cured,-0.18160198359685584
curious,-0.05328256481437329
curious if,0.09745513355454523
curl,0.016817535813187106
curl up,0.016817535813187106
current,-0.40995808924430516
current age,-0.0605061454050651
current boyfriend,0.1385853873539558
current girlfriend,-0.08345685550281695
current intention,-0.06589914647739595
current job,0.12960001030193258
current living,0.02112136992187695
current situation,0.01617402565136042
current study,-0.05701077497393982
currently,0.0667893844824068
currently doing,0.09560935929721393
currently engaged,-0.04509382103789202
currently for,-0.04139062456887011
currently has,0.051928084258877176
currently have,0.11420560728032574
currently in,0.010591084557574197
currently living,-0.010790521033157266
currently looking,0.01020697307363052
currently on,0.023101206440626115
currently she,0.004372753847666421
currently still,-0.11833749102487173
currently student,-0.05024536346861769
currently unemployed,0.11621322006525582
cursing,0.16137720061909372
curve,0.011381316022037707
cuss,-0.013669737677542274
custody,-0.046651415233105356
custody of,-0.08223379415203588
customer,0.1087499621445474
customer interaction,0.04418685806517628
customers,-0.13595414125978644
cut,0.1659797394424675
cut all,-0.06656291149926713
cut back,0.01035140990757625
cut her,0.040700468108543685
cut him,-0.0749053678916238
cut it,0.007271881916943798
cut myself,0.08830150825156617
cut off,0.17578134556964303
cut the,-0.022168258602360467
cut to,0.07872042544893176
cute,-0.2303171308301467
cute and,-0.03507107480804654
cute guy,-0.10287705239574625
cuts,0.2160252118178988
cutting,0.09968983937745457
cuz,-0.1065939293555256
cycle,0.11556781594534268
cycle of,-0.022505210123826405
cycle or,0.003339270040208324
dad,-0.0608206188669184
dad and,0.14069288260098847
dad because,0.06345636263897134
dad but,0.0865699112903787
dad didn,-0.07416037209355388
dad for,-0.0037831980529816696
dad had,0.15425577401803697
dad has,0.062174504329196106
dad have,-0.03493407869124634
dad is,0.19047241990678926
dad it,-0.07689205020346321
dad left,-0.022909626363987766
dad on,-0.0892271195763866
dad or,0.013529987987546684
dad to,-0.06258638937034464
dad told,-0.03585076638327435
dad was,0.15402449350553515
dad when,0.07055767684545185
dad who,-0.19491922373669462
daddy,0.12347680825358079
daddy issues,-0.006448456924192736
dads,-0.09498839069488069
daily,0.1793485086293346
daily and,0.10853389048578242
daily as,-0.02917141201457545
daily basis,0.10770556755401452
daily life,0.037366727649239095
daily on,0.00231141742919449
dallas,-0.08147166962259819
damage,0.21033005549142164
damage to,-0.07047721700913266
damaged,0.08614787389810884
damaging,0.10583805141906778
damn,0.15085379401291613
damn about,0.040927912451860025
dance,0.10499024879324889
dandy,0.0022527513272383535
danger,0.18435244408953932
dangerous,-0.14617933875511765
dangerous and,-0.07867166971606915
dangerous when,-0.04361458378108298
dare,-0.18512524020546034
dark,0.4511566613719584
darkest,-0.08506781274182747
darkness,0.022336113711025066
data,-0.1306083931012516
database,0.00877478669327613
date,-0.3962893899883377
date and,-0.0856983212015492
date for,0.004754741649965473
date in,0.05362636869514095
date night,-0.10973200764049644
date or,-0.1246815220630094
date so,-0.11584574542713155
date was,0.031881677798652135
date with,-0.12974110936744376
dated,-0.1648437814879057
dated and,-0.09108247618938045
dates,-0.22660146820239904
dating,-0.3165431465826075
dating an,-0.1171750414037384
dating and,0.011152799670346962
dating anyone,0.004487581496227449
dating for,0.04728057322944063
dating girl,-0.024938768970238646
dating guy,0.07791383291451132
dating her,-0.07485866365722138
dating my,-0.14612067423400857
dating someone,0.03464127391904869
dating this,0.04435764756563287
dating woman,-0.0724451260407847
daughter,-0.21982270135781085
daughter and,0.04276074571665556
daughter is,-0.08224414288396703
daughter was,-0.1152343292904773
daughter we,-0.01582233866567308
daughters,-0.101403205715709
dave,-0.2329237660411035
day,0.7381810150701502
day after,0.1227731994592583
day also,-0.0828817322305583
day am,0.10254786283451588
day and,0.14174659729916553
day as,-0.04066356342278324
day at,0.022621101187448697
day basis,-0.03997291175440909
day before,-0.056187164429607965
day but,0.04620186372126909
day called,-0.11350729322289672
day came,-0.08347293008473423
day do,0.01573888317329896
day edit,-0.07208037884643195
day even,0.008766702110144214
day feel,-0.10103193130584551
day for,-0.1666684902090026
day from,0.04510931469941031
day got,-0.10277668428953968
day had,0.07129609114666195
day have,0.07748275565447026
day he,0.05737042410441565
day if,-0.13715805290518457
day in,0.0017671286975060475
day isn,0.07663368910982493
day it,-0.08377952292954133
day just,-0.04385845299184032
day later,0.06065600732807143
day life,0.04843725607270219
day ll,-0.03699810262938252
day long,-0.08231605142748408
day my,0.15826027802580117
day no,-0.0017736093191898505
day now,0.06502568960731878
day of,0.12030375352097844
day off,0.05177949209430127
day on,0.0685434284632263
day or,-0.005910387566775384
day see,0.06644698723413867
day she,0.07484999591072555
day since,-0.0013346012521609062
day so,0.017528706866493222
day someone,0.10504227064247618
day tell,0.08831646966171403
day that,0.07413030055742438
day the,0.10723641603883466
day they,0.02999115878978231
day thinking,0.0852725523342281
day this,0.15079058838369522
day to,-0.058276560969658914
day today,-0.028218415451395158
day trying,0.01636454826892969
day was,0.01662887417769579
day we,-0.007171845113838086
day went,0.002182577664110598
day when,0.08028785433504704
day will,-0.03442444071357276
day with,0.08439477746205447
day you,0.08164348260339949
daylight,-0.13320550941542045
days,0.9710158394597094
days after,-0.02927282764111172
days ago,0.19086201833179375
days and,0.0721412129792206
days are,0.07498977370364004
days at,0.08403483876967541
days before,0.02789921318337804
days but,0.009336963954512492
days don,-0.03160030288457418
days following,0.0964143372165994
days for,0.02167814867392987
days he,-0.026452039979262047
days in,0.14490164554595023
days just,0.0931002023483855
days later,-0.1752085336645416
days now,0.05678912675517496
days of,0.004304600351396055
days or,-1.6440480177603678e-06
days out,0.07456780221334333
days plan,-0.03486703774868431
days she,0.01999559760841845
days the,-0.12459966430479202
days then,0.08021486544706156
days to,-0.046475099086106426
days was,0.08996470309737163
days week,0.010249217434508552
days when,0.07172741870876756
days where,-0.05439765309721711
days without,-0.03580466145911304
dbt,0.09783797648863778
dbt cbt,0.02899771767407164
de,-0.10768481234951777
deactivated,-0.11519581183340706
dead,0.11873634573359257
dead end,0.06469239214614714
deadline,0.0663312387743952
deaf,0.10305037913418237
deal,0.47501009934957733
deal and,0.1166957891315693
deal but,0.07529718309171181
deal for,0.08847332794417216
deal is,-0.019790140651761018
deal that,-0.00915173750590034
deal with,0.2916509167252768
dealer,-0.07685647486802032
dealing,0.3061394200682229
dealing with,0.3061394200682229
deals,-0.06236479671456962
deals with,-0.06236479671456962
dealt,0.111691440081303
dealt with,0.05141584459929736
dear,-0.017718954805642714
dearly,0.011682784261132362
dearly and,-0.004647374483193328
death,0.3069229914047643
death and,-0.02891336709246617
death he,0.044783699728152236
death in,0.09587498526907746
debilitating,0.05413229217016364
debt,-0.05136320090076441
debt and,0.057374609868071365
debts,0.07107575514767774
debts what,0.04974539691456737
dec,-0.05961941502329219
decade,-0.1311874384018075
decade is,0.04438176447421569
decades,-0.090401415214024
december,-0.20716433996004113
december he,-0.08699581719929252
decent,-0.18119427354926196
decide,-0.2407107539799323
decide if,0.05778916080881238
decide to,-0.32243030728531524
decide what,0.061530031522262045
decided,-0.5963396817407076
decided at,-0.052360604150883464
decided he,0.027015303648809844
decided it,-0.02479240670873526
decided not,0.007489660311815425
decided that,-0.28704733244379405
decided to,-0.22617397318295174
decides,0.06729394063534137
decision,0.09731757754457222
decision for,0.02221260805593088
decision if,0.07498022614590959
decisions,-0.2768163935969611
decisions about,-0.07509080211472999
decisions like,0.004420505148874936
decline,-0.02007317054805227
declined,0.06423823634366732
declining,0.016105100584892344
dedication,-0.06300301248529451
deep,0.05673210116200419
deep and,-0.12162471527628639
deep breaths,0.10783267242031795
deep down,0.1231888764725301
deep scratches,0.06071496103762293
deeper,-0.1947058375431672
deeper and,-0.09373017551856701
deeper in,-0.00504299963593644
deepest,0.07494235756837771
deeply,-0.04378245406790625
deeply appreciated,0.00030389684347142476
default,0.06402244275202147
defeat,-0.11590579700996041
defeated,0.00019120656500614395
defective,-0.03113218312432081
defend,0.05704186005589855
defend myself,0.11393325901461156
defended,-0.005584201192053721
defending,0.11458845481471677
defense,0.11593504470486109
defensive,0.01171232674078718
define,-0.06574840593668825
definitely,-0.16632027123616416
definitely have,-0.14395374709200465
definitely not,0.08053368499478453
definition,4.5667027551306554e-05
degree,0.09971515647478778
degree and,-0.11351659135284987
degree would,0.035826831568321504
degrees,-0.11204610161484657
delete,0.029562202285813133
deleted,-0.28773215100943383
deleting,-0.01854155820015478
deliberately,-0.028906870258598772
delicate,-0.08767172976810866
delusional,-0.011385602155407994
demand,-0.10690957472443785
demanded,-0.11338654878125012
demanding,0.20303965016415396
dementia,-0.08115161693991982
demographic,-0.04509382103789202
demographic background,-0.04509382103789202
denial,-0.12813116362377722
denied,0.06600138878234144
denied because,0.06656280200391664
denied it,-0.02145218992764604
denies,0.06476714502326703
dentist,0.04666477481877067
deny,0.03854537630654737
denying,0.2205931230765747
denying it,0.1310451440346631
deodorant,0.08716251114491483
department,-0.0575447288327497
department and,-0.01943859238842299
department of,0.04486905886902908
department research,-0.04509382103789202
dependent,0.12264981667657959
dependent on,0.08599527487556896
depending,-0.026880400403857856
depending on,-0.026880400403857856
depersonalization,0.011241929670011657
depleted,-0.01800971372032207
depleted the,-0.01800971372032207
deposit,-0.17052214367424842
deposit and,-0.11307158162567689
deposits,-0.0242382881960284
depressant,-0.07147493095371525
depressed,0.5518600608646004
depressed and,0.00514079509309261
depressed because,-0.018809914258082386
depressed crying,0.060688805963226594
depressed in,0.08330250524977759
depressed or,-0.020761622049528815
depressed that,0.08383924837890042
depressed to,0.08859922206338984
depressing,0.05811418334122333
depressing life,0.05411245080730281
depression,0.3738719691791036
depression and,0.31683262604824
depression anxiety,0.17874503794251242
depression but,0.04761216692261497
depression etc,-0.037020700155718414
depression for,-0.026947634693618654
depression has,-0.04416443544200477
depression have,-0.0029883237130966856
depression is,-0.09625111720164223
depression issues,-0.016662856211494752
depression it,-0.02136457613123534
depression or,0.020630038712787267
depression so,0.08256609025670769
depressive,0.03361208277264478
deprived,0.04793009507718991
dept,-0.07854890460192211
depth,-0.07452701801777199
derealization,0.09384497936444462
derealization and,0.058566495085134174
describe,0.23854531880915758
describe it,0.07453477776237571
describe what,0.063590674735876
describes,-0.08290732099096904
describing,0.024216614689039913
description,-0.013758628395042043
deserve,-0.17072067903165727
deserve better,0.001161305091555141
deserve help,0.015942498177627277
deserve it,0.003974368945558449
deserve that,-0.06568030203519207
deserve the,-0.04340850795982788
deserve to,-0.05535750882784223
deserves,0.04083831116793554
deserves note,-0.0395484419386061
design,-0.06466945029953709
designated,0.01277677822330478
designed,-0.08616119082193431
designed to,-0.1309913585756667
designer,-0.010986727413481112
desire,-0.15592637255763606
desire to,-0.1669505548337175
desk,-0.022731594471539537
desperate,0.22857321364464225
desperately,0.17938119067308994
desperately need,0.08020981606492307
desperation,-0.027169045927705276
despite,0.14796123374750855
despite all,0.015239156050044493
despite being,0.07341908989701815
despite having,0.05085547070015862
despite me,0.01653019492713905
despite my,0.03422361783540597
despite never,-0.020135305769047453
despite the,-0.012895213418831333
dessert,-0.06257879797669892
destination,0.05397240065629162
destiny,-0.11461354171773908
destroy,0.03760454255856313
destroyed,0.2780725532870955
destroyed my,0.1904666103650101
destructive,0.09725511130949832
detail,0.077154679533311
detail you,-0.03832236404144581
detailed,-0.0025824517311341033
details,-0.19714554686989488
details and,-0.09221004368791588
details but,-0.009950839830603304
details of,-0.019299649440689886
deteriorate,-0.07584002425535429
determined,0.1867723018246644
determined to,0.14333286349460106
devastated,0.1245611038426803
devastating,-0.04456621686478967
develop,0.1402111270020514
develop an,0.004754114306953643
develop the,0.005900425934277827
developed,-0.0026186676154725864
developed ptsd,-0.08951188771554343
developed some,-0.019907146719711395
developing,-0.004400284173049608
developing storytelling,-0.03172256879923077
device,-0.14840699749773614
device is,0.016996543198463738
devote,0.09208364621867172
devote to,0.09208364621867172
diabetic,-0.10071908352449205
diagnose,0.1398982589961481
diagnose me,0.07752559539155458
diagnose myself,0.04743423219373524
diagnosed,0.1731170566398002
diagnosed and,0.09889634123740679
diagnosed as,-0.04430980798546321
diagnosed bipolar,-0.02013352864314081
diagnosed but,0.025067412858698117
diagnosed me,-0.04106058782231311
diagnosed with,0.2755081207770886
diagnoses,-0.02094975033568544
diagnoses except,-0.05116124148560803
diagnosis,-0.05085905422765353
diagnosis and,0.009202714401196087
diagnosis is,-0.08639077677483918
diagnosis of,0.034202542872931924
dial,-0.0753113183911823
diary,0.03027856623180779
dick,0.14092146516567458
did,0.4303208143847823
did and,0.14760463983357844
did anyone,0.03012518724209331
did anything,-0.2012327719349217
did before,0.18425118521216147
did break,-0.05159220035789747
did but,0.05401324834735237
did emdr,0.06957651287791572
did everything,-0.08081772036161128
did get,0.02843094275359744
did go,0.024896358746540198
did have,0.12181166292678273
did he,-0.016834124682071627
did in,-0.16696168004643602
did it,-0.020083391840891127
did know,0.06244345149139061
did last,-0.02584376377307906
did mention,0.0932535727098707
did most,0.13487348072002575
did my,-0.0381787222914066
did not,-0.1318787269292824
did nothing,0.030204401673862326
did open,0.051996791824019326
did right,-0.00494782972250588
did share,-0.0605061454050651
did so,-0.08831657838274391
did some,0.051464085402975486
did something,-0.026632973829745187
did still,-0.06307479376763686
did that,0.14011735221770474
did the,-0.1033643178436974
did think,-0.014041643410248439
did this,0.01928679698989425
did to,-0.04104984516022639
did want,0.05162168617670088
did was,-0.0022992078487904834
did we,0.09652411230191442
did well,0.1507158028350457
did what,0.06258902489169482
did when,0.007265302314171757
did you,0.5361122374632298
did your,0.03827942644774348
didn,-0.2036754877344228
didn allow,-0.058967409945490344
didn and,-0.09159185436886987
didn believe,0.061488401771890404
didn bother,-0.10324095791353959
didn care,-0.057826889478381334
didn click,-0.10283102855330402
didn deserve,0.053736350050118016
didn do,-0.06155912609327194
didn even,0.07534042784075072
didn exist,-0.07062445302838832
didn feel,0.02403792738515803
didn fight,-0.0014558701427018392
didn figure,-0.01447827512241939
didn get,0.004042398458963932
didn go,0.07206742165811694
didn happen,0.08517020915164496
didn have,0.11705819732202152
didn hear,-0.057344611530779334
didn help,0.01940344422493423
didn include,-0.0036260998630457094
didn know,0.3100106656143797
didn let,-0.08721523800991131
didn like,-0.061972206549217715
didn mean,0.11281985663055898
didn mind,-0.06452993398575235
didn need,0.16956039804637463
didn quite,0.06788629581000945
didn realize,0.09917553387992119
didn really,-0.12779450385627633
didn reply,-0.03241521226181581
didn say,0.07449122942363517
didn see,-0.2278047297689081
didn seem,-0.21024298086673893
didn stop,0.08273623323988041
didn take,-0.28310808292708484
didn talk,-0.09504764113098071
didn tell,0.22826796226948332
didn think,-0.017953311056118925
didn try,-0.12146124975754385
didn understand,0.008807997852656018
didn want,-0.019591020309371324
didn work,-0.008667683790451063
didnt,-0.29734836373882295
didnt feel,0.045145828353189386
didnt know,-0.09722294288623287
didnʻt,0.04743423219373524
didnʻt want,0.04743423219373524
die,0.34916003641336785
die and,0.1200762944116208
die because,0.09689342200488599
die but,0.03899907094017153
die in,-0.010959707530608827
die or,0.06310474690164648
died,-0.00811308402741356
died and,0.07345219291644513
died because,-0.051821533713487015
died in,0.07701067322023342
died of,-0.01010119348605948
died when,0.002047332856823421
diego,0.10337631117418121
dies,-0.05040575473189056
diet,-0.17337941892748074
difference,-0.17845039062819568
difference between,-0.0755099518137351
difference if,-0.0495101816590353
difference in,-0.11577073585744425
differences,-0.1005002033444434
different,-0.5224007694022451
different country,-0.005243568456204229
different friends,-0.0721501621830512
different it,-0.10535804214652698
different job,0.00966022098868855
different my,0.008987508120232477
different people,-0.1610749955229463
different state,0.06379259635435813
different than,-0.01042468620260302
different times,0.05325697131467678
different ways,-0.12054488573756353
different we,-0.09576615142530882
differently,0.01926401702469978
difficult,0.37918634459751827
difficult because,0.09011377764775905
difficult for,0.038099795516144
difficult time,0.14970753894245617
difficult to,0.06027205990178086
difficulties,-0.1116418718445906
difficulty,-0.023052827032418118
diffuse,-0.005327362733045366
digest,-0.0437705155258599
digestive,0.08557763864759083
digestive issues,0.08557763864759083
digging,0.09073528618363895
digital,-0.04753489284450865
digress,-0.0022885349888324895
dilemma,-0.10576197243872433
dime,0.01935259611572442
diminished,-0.003556979211476051
dinner,-0.2960450557583514
dinner and,-0.18078256730172498
dinner or,-0.08751584599336285
dinner we,-0.10183330512981784
diploma,0.016006395144523566
diploma and,-0.028597290037685456
dire,-0.016886247202550615
direct,0.026626583549162003
direction,-0.10731729914603935
directions,0.03059754088305291
directly,-0.14508616307300046
directly from,-0.055115882184697776
dirty,0.06485752757623404
disabilities,0.033775734924711684
disability,-0.17134376017739433
disability but,0.08549453178038983
disability for,0.09571806315405633
disabled,0.024867867184637276
disabled and,-0.09683953718784828
disagree,-0.10431388194090807
disagree with,0.05179162772810495
disagreed,-0.1232758875499472
disagreed with,-0.1232758875499472
disagreement,-0.09311582852527261
disappear,0.025107954222440117
disappeared,0.07696492200123611
disappearing,0.10558924662718215
disappointed,0.220286758387936
disappointed in,0.08432711985334118
disappointing,0.08901763942496049
disappointment,0.010172590610360008
disassociated,0.05238493444640992
disaster,-0.002240470983408724
discharged,0.13206004599496732
discharged me,0.07520432634746463
disclaimer,-0.12756046407338212
disclose,-0.00026978546304519976
disclosed,0.026788372181074466
discomfort,-0.03291486035381479
disconnect,-0.027431163767376563
disconnected,0.06855245436699837
disconnected from,0.06855245436699837
discord,-0.21931871001561576
discord for,-0.05581193537247974
discount,0.058183707607943086
discovered,-0.1545871283578409
discovering,-0.07186251729705756
discovery,-0.08853916430015814
discuss,-0.13184453427877527
discuss what,-0.08464671485746923
discussed,-0.08675406267798104
discussing,-0.14628967303859738
discussing my,-0.10751307783974536
discussion,-0.2064630295834489
discussion with,-0.057551199764138125
discussions,-0.05717654894148192
disease,0.023307550892176468
diseases,0.03640775148503179
diseases and,0.08850355089042308
disgust,-0.012210955907675297
disgusted,0.10606958720920194
disgusted with,0.07593897732170267
disgusting,0.11186058795242845
disgustingly,-0.09359984822698507
dishes,-0.028659143673779894
dislike,-0.07562746101344886
dismiss,0.006419865751576207
dismissed,-0.07141456149575116
disorder,-0.06855290264007255
disorder and,-0.043743959583674615
disorder depression,-0.022110409594413898
disorder or,0.014883114241235604
disorder to,-0.06326174345795864
disorder was,0.06726607765345802
disorders,-0.21737054016477342
disorders and,-0.08055973239368316
disorganized,0.06670415445742171
disowned,0.09048127691271443
disowned me,0.13077517363601165
displaced,0.014362849011783387
display,0.09944619017001166
dispute,0.05131365532495242
disregard,-0.005107088025397314
disrespectful,-0.08612537160350212
dissociate,0.08597558145281722
dissociated,0.06283770961496715
dissociation,0.05572797214901133
dissociative,0.16642201270761725
distance,-0.15796739497104037
distance for,-0.03451007464314277
distance from,-0.051079643201895064
distant,-0.2447508361800377
distant and,-0.006292255791086222
distract,0.19566273958556543
distract me,0.1091526731462713
distract myself,0.061742116319275606
distracted,-0.027379965285899005
distracted by,-0.020982667399888223
distraction,0.04912251186523021
distress,0.1865606278813521
distressed,0.05625602215334815
distressed or,-0.026037332910100984
district,0.0075548976313467115
disturbed,0.06730289287983085
disturbing,-0.02638929240642559
ditched,0.07522137071508896
divided,-0.09094679615647358
divorce,0.1513514769568866
divorced,-0.1771568117212554
dizziness,0.12312048037932982
dizziness for,0.08623057457765033
dizzy,-0.02076533133338239
dm,-0.19007576753577526
dm have,-0.0395484419386061
dm me,-0.1691301451437219
dnd,0.06379287521227575
do,1.6375304686032115
do about,0.09887020975809571
do all,-0.11587167887697866
do always,0.05274979711243302
do and,-0.12734726723763667
do any,-0.018744559669734883
do anymore,0.3244806121047018
do anyone,-0.05427865834755191
do anything,0.18914695170538529
do apologize,-0.0906192116854762
do as,0.008821929866448554
do at,0.04109225588504687
do because,0.14663566564617808
do break,0.06914841299968873
do but,0.13671930695650847
do by,-0.027569725918256176
do can,0.05320611528326732
do cannot,0.03927697499568946
do certain,-0.09094130106201283
do currently,0.05362636869514095
do do,0.2143448071219185
do don,0.05202733971909175
do enjoy,0.07588546488599936
do everything,0.08839342490576536
do fall,-0.12315914578726085
do feel,0.20010138389235682
do for,0.10363065843391515
do get,0.24622492567025395
do go,0.092931432584494
do great,0.07508717367152207
do have,-0.029871355568292637
do he,0.06753918525811256
do help,0.09274771974249449
do if,0.1287355722595287
do in,0.1404892787001176
do is,0.09644784812675788
do it,0.17703770432766155
do just,0.3311339864007591
do know,0.09281922551650484
do leave,0.06606430436564428
do live,0.11002353004268593
do love,-0.11921436974853628
do make,-0.06294540958550637
do maybe,0.04032716624733322
do me,-0.06118984632692162
do mention,-0.015206105295936263
do more,0.10571916970226852
do most,-0.04808754615962407
do much,0.0980212159686655
do my,-0.16374411374608425
do need,0.13222199003260507
do next,0.1518714958393783
do not,0.21942050225548754
do nothing,0.09361731810384774
do now,-0.011846258746057072
do or,-0.02444847659381685
do people,0.06818526943002237
do plan,-0.012887856830027956
do remember,-0.02776351749127274
do right,0.06939420591190583
do see,-0.07767801564684948
do she,-0.04600882171305902
do should,0.053066687882043335
do so,0.2181652729350037
do some,0.014319275172613279
do something,0.12051747850709911
do start,0.05486883076206809
do still,0.11189384036674677
do stop,0.1299125756971268
do stuff,0.12088415189912796
do talk,0.07253946854422097
do tell,0.023321840796300203
do that,0.3754210719018003
do the,0.12070529709032236
do their,-0.0922511541668811
do them,0.022282825516149442
do these,-0.0773655524978083
do things,-0.137482722099305
do think,-0.06126759633721495
do this,0.1721429930565369
do tl,0.1347427078926117
do to,0.3137504115095144
do try,-0.018951186629495125
do ve,0.04813274000951369
do want,-0.114701722444945
do was,0.020540273108939286
do we,0.09203834478742354
do well,-0.005022518179818874
do what,-0.07414518216982989
do whatever,0.04842761218932395
do when,0.2015025318234314
do with,0.2524955794925981
do without,-0.005752769708273835
do work,0.001345861079413682
do would,-0.05763552706683466
do you,-0.26992688164269085
doc,-0.016754565490607196
docs,-0.036282383058288833
doctor,0.20415413688827677
doctor about,-0.12878470141278642
doctor appointments,0.02869958608314698
doctor but,-0.03526739370226966
doctor for,0.042804877764147334
doctor or,0.050311974522283975
doctor said,-0.0908152855768337
doctor saw,0.11322515162238883
doctor ve,-0.11277433297115882
doctors,0.1289407292425844
doctors and,0.055683425514753644
doctors that,-0.1197347573950309
doctors to,0.05370203898763676
document,-0.11823129762669218
documentary,-0.04985073063257061
documenting,-0.12403559689835543
documents,0.1507213016207789
does,0.19214794398198243
does and,-0.009956186300303836
does anybody,-0.0907066024331984
does anyone,0.36288877043060014
does have,0.10871827313797286
does he,-0.10034032620634623
does is,-0.012644823806995055
does it,-0.08553471944359291
does make,0.07012988168070515
does my,-0.05629952860963507
does no,0.12832789223842456
does not,-0.024409266253907907
does so,0.007148236373719695
does that,0.10684768955818395
does the,-0.12554953861517176
does this,-0.02360262238769305
doesn,-0.093764263134259
doesn ask,-0.24021700895254097
doesn bother,-0.000429262066615511
doesn care,-0.079604242574945
doesn come,0.0328327386045302
doesn deserve,-0.12667347409800214
doesn even,0.05623465045423386
doesn exist,-0.03778438455828905
doesn feel,-0.04198856247676526
doesn get,-0.048149474313541864
doesn give,0.10537042968868005
doesn go,-0.03189466612269116
doesn have,-0.19197177627587952
doesn help,0.053785088041648374
doesn know,0.04145415715243907
doesn leave,0.05654506257027813
doesn like,0.12160412722330352
doesn listen,-0.02355239701830937
doesn make,0.06960449309427955
doesn matter,0.12403431511126052
doesn mean,-0.12030817871854291
doesn need,0.05942937336767796
doesn pay,-0.03236014214405294
doesn really,-0.10952878050608167
doesn remember,0.17917401807907077
doesn say,-0.012586288352754247
doesn see,0.0021328095719896872
doesn seem,0.14602858616239142
doesn sound,0.03377658558660043
doesn stop,0.15568949982954958
doesn think,0.030996588555877322
doesn understand,0.0647128146281372
doesn want,-0.11201998252270337
doesn work,0.06672180525554697
doesnt,-0.0564754266684453
dog,-0.03209120526280342
dog and,-0.12167847502152448
dog at,0.10787024941851953
dog but,0.07208720587290529
dog food,0.0716825125930564
dog in,-0.09652194577240918
dog was,0.10720995193106679
dog would,0.10761224962272788
dogging,-0.07996473371485904
dogging people,-0.07996473371485904
dogs,-0.23631261866732137
dogs and,0.05407814043638278
dogs for,-0.06701804489068539
doing,-0.22122150431969445
doing all,0.04922654066521404
doing an,-0.0633149291828737
doing and,0.08305697605997411
doing anonymous,-0.0395484419386061
doing anything,-0.04677606435944709
doing as,0.01202226648041368
doing everything,-0.04099509024444314
doing for,-0.010683757492115382
doing great,-0.09396822486826584
doing he,-0.03777922511368743
doing here,0.11152404156150622
doing if,-0.05480816899151984
doing is,0.05718279763164194
doing it,-0.07994681626460678
doing lot,0.04215356990705392
doing nothing,0.07563791134049634
doing okay,0.013988750288751009
doing really,-0.09809554898137787
doing so,0.10324721808499596
doing something,-0.07388630151795617
doing that,0.05435051760165644
doing the,0.0064539727357633
doing things,-0.08639076505518452
doing this,-0.2449499515059739
doing to,0.0425843264934718
doing well,0.15265946537684916
doing what,0.0692700495243061
dollar,-0.34972225918506383
dollar store,-0.15193086666214417
dollars,-0.21797343569786845
dollars have,-0.0007203726574452349
dollars in,0.0052813499901719005
domestic,0.3918927302945351
domestic abuse,0.12338139718823352
domestic violence,0.19232121493029625
don,1.7550087967120207
don always,-0.05218498723867504
don answer,-0.01722719691604369
don ask,-0.0030845598287880917
don be,0.03563807666536505
don believe,0.1266384009229633
don blame,0.14751308673232352
don bother,-0.04448901973707397
don but,-0.015085508134538302
don care,0.003502918005106092
don come,-0.0024724050638386848
don date,0.06701792668498435
don deserve,-0.004094320495899095
don do,0.09149918306651167
don drink,0.06903830271088321
don drive,-0.025391470253829748
don end,-0.08972837496927964
don even,0.37939156044191474
don ever,-0.03545892121986324
don exactly,-0.029842556634321938
don feel,0.10977400956905614
don find,-0.09887696096436564
don fit,-0.007014366229329708
don get,-0.07513693397476363
don give,-0.10208734710510843
don go,0.08775417198509725
don have,0.45430143181491056
don help,-0.01171497730848316
don just,-0.23138014656801345
don keep,0.08191766357307173
don know,1.5455559691379566
don let,-0.059638982342233346
don like,0.27377057253249454
don live,-0.058804826246322016
don look,-0.0221622965062105
don love,-0.01866799415114383
don make,-0.06240820067474052
don mean,-0.02239516220214557
don mind,0.05415874644287552
don need,0.09948568289523638
don post,-0.10882877840940577
don realize,0.005451787291849775
don really,0.1413909468065603
don remember,0.07380066012473852
don reply,0.06517383964395977
don say,-0.05194049498445594
don see,0.033022368405116624
don seem,0.07500404350338151
don speak,0.007452928313124838
don take,-0.04044970940665285
don talk,-0.14121295978559936
don tell,0.08485952689671565
don think,0.04701585429291184
don trust,0.06634903997576735
don try,-0.060533781291340766
don understand,0.09297945524320698
don wanna,0.06315784444801671
don want,0.40406200984640084
don work,0.15894493891638614
don worry,-0.07642145346751818
don you,0.05118313862082294
donald,0.12430007093282495
donald trump,0.12430007093282495
donate,-0.14902278513305847
donate please,-0.04797971750347685
donate to,0.018483079169415467
donate would,0.04183497441240173
donated,-0.2610115964781235
donated food,-0.08739263756960958
donating,-0.07238176087573699
donation,0.024184558344728928
donations,-0.1787768881790717
donations are,-0.07551023694619624
done,0.05665253265143514
done an,-0.003142460884846869
done and,0.08455020718655498
done anything,-0.05833049168447493
done as,-0.009612157922654284
done before,-0.06262408064630544
done but,0.04826979700608818
done differently,0.05085500008815942
done dm,-0.07378535716214671
done for,0.0030581024350649437
done he,0.0995159981132254
done in,0.0680074318683245
done is,-0.0326707032084353
done it,-0.19959449279957367
done lot,-0.1749196318078786
done many,0.010746637828564073
done so,-0.1377175982103879
done something,-0.028496262259683033
done that,0.11121150257060025
done the,0.04599584104064631
done this,0.019944131109491867
done to,-0.021376876220944824
done ve,-0.011705119531410362
done we,-0.059393569621296764
done with,-0.038741668657374294
dont,-0.1457597014758013
dont care,-0.04207259171068762
dont even,0.08007323812175206
dont feel,0.0705539023426007
dont get,0.06341361337192833
dont have,0.07105576407895214
dont know,0.045541691806831375
dont really,0.0554291643690369
dont think,-0.1162886192455946
dont want,-0.2599620491146623
doom,0.1560917369300532
doomed,0.061217378539616535
door,0.4820259808394001
door and,0.03954864237493527
door down,-0.12222968975649778
door he,-0.12440464584276698
door she,-0.06446668947465574
door so,-6.747673507199472e-05
door to,0.008848084971358838
door unlocked,0.07403082317137824
door with,0.041432050783152055
door you,-0.06340356026530453
doors,-0.19655264484515494
doors to,0.03157154491024642
dorm,-0.017309097459769402
dorms,-0.06157432806063668
dosage,0.10223604468097558
dose,0.09068740624239859
dose but,0.07757720912544525
dose of,-0.07281610586470763
doses,0.0008090381905366778
double,-0.005016131307429871
double my,-0.011035851252113616
doubled,-0.006479382985335431
doubt,0.16552483149856326
doubt it,0.0534484547145286
doubted,-0.008816549612506405
doubting,0.10106053190073987
doubts,0.11416074623116432
down,0.32737751933746023
down again,0.06665298926953304
down all,0.1341455807007732
down an,0.08967548505851934
down and,-0.008300046037624851
down at,-0.004859070228259384
down because,-0.059249368396327697
down below,-0.039640081437487575
down bit,-0.022570455582675637
down but,-0.006858897062117761
down by,0.08942386153482952
down crying,0.005972307192271225
down for,-0.07511637523877933
down in,-0.22463750975628616
down it,-0.008503426753212055
down like,-0.02486539644469595
down little,-0.11448194566816064
down my,-0.04170137537816733
down now,-0.016092111364360402
down on,0.015974332888565874
down right,0.0885364717876098
down she,-0.07949534314732853
down so,0.06614097553530386
down that,0.015915761828046736
down the,0.11239951061452316
down these,-0.01826185369492421
down they,-0.02051412147071177
down this,0.08365119803155971
down to,0.20118609415191194
down told,-0.12435955651880029
down when,0.08628314441022697
down yet,-0.033024083290380556
downhill,0.05706465231124144
download,-0.1295453970097161
download the,-0.09401906711922355
downstairs,-0.1005590974678624
downtown,-0.11371657009915821
downtown area,-0.11371657009915821
downvotes,0.041627712691157996
dozen,-0.001959583056679566
dozens,0.08216756792345485
dozens of,0.05510230696334872
dpdr,-0.1347097100131997
dr,0.7985083632262253
dr because,0.08067423761681333
dr boyfriend,0.0513656907143276
dr broke,0.12563294916924858
dr can,0.006314436620890904
dr did,0.10392666547663777
dr do,-0.11979004049176173
dr feeling,0.08642074517450796
dr found,0.060769092585277955
dr friend,-0.015821084700361972
dr friends,0.08074212887332746
dr girlfriend,0.09455466081120423
dr got,0.06699129792729268
dr have,-0.07938939978804684
dr met,-0.18441669126748714
dr my,0.4187899250979735
dr so,0.08639427563449963
dr think,0.08918131043989995
dr ve,0.19744060772677496
dr was,0.07683941432749083
dr working,-0.06655026477653447
drag,0.015164601686485925
dragged,0.13480997621825663
dragging,0.06445604439538417
drain,0.06077350919558245
drained,0.07613192969753117
drama,-0.2487204913807091
drama between,-0.0012339024096511442
drama but,0.000297154197440774
drama in,-0.12390132937811647
dramatic,0.10219541385810467
drank,0.1624909203905913
drastically,-0.017108932408818958
draw,-0.15658917596533173
drawbacks,0.042808128468186775
drawing,0.0574748420066875
drawing for,-0.04020754981670848
drawn,-0.07763752661026836
dread,0.3130393596096746
dread and,0.10311185351191986
dreading,0.07352220320733516
dreading it,0.02809359284060238
dream,-0.41910863502489876
dream of,-0.02666798996678889
dream was,-0.07093616658517289
dreams,-0.0208771570878995
dreams about,0.08439839824586906
dreams and,0.011313744119562
dreams are,0.004858897109201872
dreams of,0.015840056919999825
dreamt,0.1032142687611327
dreamt of,0.1032142687611327
dress,-0.05034324871820089
dressing,-0.1414098257159557
dressing room,-0.09225112499871314
dried,0.11164128886115993
drifting,0.0028899957535329646
drill,-0.11374025472148139
drink,-0.07536779025989443
drink and,-0.0017462050031757433
drink excessively,-0.007642197570773978
drink or,0.028278448943725908
drinking,-0.04582711531438545
drinking again,-0.023831605354279948
drinking and,-0.019534558902429396
drinking it,0.09295775757479463
drinking to,-0.02953965205415499
drinking with,0.005391047283023723
drinks,0.03516704664778726
drinks and,-0.08254194217584662
drinks every,0.012660136499660172
drip,-0.029124145997137682
drive,0.04533160564942225
drive and,0.13615476883931427
drive away,-0.03090718949677953
drive my,0.02212976041565185
drive the,-0.1265820615522538
drive to,0.061349112653698246
drive wedge,-0.0225220515655421
driver,-0.2218142746530383
drivers,0.08062807519650333
drivers license,0.004027203587122898
drives,0.10826694925791626
drives me,0.03658115555803067
driveway,0.020720956174888103
driving,0.1670976862816644
driving and,-0.027419759455480256
driving instructor,0.07558176867196921
driving she,-0.034657041045289244
driving to,0.03081684458591133
driving with,-0.029215071800280094
drop,0.2287176800306317
drop in,0.01903820177287003
drop it,-0.16269952535550894
drop out,0.1343876585675153
drop the,0.09122372735539153
dropped,0.04239118859455949
dropped all,0.10110183344763782
dropped out,-0.01884233728177779
dropped their,0.005008717984486577
dropping,-0.007416455042698733
drove,0.03379211655391117
drove around,-0.01929130842034794
drove in,0.02034074646834206
drove me,-0.120552463760892
drove us,-0.06751867197264803
drown,-0.13274920199645618
drowning,0.08022504349116542
drs,0.076905371396204
drug,-0.07503075356228744
drug abuse,0.0008240949077309694
drug addict,0.08929686933800152
drug money,-0.04361458378108298
drugs,-0.15662644865912675
drugs and,-0.2574890444664108
drugs are,0.0032893023177998134
drugs but,-0.04361458378108298
drugs he,-0.03747692307458078
drugs or,0.00836476771990132
drugs to,-0.00634375630003847
drum,0.02897631313869428
drums,0.02847798728315196
drunk,-0.23152549952848592
drunk and,0.09845078706389444
drunk as,-0.1030089682993629
drunk driving,0.0023016308525221356
drunk he,-0.048592121699708876
drunk in,-0.006619023861378846
drunk she,0.06533651350124231
drunker,0.0866752999816735
dry,0.12134844492805487
dss,0.07852904104606757
dss social,0.07852904104606757
dude,-0.2078966796602998
due,0.6077681863816916
due to,0.47439389596453363
dug,0.028578902713868207
dull,-0.053015328665761134
dumb,0.0563438907924577
dumb and,-0.01758090894144127
dumb girlfriend,0.08178252259421895
dump,0.016108472068057666
dump him,0.016108472068057666
dumped,0.1407372326262602
dumped because,0.09404181294525055
dumped me,0.07424121760975554
dundee,-0.05204912245977565
dundee scotland,-0.03074105019184583
dundee where,-0.03074105019184583
dunno,-0.007078862251467953
during,0.021909802210724506
during an,-0.04559370993080457
during dinner,0.016996543198463738
during every,0.0854665679986902
during it,0.0719121980156584
during my,-0.024388289943270046
during one,-0.14347317937141013
during our,0.03898214863823256
during spring,0.07652030050473096
during that,-0.16947971453128544
during the,-0.17170635569971984
during these,0.07917682938532421
during this,0.06676918310519657
during those,-0.0859806217206564
during work,0.08678414540509331
duties,0.05488258543577279
duty,-0.0629288736664544
dv,0.05992510519810882
dv and,-0.024540067171593207
dvd,0.0073313790641405755
dwell,-0.03872365288774799
dwellers,-0.0969079839486479
dying,0.4230464770521187
dying and,0.1376359340599557
dying of,-0.0007920255417722165
dynamic,0.14684985361533248
dysfunction,0.06826386342356573
dysfunctional,0.02618755364883724
each,-0.5313432539626985
each and,-0.011241841766413655
each day,-0.10731399626384351
each month,0.13353655416906332
each of,-0.058829224378542884
each other,-0.5145934299843058
each others,-0.01618020430138235
each time,0.04499085995558239
each way,-0.09873545636561516
eachother,-0.07452047128563627
ear,0.007975417435090138
earlier,0.24125862894101052
earlier and,0.006186632314786855
earlier have,0.027222588704576417
earlier in,0.012963356492196649
earlier this,0.17044876733658018
early,-0.3615970677218697
early 20s,0.12004488329250332
early age,0.04901612142058376
early in,-0.02251270768775032
early on,0.000975410055294683
early onset,-0.024251183764752136
early retirement,-0.013161137890752727
early so,0.007353148251188118
early teens,-0.11125799914189456
earn,0.11869730846687415
earn enough,-0.028830157842785135
earn some,0.08788317733357082
earned,-0.08069923316330813
earning,-0.09095504572394963
earns,-0.06958580585575028
ears,-0.062343479847945936
earth,0.027992310274748772
ease,0.03551763136016657
ease with,0.08891809476316846
easier,0.025055843323639426
easier and,-0.05849789994057089
easier for,0.06608385590049069
easier than,0.0365115554613549
easier to,0.07850270438116974
easiest,0.10009967992384432
easily,0.13413413231995042
easily and,-0.09980068377600632
easily or,0.08777943941070546
easy,-0.05053643760572183
easy and,0.026604409596387733
easy for,0.004578777515456724
easy to,-0.35248090760315837
eat,-0.1425635725229368
eat and,-0.037069199973467706
eat but,0.04719428688487281
eat my,0.07158608682602027
eat or,0.018928534821931454
eaten,-0.04468726446905709
eating,0.0030235035397350434
eating and,-0.1436637138492565
eating disorder,0.063014096158041
eating food,0.09140882262053208
eating me,0.00525060927611447
eating my,-0.023524665504105084
eating single,0.0021420730087026636
ebt,-0.025589644146590314
ebt and,0.02852325589437865
economically,-0.08628228818750215
ecstatic,0.08298830782163187
ecstatic about,0.089527645663144
ecstatic but,0.02809359284060238
ect,-0.03140233140632348
edge,0.21354886641665002
edge and,-0.00571085830319266
edge off,0.15615732432087703
edit,-0.7197661511258154
edit added,-0.0885449026739611
edit forgot,-0.11755847596976313
edit in,0.003981067443896308
edit she,0.032050443092944254
edit should,-0.07076184281750066
edit sorry,-0.03396662286388576
edit thank,-0.1854580080400691
edit the,-0.07974794280034314
edit ve,0.03749777871234517
edited,-0.06390486572384986
edited for,-0.06912795820442001
edited to,0.037987423935535516
education,0.04249212756541438
education and,0.020642115082371713
education on,-0.03172256879923077
effect,-0.22729817506189387
effect my,-0.015538731073111316
effect on,-0.09269728783653829
effected,-0.13959038625901551
effecting,0.05459852251916464
effective,-0.15829311246189195
effectively,0.13890823064130878
effects,-0.19207172012089913
effects and,-0.06289920456978321
effects of,-0.10080910092258592
effexor,-0.07863923102458746
effexor xr,-0.012300486583607197
efficient,-0.027547886034627985
effort,-0.06290197745865646
effort into,-0.050427821749656
effort to,-0.0815808952305183
effort with,-0.003397142462283115
efforts,0.028175208593917426
efforts to,0.11994130537593314
eight,-0.07905816611554521
eight years,-0.020132300008988593
eighteen,-0.08680568009295787
either,-0.04342292863037807
either and,0.07757221088236403
either be,0.027239944735652215
either in,-0.08297436429985458
either my,0.0475563614353443
either no,-0.127697577776569
either of,-0.057220452049657575
either the,0.014556932329699937
either to,-0.007483499937743319
either way,-0.0057181120332947906
elbow,0.12387464869451004
elderly,-0.03074200426180045
election,0.0035438374199166156
electric,-0.057518437701276494
electric bill,-0.02338649938219986
electricity,-0.013774111340215504
electro,-0.02721674538884307
electronics,0.00031979596714332327
element,0.009553891182294657
elementary,0.04880212540082185
elementary school,0.04880212540082185
elements,0.009382138341454448
elephant,-0.06733456540030312
eleven,-0.08021826073110831
eligible,-0.08465539904143783
eligible to,-0.03632146800876842
else,0.17591066872927202
else and,0.005495151484773033
else been,-0.046266378765666534
else but,0.02141056760398689
else can,-0.04270216601559052
else deal,-0.059628374648183095
else experience,0.023375150169528094
else experienced,0.09724585812921221
else feel,0.06356574165354745
else for,0.09305807152364697
else get,-0.050377606497916866
else had,0.07984125370237319
else has,0.097192763969291
else have,0.07481932184847298
else he,-0.1368164205147476
else in,-0.22347092990499484
else is,-0.08215038813972732
else like,-0.014547370710219134
else need,0.07005663221776931
else out,-0.05729357052142837
else she,-0.02017502695472924
else that,0.08990110397820418
else to,0.00027969266296602323
else was,-0.062420670675776835
else who,-0.011422211534952863
else will,0.14230282031778163
elsewhere,0.029347117660743965
em,-0.09528474317408564
email,-0.17124413156462062
email to,0.031218011266115387
emailed,0.1002069147024574
emails,0.0001172084048439967
embarrass,0.02012223048133452
embarrassed,0.24397192250123081
embarrassed and,0.07429692291143723
embarrassed to,0.06222847333047099
embarrassing,0.08983978315984173
embarrassment,-0.09482028216843177
embassy,0.023493519098732266
emdr,0.13101391336928553
emdr for,-0.007128095597904149
emdr or,-0.015326892270469858
emergency,0.3313322605271108
emergency room,0.08332494324020154
emergency situation,0.08580513407427554
emergency surgery,0.0035742929670233175
emotion,0.07696116985353313
emotional,0.2674392821916802
emotional abuse,0.12461496634377303
emotional affair,0.17308820544534806
emotional and,0.015029640456196595
emotional as,0.12136219504521532
emotional mental,0.010866183031577352
emotional or,0.07127924685694831
emotional support,-0.04740291381676615
emotionally,0.1182441056796733
emotionally abused,0.08584552989249919
emotionally abusive,0.07140585713613738
emotionally and,0.05232093955613225
emotions,0.4551710025703065
emotions and,0.0156657104159921
emotions need,0.07055767684545185
emotions so,0.06334169063395424
empathize,0.0666344530931193
empathize with,0.0666344530931193
empathy,0.04135372876204255
emphasize,0.016959326075662876
employed,-0.2748796616194385
employees,0.008280865670278307
employer,-0.18910107177909008
employment,-0.07114872237312758
employment and,-0.052772528377168594
empowering,-0.008087805300705452
empty,0.03645692530454072
enabling,0.09212747703314524
encounters,0.13000142019934624
encourage,-0.2538819560912829
encourage her,-0.060407462793156244
encouragement,0.08141365465455865
encouragement to,0.08614063398045058
encouraging,-0.08512176054924196
end,0.4596058678668841
end and,0.16065432403423233
end contemplate,0.05411245080730281
end it,-0.013629057656190258
end my,-0.014910748167016156
end of,-0.021858839034932857
end or,-0.032247440383447595
end that,-0.11228822477717358
end things,0.08133469480003477
end this,0.026879403149451555
end to,0.0003977567040692133
end up,0.3607879133369053
end ve,0.0030588141936096413
endangerment,-0.01255610281220518
endangerment of,-0.05116124148560803
ended,-0.17220845145031446
ended and,-0.02309872984725216
ended if,-0.08721259333909527
ended questions,-0.055211081681451855
ended up,0.13405843561043118
ending,0.04979457834900126
endless,-0.014993218141125914
ends,0.17505694829409377
ends meet,0.08258763567382307
ends up,0.0112605256325653
endure,0.09351384235835662
endured,0.14744550500982218
enemy,0.0087615531596332
energetic,-0.0582269635451763
energetic and,-0.004228747401659231
energy,-0.0007955019723945991
energy and,0.07953975070258472
energy as,-0.12069480626193346
enforcement,0.008935406092027556
engage,0.0420876474043216
engage in,0.024151100683756095
engaged,-0.13169995052085456
engaged in,-0.04509382103789202
engaged to,-0.04690190927864907
engagement,-0.05146855145944949
engine,-0.01751218348472485
english,-0.13675291687807528
english and,-0.057327244204053454
english as,-0.05427865834755191
english is,-0.1890167480548873
enjoy,-0.17012625431998005
enjoy being,0.04681070280806402
enjoy her,-0.06589914647739595
enjoy it,-0.0815324266065442
enjoy life,0.07954634181126033
enjoy my,-0.05271763180439879
enjoy myself,-0.023353708711592418
enjoy talking,-0.08832840308039742
enjoy the,-0.009321269081113257
enjoyed,-0.1989020848370037
enjoying,-0.005004063450855354
enormous,-0.06358087848670144
enough,0.554625179454932
enough and,0.2471715504095775
enough for,-0.05550925711900385
enough had,0.06617227169231266
enough just,0.13895312886193342
enough money,0.14912155410622527
enough of,-0.11901817668311727
enough or,0.06852347388706943
enough she,0.03222741734487098
enough so,-0.01799616813228137
enough that,-0.044573357605581815
enough though,-0.03404515921417487
enough to,0.24306690660459243
enrolled,-0.11605573126718827
enter,-0.008709557951876381
enter your,-0.044965583680606505
entered,-0.10382740397508664
entered into,-0.046698601421261886
entered the,-0.02080135823375774
enters,-0.05427865834755191
enters will,-0.05427865834755191
entertain,-0.1064113602884539
enthusiastic,-0.08361898818350914
entire,-0.0017151040226436533
entire day,0.03654513530140048
entire life,-0.03389678940572641
entire relationship,0.0717813563048945
entire thing,0.005578630727416933
entire time,0.08122411720662419
entire world,0.021830806843585956
entirely,0.1949625549483312
entitled,-0.07735201780768311
entitled to,-0.07735201780768311
environment,-0.22768583674179477
environment and,-0.07048772847636281
environment that,-0.0011061101880277522
envy,0.06877557459890825
epic,-0.03832236404144581
epic and,-0.03832236404144581
episode,-0.10345324986391907
episode of,-0.012350754673003022
episode with,-0.10923894063972521
episodes,0.05403628933997367
episodes of,0.05140703164994232
episodes or,-0.04361458378108298
equal,-0.008280079638123805
equally,-0.08958992574153021
equipment,0.0305094718459778
equipped,0.06830460878591352
equipped to,0.06830460878591352
equivalent,-0.05118645429763296
equivalent amazon,-0.05427865834755191
equivalent of,-0.0004692470902388563
er,0.07089360213324598
erratic,0.10562001115848633
errors,-0.004371177083994323
escalate,-0.05229404131293458
escalated,0.02061375286400495
escalating,-0.012124670139148403
escape,0.24942796761225197
escape and,0.06705348295192148
escape from,-0.04032488378511704
escitalopram,-0.04007156729083153
especially,0.14753966179980604
especially because,0.07331747717507131
especially for,-0.03593977540953294
especially if,-0.05763359731391349
especially since,-0.0199089473738847
especially the,-0.09714566787755124
especially when,0.07494638124424681
especially with,0.16473728652519962
essays,0.0017411470666238488
essentially,0.010013042955488756
essentially the,0.1361782998959434
essentials,-0.13880645909394895
established,-0.09810498423081361
esteem,-0.0011099895796566057
esteem and,-0.03049365702385062
estimate,-0.03755820199743554
estimate but,-0.03755820199743554
etc,-0.29921154294060176
etc am,0.012138388713253756
etc and,-0.11830433437480559
etc but,0.038415781791055516
etc etc,0.02917096411704221
etc have,-0.09611349769833367
etc he,-0.1241362696629345
etc it,-0.15073570535501352
etc ll,-0.10821835935932451
etc my,0.022123641743952312
etc not,0.04294933719227066
etc since,-0.019473887871276335
etc so,-0.10733730934008619
etc that,0.011617673868891992
etc to,-0.08535116517953828
etc was,0.05847566664877774
etc we,0.11662075010120818
etc well,-0.020862304304465076
etc with,0.03173305708096452
eternally,0.006433049950900522
eternally grateful,0.006433049950900522
etiquette,-0.001496099862717026
europe,0.057869567873348474
eva,-0.06500351138483752
evaluation,0.022246926898562773
evaluation and,-0.06984161427461517
evaluations,0.026257157781400555
evaluations and,0.026257157781400555
eve,-0.026414862342231837
eve with,0.009546656692413058
even,1.9359737493663427
even after,0.17991344876472942
even and,0.050419713991542894
even as,0.04559951046298357
even ask,-0.02611995513787293
even asked,0.017724112667798986
even be,-0.05614451740138291
even begin,0.06896022753163901
even being,-0.002200188909265235
even bring,0.03817805633785721
even do,0.03889973048422455
even during,0.05448645409768882
even facebook,0.013643432851943344
even feel,0.037617850305985766
even from,-0.10106987578704153
even get,-0.1253051739682583
even give,-0.019024568788127572
even go,0.082511261472453
even had,0.1541063377504341
even harder,-0.021501540052929962
even have,0.10204024129119624
even help,0.07077725461958537
even her,0.09445593124424262
even if,0.1327434776893229
even in,-0.017187835865737293
even just,-0.10524646984539741
even knew,-0.038689954329003046
even know,0.20057992733138116
even knowing,0.06633783804959002
even like,0.08671821359711862
even looked,-0.0242594976782427
even met,-0.06780066357493546
even more,-0.052864564919215984
even moved,0.007662749612000371
even my,0.14881193956992994
even now,0.034025889810853215
even one,0.05433614838557416
even or,-0.06975448027712385
even out,-0.09628755704133454
even possible,-0.08283064998532429
even react,-0.007128709160822466
even really,0.06792834403332917
even remember,0.1521327630123937
even say,0.012793105464672626
even see,-0.02859022233252146
even still,0.026204648113733305
even sure,0.1269982687897222
even talk,0.09523516325072155
even tell,0.08378935307717565
even that,0.013808178443593826
even the,0.14176010295018165
even then,0.05757736532121467
even think,0.15681668786624084
even thinking,0.030272541633062085
even tho,0.004445705954007507
even though,0.3945080525718767
even to,-0.029393296212194525
even today,0.04747286754114881
even told,0.13875075439258303
even tried,0.12409024599452986
even try,0.1036052493262655
even use,0.08457983109482953
even want,0.06520984146079993
even when,-0.08662644672409604
even with,-0.050639368651517185
even worse,0.06480921119945465
even yet,0.09892696828424596
evening,0.03544479133627271
evening and,-0.01946767228795289
evenings,-0.09249460962834136
evenings and,-0.0357131113372171
event,-0.19840055765503262
event from,0.07001666914437266
event that,-0.10006862256278265
event was,-0.09067162831079467
events,0.11499341763957563
events and,0.05918242889877685
events for,-0.0028053888180865926
events that,0.10364378816065391
eventually,-0.5389812270496575
eventually got,-0.08325548396192041
eventually he,-0.02553208860562194
eventually move,0.09494218154193323
eventually started,0.006880246044509329
ever,0.15796440948944326
ever again,0.023643978987097917
ever ask,0.07108285538401225
ever be,-0.12407084262583475
ever been,0.18482902116095967
ever done,-0.13706533855410363
ever experience,-0.11893544738000371
ever experienced,-0.03143599512270071
ever felt,-0.12915837262080523
ever get,0.17314242716766892
ever going,-0.0983305237873417
ever had,0.11432968823215775
ever have,0.05600380941466127
ever he,-0.10772630808458637
ever met,-0.08453096026499053
ever run,-0.13172896700113249
ever see,-0.07012058698795924
ever seen,0.011937411630930496
ever since,-0.20950347344676265
ever then,-0.0017684498205640588
ever think,0.10036279746468381
ever thought,0.04743423219373524
ever want,-0.07704481117012442
every,0.4406649190738852
every couple,0.027022226705035936
every day,0.2152393336654654
every few,0.06381857101106916
every fight,0.0859067582461567
every little,0.1697047660175661
every month,-0.04161692252287539
every morning,0.0014997305323108698
every night,0.04595301206371836
every now,-0.0015202861253070705
every once,-0.06513865313210351
every other,0.10081005209767419
every penny,-0.10019644637548912
every second,-0.025675859984711905
every single,0.08497368407860353
every story,-0.0740088608118801
every thing,0.044678745042934793
every time,-0.06957829329284014
every week,0.09556567019176798
every weekend,-0.04157013722265142
everybody,-0.031689564312904504
everyday,0.548493597347639
everyday about,0.05411245080730281
everyday and,-0.012119537945142768
everyday but,0.03130003115154688
everyday is,0.06787919757354942
everyday life,0.09585281517392424
everyone,-0.6061703189591892
everyone about,0.09438267814128867
everyone and,0.021599446528241858
everyone around,0.05721182006780682
everyone believes,-0.0326292747471795
everyone can,-0.020951730236643824
everyone edit,-0.09722241955289987
everyone else,0.2018416986824435
everyone has,-0.13250953920238118
everyone hates,0.047625482319365475
everyone have,0.035929784062805566
everyone here,-0.01062299924892908
everyone in,0.049155927350287724
everyone is,0.10679330979798482
everyone just,0.04466112337509629
everyone keeps,0.044213882681913313
everyone my,-0.03685964837939083
everyone on,-0.09406455022710117
everyone so,-0.13915847418689228
everyone that,-0.13876398394139508
everyone this,0.05696434557114572
everyone thought,-0.02831005234037935
everyone ve,-0.03221447475027479
everyone was,-0.14338528162439274
everyone we,0.0324794250826283
everyone who,-0.18409910252619768
everyone will,-0.08490425983666301
everything,0.40880691009678427
everything about,0.09295585031315134
everything and,0.2752788700480419
everything because,0.09101860944233929
everything but,0.08079583322824709
everything can,0.0036166142133542177
everything changed,0.025774585528445713
everything could,0.053914688118748735
everything don,-0.023791473165614956
everything down,-0.0258914476603771
everything else,-0.04476803876285473
everything for,0.025973579539172814
everything had,-0.1184914369603522
everything has,0.013767302965292851
everything he,0.057673140851099224
everything in,-0.04285974489824413
everything is,-0.016270564775587734
everything just,0.10787753155238852
everything like,-0.06262408064630544
everything my,-0.031192990259640955
everything perfect,0.05975345954768219
everything seems,-0.004453952334069653
everything that,-0.04314884265140746
everything to,0.02243211694226414
everything up,0.047913855107677664
everything ve,0.15789571773545558
everything was,-0.21972414773614493
everything we,-0.08086812544905561
everything went,-0.1063345195502853
everything you,-0.0018691127185312608
everytime,0.13558805654767858
everywhere,-0.08188691864002752
everywhere and,0.0957782057456297
evicted,0.15556804819829567
evicted and,0.08775400894235348
evicted from,0.07863815298349867
eviction,0.19183981864293936
eviction process,0.09893195400123597
evidence,-0.044518970668105756
evidence but,0.08845548368598206
evidence that,0.016825073600404295
evil,-0.10889985636667474
evil doesn,-0.119093141749227
ex,-0.017861057098949105
ex after,-0.09986872252757799
ex and,-0.3054977288442407
ex boyfriend,0.003784248808205071
ex fiance,0.09017431153683696
ex for,0.015140368172527879
ex from,-0.059127091839395414
ex gf,0.023120211017220938
ex girlfriend,-0.18062929012449094
ex girlfriends,-0.028263578086886523
ex has,0.07028785063364684
ex have,0.006964141664205562
ex husband,-0.08265455531174663
ex is,0.07651987847911662
ex she,-0.020967876103772203
ex through,-0.08013724425009876
ex used,-0.011993191355911965
ex which,-0.010517094669243214
ex who,0.17926847401012302
ex wife,0.12403757009626659
exact,0.010042655581136047
exact opposite,-0.06826384425947817
exact same,0.08396425831865634
exactly,-0.41461311119203587
exactly sure,-0.08973552516540535
exactly what,-0.06302915084624174
exaggerate,-0.1235256655120151
exaggerated,0.01823280773329426
exaggerated and,0.06449012296864921
exaggerating,0.06410777178268871
exaggeration,0.0007807947451413622
exam,0.08269543534749757
examine,-0.0491213912714916
examine the,-0.0491213912714916
example,0.030506884713530025
example and,-0.016203889257001662
example but,-0.09023640895164708
example of,-0.12486791424255024
example she,0.10921129701582666
example that,-0.00012991007596053938
example when,0.00448130204586351
examples,-0.15572872745801467
examples in,-0.10911800070037934
exams,0.12531473165573978
excellent,-0.05318038506834347
except,0.12807378040094056
except for,0.039921311964976856
except maybe,0.0814021266286693
except my,-0.04151780455420755
except that,-0.011045848255682464
except those,-0.05116124148560803
exception,0.029558222499086063
excessive,0.029702328483812972
excessively,-0.007642197570773978
exchange,-0.04821027377328817
exchange for,-0.08092164240453674
excited,-0.4302712468008583
excited about,-0.20127628388850857
excited to,-0.017131160275753798
excitement,-0.04163899657962482
excitement leading,0.02809359284060238
exciting,0.051011204448542034
excluded,0.07304191435062009
excluding,0.0004885962928406443
exclusive,-0.08576691125978034
excuse,0.1258453638481542
excuse is,0.009967970113412935
excuse maker,0.044783699728152236
excuse or,0.009251217073720543
excuse to,0.048354724215091
excuses,-0.2181926983755536
excuses for,-0.18080219282380977
exercise,-0.05607827879883893
exercise or,0.017137660386637575
exercises,0.007317127829172913
exercising,-0.19697224086014414
exes,-0.08437990331220542
exhausted,0.37918769329428303
exhausted and,0.10762686458583279
exhausting,0.1564008935099579
exhausting and,0.058870116870703655
exhibition,-0.03172256879923077
exhibition soul,-0.03172256879923077
exist,-0.0011671709181946955
exist and,-0.02427441755517892
existant,0.09669224533875566
existence,-0.01993050974039839
existence was,-0.02002562405427206
existent,-0.11289367618567413
existing,0.05861867734841744
exists,0.021146973997932972
exit,-0.0002879941252306971
expand,-0.12959506021274225
expanded,0.018679613388739812
expanding,0.05519367618360899
expect,-0.016356693822353836
expect at,0.06425587366637112
expect just,0.08485829196597934
expect the,-0.07040451167885209
expectations,-0.11389515088840467
expected,0.10508874023891529
expected this,0.05956183424111793
expected to,0.018307486887720652
expecting,-0.23573312212308425
expecting my,-0.09117845073193451
expects,0.0601725638031598
expects me,0.0601725638031598
expense,0.00592192716120009
expenses,-0.21139288123726532
expenses and,-0.0881296317092248
expenses like,-0.09708828704755543
expensive,-0.20540008841392388
expensive and,-0.016223161132823325
expensive city,0.07038974789387957
experience,-0.5846567817918039
experience and,0.05849027033361536
experience both,-0.0733085518409917
experience for,-0.12208704502208069
experience in,-0.1965470580633979
experience is,0.014424056688905175
experience it,-0.15177394019394538
experience most,-0.015192989443177988
experience of,0.04466910678870663
experience than,0.05718616311525862
experience thanks,-0.1280211450818786
experience that,-0.060844644780589305
experience they,-0.03172256879923077
experience this,0.01109932535642273
experience will,-0.020430901918932813
experience with,-0.031209456740696966
experienced,0.24375302427131415
experienced all,-0.09425545275834624
experienced anything,-0.017883530680955065
experienced as,0.04624594539292252
experienced in,-0.02313952287157235
experienced this,0.14845971418467738
experienced trauma,-0.026515077010720683
experiences,-0.2943367257994184
experiences and,-0.06600297903970137
experiences had,0.019767112314507625
experiences have,-0.012264938698757256
experiences in,-0.019352951218948724
experiences or,0.07827770491733085
experiences while,-0.03172256879923077
experiences why,-0.039640081437487575
experiences with,-0.26708106315439906
experiencing,0.17935498827036403
experiencing is,0.08535178831986714
experiencing the,-0.003451943062435586
experiencing this,-0.09596052875078352
expert,-0.12571673996041424
explain,0.22439833445118854
explain it,-0.06793973424527021
explain my,0.09711172176089325
explain that,0.013662548900566795
explain this,0.08460930647534189
explain to,0.11159337048714456
explain why,0.13714839211379046
explained,-0.15253890098526476
explained that,-0.01745642099221841
explained to,0.02350293628803692
explaining,0.07860708650657254
explaining that,0.054795345976286776
explaining the,-0.0741917089474459
explaining things,0.10221439575299697
explains,-0.1206204818822944
explains about,-0.04949784213867973
explains how,-0.04949784213867973
explanation,-0.05987436321817048
explicit,0.06868237394105102
explicitly,0.017742080120062637
exploded,-0.008205117415650874
exploding,-0.026462179867158868
exploitation,-0.027887641210426067
explore,0.05999550700549266
explores,-0.020430901918932813
explores the,-0.020430901918932813
exploring,0.04879906489231482
exponentially,-0.07211053907497927
expose,0.04963843285163076
exposed,-0.019911820758427942
exposure,-0.15550143048249532
express,-0.13036277986870043
express how,-0.0631668799107712
express my,0.08049865003947765
express to,-0.03172256879923077
expressed,0.10587642142676543
expressed that,0.11766763315362616
expressed to,-0.01072212762327014
expressing,0.10746242094667495
expressing it,0.04438176447421569
expressing my,0.07055767684545185
expression,-0.022646195117997186
expression of,0.007955368193539779
extended,0.11866840844369711
extended family,0.12213481610840449
extended periods,-0.03784330350768684
extension,0.0003767982134408076
extensive,-0.06413807730123955
extensively,-0.07454549028577549
extensively about,-0.07454549028577549
extent,0.04277252854694271
external,-0.11110484205501513
extra,-0.30193030422471306
extra hard,-4.295762194346495e-05
extra money,-0.029316383330594144
extra time,-0.05510362222658353
extreme,0.09775360353540265
extremely,0.28025284561758035
extremely anxious,-0.053588726470546376
extremely depressed,0.09780098791833525
extremely negative,0.07007157746979922
extremely sick,0.07680250040420057
extremely traumatic,-0.0022362325983921573
extremely well,-0.0997244843215551
extroverted,0.02153411419581676
eye,0.20808352226809307
eye and,0.09686749253805581
eye contact,0.0337515525823859
eye on,0.021893407282682496
eyes,-0.002406113256196209
eyes and,-0.05220880717362482
eyes out,0.08290018795307418
face,0.23278442817520245
face and,-0.04571198238168069
face as,0.04532986901437826
face during,0.09686903775171787
face from,-0.013453599080201665
face in,0.0038947086573296943
face is,-0.01435459258699635
face so,-0.022069437050320034
face the,0.016067572069782918
face to,-0.031336170209966374
face when,-0.11364580207848127
facebook,-0.19222309187630882
facebook and,-0.08321990125135753
faced,-0.22741916561987494
faces,-0.004718262233541486
facial,0.1829085439239052
facilities,-0.054617352804805855
facilities in,-0.06318390136461079
facility,0.10008013524809295
facing,0.16944670748762378
fact,0.32487728092150714
fact almost,-0.02104756220369511
fact have,0.08056974722790676
fact he,0.0808128928654533
fact is,0.07879663330320574
fact it,-0.052435300005067215
fact that,0.21505035991116336
factor,-0.12356483119628943
factors,-0.11677077660174523
factory,-0.020335183795082104
facts,-0.07373030160404073
fade,0.018582810774013414
fafsa,0.012269519562851437
fail,0.16052157087778224
failed,0.1987930058862866
failing,0.0676847020931536
failing the,0.08135447847133057
failure,0.07256201595567552
failure as,0.10329482583962904
failure to,-0.06957693334042768
fainted,0.08523418086138103
fainting,0.08523418086138103
fair,-0.12815058116969488
fair share,-0.043895473091233365
fair to,-0.06602180891147968
fairly,0.014092553287611378
faith,-0.10693327320686777
fake,-0.16833678260622262
fake it,-0.0352916779001376
fake ptsd,-0.07996473371485904
faking,-0.11379405140384126
fall,-0.3279438555107983
fall asleep,-0.05856522286239496
fall back,0.06674420567266452
fall for,-0.10155247572125696
fall in,-0.21006120058863387
fallen,0.03618869148179193
fallen into,0.06459081518826397
falling,0.22265370697708786
falling apart,0.08245956630217426
falling for,-0.07460904378993607
falling out,0.04095376655398098
fallout,0.014256045103447782
fallout of,0.014256045103447782
falls,0.040118861416241464
falls asleep,-0.08025603877414514
false,-0.049181609582365296
falsely,0.1356576688041207
familiar,0.01276864722407847
familiar with,0.1053206739947801
familiarity,-0.06893575744686478
family,0.2909322527374975
family and,0.11412026069498582
family because,0.08027508455072759
family but,0.16747115635164986
family doesn,0.03470190346287287
family don,0.10477528973764116
family for,0.1467728259930822
family friend,-0.048444235093928034
family has,-0.04129368119971871
family have,-0.02201807866173882
family history,-1.043805719528983e-05
family home,-0.06519834939269803
family if,0.00612579436837066
family in,0.10008165413384348
family is,-0.014405969141621806
family keeps,0.07396959218245122
family life,-0.04238659109301699
family like,-0.04475747229648178
family member,0.074539266337151
family members,0.06395878278134283
family my,-0.019093730173283384
family not,-0.12048595753618223
family of,-0.11049232122385332
family or,0.04936346372319482
family photos,0.01454662041811637
family reason,0.0657359134608534
family she,-0.13547340251697304
family so,-0.05336198617295215
family support,-0.008062270924157063
family that,-0.017417690379605576
family they,-0.005155834187433421
family to,0.1227199534584217
family vacation,0.010671413229188383
family was,-0.005805173022864805
family we,0.012915516905359421
family what,-0.021723197862054722
family when,-0.09379900886567762
family who,-0.06005333257403931
family with,-0.06932606390451954
family work,-0.0183225371048399
family would,-0.01264008368678741
fan,0.044887100261494964
fan of,-0.054269674963243614
fancy,0.0346633922353657
fantasies,0.035209049915711596
fantasize,0.0656830124562994
fantasize about,0.0656830124562994
fantasizing,0.08019207349616184
fantasizing about,0.08019207349616184
fantastic,-0.002210314206173279
far,-0.2677030151497257
far and,-0.05182458479191924
far as,-0.03539455221802193
far away,0.054946678600620524
far from,0.017762591552600838
far it,-0.13133360266868524
far more,-4.8199151154009384e-05
far the,-0.07911910203738848
far to,-0.09149421195783577
far ve,0.07401478679695492
far worse,0.05586701232885914
farm,-0.09542034553238389
fast,-0.023550919724305626
fast and,0.2167950972883322
fast food,0.021556576099015973
fast forward,-0.3061258637758023
fat,0.126744885415404
fate,-0.04162224287307944
father,0.0197717222362264
father and,0.03748426898913081
father but,-0.010483290055827144
father had,0.11099543698625053
father has,0.03329229114085538
father he,0.06521461926899694
father in,-0.1069202934644105
father is,-0.10969793208167912
father of,0.032853773060421164
father on,0.009553326545147216
father taught,-0.08210683914007685
father was,0.09420954126147525
father when,-0.012662904121850109
father who,-0.031235462331535426
father would,-0.04578565718641605
fatigue,0.047041631495970536
fault,0.46362886645996754
fault and,0.08639766893917661
fault because,0.07348765532854286
fault but,-0.029907566037590608
fault in,0.05000870043212393
fault she,-0.03793437500733419
fault that,0.07311021603206724
favorite,-0.31762819874702014
fb,-0.18270400712445473
fear,0.5938657808483416
fear and,0.07305664968403955
fear at,-0.10499876654152647
fear but,0.046898123302005025
fear have,-0.07996473371485904
fear if,0.07734993046936564
fear in,-0.22633009043289068
fear is,0.12034152815880861
fear of,0.4110045515653045
fear that,0.24479758818378533
fear to,-0.04018042164019396
feared,0.14251946992870634
fearful,0.0002968378063505658
fearful of,-0.05306772739145503
fearless,0.13871138531182328
fears,0.20836939093031617
fears and,0.022549206537039186
feat,-0.10509858479707104
feb,-0.09301565409655306
february,0.03164464023428058
february of,-0.0013861148118509696
fed,-0.18046883992495918
fed up,0.010479759106710037
federal,-0.09379109969662343
fee,-0.08015982920361327
feed,-0.07644819824662041
feed my,0.060779429322450555
feed off,-0.09508971280640004
feed them,-0.07436580393985916
feed themselves,-0.07378535716214671
feedback,-0.06007783514290453
feedback please,-0.07332809028467328
feeding,-0.013962047610121828
feeds,-0.0071721698849815255
feel,2.2911829103408996
feel about,0.003562994610670966
feel afraid,0.044076234399430356
feel alone,-0.048286271169686194
feel and,0.025500170749135173
feel angry,0.07366442281302091
feel any,-0.0017663613397509836
feel anything,-0.03489021231325392
feel as,0.27970860638830725
feel at,0.04366929103130062
feel awful,0.1798733071631712
feel bad,0.04979731501262493
feel better,-0.008879391746321576
feel can,0.09514554276022297
feel comes,0.044783699728152236
feel comfortable,-0.07086331245310025
feel conflicted,0.08498914295313466
feel depressed,0.06574090206101973
feel emotionally,0.05449222094238673
feel even,0.07398398755773135
feel fear,0.05414941912818771
feel free,-0.4042265487962549
feel good,-0.20869089233984303
feel great,0.06613254679307834
feel guilty,-0.009010538721112946
feel hopeless,0.06533728144379332
feel horrible,0.03605039495103437
feel immense,0.06651073778452987
feel in,0.07736721125684974
feel intense,0.1170570846305759
feel it,-0.036466441693874155
feel just,0.054030774034886285
feel kind,0.041263264082710346
feel kinda,0.06321612263995073
feel less,-0.12271805352557977
feel like,1.2731967048679385
feel lonely,0.04950971957413941
feel loved,0.08000023811838906
feel more,-0.001137982755187845
feel my,-0.09816626072687093
feel nauseous,-0.036561178381642634
feel nothing,-0.012763730427670374
feel on,0.1469867332686183
feel pressured,-0.028731320102144443
feel pretty,0.04552673828740465
feel really,0.07413829138624911
feel right,0.05964916386260848
feel safe,0.2699320088397035
feel scared,0.07690795816293697
feel she,-0.05188151595999381
feel sick,0.0810152445845251
feel so,0.804712653035202
feel some,0.06229931746972798
feel terrible,0.09880355154169738
feel that,0.22351328512972088
feel the,0.07299346219747563
feel they,0.02460982041974249
feel this,0.09250051267397283
feel too,-0.015445424589966965
feel trapped,0.06539999218680713
feel uncomfortable,0.10723426528907706
feel useless,0.06736097661792505
feel ve,-0.07888384467825005
feel very,0.10061237036500818
feel weird,0.01825877394317065
feel when,0.044364771696360016
feel with,-0.008740851630160786
feel worse,0.1116624913083029
feeling,1.1189017854757393
feeling and,-0.10256584859457958
feeling anxious,0.12721943617695877
feeling awful,0.09846153685495854
feeling bad,0.05126639302451058
feeling but,0.1348356113132627
feeling can,0.06038894399199851
feeling extremely,0.010909853012183997
feeling fine,-0.00503946120686831
feeling get,0.057876071356351866
feeling good,-0.15270392031256536
feeling guilty,-0.002284112835552782
feeling in,0.15238106380647728
feeling is,0.07369429680938813
feeling like,0.29791323430143274
feeling more,-0.13289979227807305
feeling my,0.06048974449886307
feeling of,0.21486430517665847
feeling on,0.06501758818928279
feeling sad,0.14303472777836682
feeling sick,0.05475428746966164
feeling so,0.052187864957749026
feeling that,0.09650048841122714
feeling the,0.037141383245537694
feeling this,0.045414715146040376
feeling very,0.013123054268413295
feeling worthless,0.018798327894177107
feelings,0.5532268859112125
feelings about,0.0657557773866889
feelings and,0.16214749642110296
feelings are,0.04893328754145383
feelings but,0.028085240784390317
feelings for,-0.23020576239824675
feelings have,0.0400739280385922
feelings of,0.18430475257923276
feelings on,0.13190614605218323
feelings were,-0.08481398012901992
feelings when,0.06879753091019492
feels,0.623210651784047
feels amazing,-0.10517476360692575
feels as,-0.02029236206019711
feels just,0.1548285601290596
feels like,0.6004596214450925
feels really,-0.06763310600874002
feels so,-0.06290177125443087
feels this,0.06898952409615004
feels very,0.0671351899716922
feely,-0.02274764162578711
fees,0.01629182567472172
feet,0.0541450229793861
fell,-0.048531972826937116
fell apart,0.04847906914352883
fell asleep,-0.15563041993465143
fell in,-0.03531969460285347
fell into,0.053365628686444205
fell out,-0.08073646165311549
fellow,-0.14231783025511444
felony,0.1020004731649446
felt,0.4759795773993899
felt all,-0.005471548233108177
felt comfortable,-0.005938560601206318
felt had,0.0758147609117783
felt ignored,0.0022501658215336373
felt in,0.022091770592755265
felt it,-0.14092149490507913
felt like,0.31682961946567634
felt much,-0.11041291206320891
felt my,0.0975918118536042
felt off,-0.00048813739242813104
felt pretty,0.08062717453157997
felt really,-0.004737236233408779
felt so,0.224690779843845
felt that,0.06290766076343215
felt the,0.10926258225578798
felt this,-0.23608910962072935
felt threatened,0.025426742231070897
felt to,-0.006302012437649904
felt was,0.07514956475198221
felt weird,-0.09181997458632445
female,0.0028982118033456018
female and,0.0923342174372882
feminine,0.02779171719765463
feminine products,0.02779171719765463
fever,0.08214681136659253
few,-0.33859363103489515
few days,0.31626435403356484
few friends,-0.10617835019190168
few games,-0.12107023200597626
few hours,-0.04721899116460472
few hundred,-0.058456076243655515
few important,-0.03571177968025058
few minutes,-0.06922506691327361
few moments,0.09314571852811017
few months,-0.3400059588368734
few more,0.044937140514760374
few nights,0.00842872094665539
few of,0.02099026537901432
few other,0.13006006466440698
few panic,0.016917089606850094
few people,-0.029834264977241155
few seconds,-0.002774773319159616
few things,0.09054588259401912
few times,-0.11531028197932303
few weeks,0.06420230874080193
few years,-0.15402566578092586
fewer,-0.11527554212643293
fh,0.011944985101617437
fiance,0.21672486622329418
fiance is,-0.003734232774357867
fiance was,-0.012315899903837798
fiancé,0.13245166608048373
fibromyalgia,0.04096254692454322
field,-0.28074306956811707
field that,-0.07068118062872963
fields,-0.10414237613917282
fifteen,-0.031421172609250876
fifteen years,-0.020989425693413024
fight,0.2631090187175125
fight and,0.16048236656405918
fight at,-0.005949124127892575
fight back,0.03583869596564082
fight the,-0.054771167249765884
fight to,-0.017089978519663568
fight with,-0.010244074510615724
fighting,-0.2848099994007393
fighting all,-0.012324723838226746
fighting but,0.04786861536426577
fighting for,0.03789193076571038
fighting it,-0.1623496257263578
fighting off,-0.11895386932528874
fighting with,-0.07917384432409959
fights,-0.11065149529467395
figure,0.08348314763973794
figure it,-0.12175583435477519
figure out,0.12937094539022995
figured,-0.3223623005666133
figured he,-0.07457699903841372
figured out,-0.19243521739194588
figured that,-0.024281072912151924
figuring,0.12186447877755781
figuring out,0.16309046045084294
fil,-0.0325234454240581
file,0.12263121252446142
filed,-0.1043947968201127
filed for,-0.065729183237008
files,-0.05932012658204994
files and,-0.05427865834755191
files is,-0.009168844028521667
filing,-0.1137118998774727
filing claim,-0.07996473371485904
filing for,0.003156101114675329
fill,0.13050878131818897
fill out,0.04499560110295584
filled,0.06765716683094969
filled with,0.13644624340029846
film,-0.1337547261739846
final,-0.09660297162827174
final year,-0.002555464624458077
finally,-0.6317767333424652
finally at,0.035887580005010015
finally decided,0.010640488555611881
finally did,0.08463063906376467
finally get,0.04271961229915064
finally getting,-0.07065918162199644
finally got,-0.033117815135266473
finally had,0.018141842833112782
finally have,-0.10519151454127135
finally managed,0.07821708523106816
finally over,-0.03408873225771014
finally stopped,-0.09755134003444768
finals,-0.08724521754381735
finance,-0.0066527157038641085
finances,-0.13294961524862575
finances and,0.052081142790741795
finances are,-0.12030459254023983
financial,-0.14245182434197656
financial help,-0.10844042062040996
financial issues,0.05479263819243287
financial situation,0.03468449087586775
financial support,0.04589349831318027
financially,0.09685907017022338
financially and,-0.001942764298993573
find,-0.24919151075492008
find an,0.033910703156199457
find another,-0.022055670746281893
find any,0.12385516695059653
find anything,-0.014238074326588865
find help,-0.009105300180691573
find her,-0.13037615324601842
find him,-0.013355012548497145
find it,-0.12248869189840872
find job,0.09414977606308006
find link,-0.027547453310445995
find love,0.06533728144379332
find member,-0.03074105019184583
find my,-0.012016073152199718
find myself,0.3122843740958256
find new,0.11476087761949946
find one,-0.030669135820262428
find out,0.15165903305244335
find place,0.23442636902977046
find room,0.08580513407427554
find some,0.04625249914739035
find someone,-0.14267639933042778
find that,-0.04917455495255027
find the,-0.08813168811127547
find them,-0.11706169916040618
find way,-0.023319175937588022
find your,-0.08211984368874216
find yourself,-0.10650467306924184
finding,-0.06410178849110611
finding it,-0.008780519407294912
finding myself,0.0655195903540416
finding new,-0.01407416761206272
finding the,0.09644663281282595
findings,-0.055599345351531874
finds,0.012657250291702955
fine,0.026479363368436145
fine and,-0.07487118050606034
fine but,0.10473836423844611
fine don,0.016828622778586884
fine he,0.05238201332207175
fine if,-0.03240101352879397
fine just,-0.00487440642581251
fine or,0.010399137990539284
fine she,-0.03230543459487269
fine the,0.05155052806806927
fine until,0.07357444690875171
fine with,0.01984875973054677
finger,-0.07650849671479892
fingers,-0.05597640249963503
finish,-0.14279861811778258
finish his,-0.10013719541403653
finish my,0.03297990705722102
finish the,-0.08637306907499587
finish them,-0.12715075673607257
finished,0.05155354978039658
finished my,0.0955753492984001
finishing,-0.1525276255622232
fire,-0.22219924482414893
fire in,-0.003196240663814313
fired,0.11632734304369068
fired for,0.0943342998319073
firefighter,-0.08332843401896539
firefighter and,-0.08332843401896539
firm,-0.09647961487324393
first,-0.9151276883345217
first and,-0.10570244958848146
first boyfriend,0.06959602990308844
first but,-0.07838450429412153
first couple,0.028473926528991382
first court,-0.011365204595454741
first day,0.11379947109515745
first diagnosed,0.06169095893923678
first few,0.017622690702771497
first girl,0.010711794937886567
first glance,-0.08664714267672523
first hand,-0.09865447592448
first in,-0.08452165422538332
first instinct,-0.038611490934514686
first is,-0.06471859352591512
first it,0.017016902292090963
first job,0.10197102631687181
first kiss,0.012875221575630756
first language,-0.12297197730654422
first love,-0.07903948737188142
first met,-0.1551899224413147
first month,0.05192751730384112
first months,-0.09409262036050231
first name,-0.11833203708776752
first night,-0.10911800070037934
first of,-0.11955027515603776
first off,0.006463069687888447
first one,0.0739784813520264
first paycheck,-0.07929782035132818
first person,-0.11237804589339415
first place,0.17263719601265684
first post,0.1343513564102213
first relationship,-0.04428588940768354
first responder,-0.09445300897368267
first thing,0.05833350900821541
first thought,0.04736946642948255
first time,-0.3429465228473049
first two,0.006837227452028091
first was,-0.020841105441353404
first week,-0.06943611484844174
first year,-0.02501753426120106
fishing,-0.15749181885200064
fist,0.07026500826341212
fit,-0.02990977786524208
fit and,-0.05043840685275837
fit the,0.06224163126104222
fitness,-0.094846038486078
fitness and,-0.10843314752344484
fits,0.12444471046996619
fits all,0.08827165631221372
five,0.019667196352093762
five minutes,0.03754197097852985
five months,-0.12307616769301208
five years,-0.032544946669534815
fix,-0.018269901992794064
fix it,-0.0073399145093664755
fix my,0.16961185719883992
fix myself,0.04972978503433654
fix this,-0.0657564583857839
fixed,-0.2248296737202306
fixed income,0.13384552280097797
fixed it,-0.08440518829424837
fixing,-0.21675213577082228
fixing that,-0.11972730806899626
flag,-0.12828808411533407
flags,0.10512893549496082
flare,0.06126195264535357
flares,0.020921961775083032
flares up,0.07671862797566711
flaring,0.0050159396718594245
flaring up,0.0050159396718594245
flash,-0.025182070198685593
flash backs,-0.0194540581611372
flashback,0.2438574342379035
flashbacks,0.3167763867907541
flashbacks and,0.1687447981547195
flashbacks from,0.052471128275711314
flashbacks my,0.08877057198111102
flashbacks of,0.09943427746119733
flashbacks so,-0.09312638875020113
flashes,0.1063279660468996
flat,0.06914832008915939
flat broke,0.07766337632675734
flat out,0.02332279491505284
flat we,0.0015153895212671733
fleas,-0.03575280461502594
flee,0.07685862001691066
flew,0.07702996687735869
flight,0.021291518421994192
flight to,-0.014719974968810933
flights,0.10159400331474039
flings,-0.026224108852004734
flip,0.012510501522903724
flipped,-0.0038385374505849586
flipped out,0.0028366168442239595
flirt,0.01735511231224179
flirt with,0.01735511231224179
flirting,-0.179172215523695
flirts,-0.10470454867654119
floor,-0.010476284493892726
floor and,0.07057124851694388
floor of,-0.02884903861890829
floored,0.056965026720961556
florence,0.019255405678069014
florida,0.0373363367168837
flow,-0.09111683663080793
flu,0.06957901213636944
flush,0.07901760117443657
flushed,-0.11465716946394648
fly,0.09576438628305073
flying,0.08286856596236511
focus,-0.31523758873105107
focus at,0.04566097056212281
focus is,0.025728304340269813
focus of,-0.11756673998716921
focus on,-0.19583631631157478
focused,-0.10488238354998444
focused on,-0.05091292937662866
focusing,0.025069290058531483
focusing on,0.020333178814631467
foe,0.04343250162949221
fog,0.11221815101375386
folks,-0.05045349816445712
follow,-0.08942488368713819
follow up,0.052002924863152486
followed,0.14121035414890323
followed by,0.1565114922160621
followed her,-0.08241757920224643
followed through,-0.1069452136275735
following,0.011065925764625615
following format,-0.06957693334042768
following this,0.005780458857751691
follows,-0.09614499932670563
food,-0.7412260946573057
food and,-0.12990930139517684
food bank,-0.14799044906506975
food banks,0.052660152281268954
food but,-0.08091071682038296
food for,0.015587371070504062
food in,-0.06636194064445552
food or,0.02891977265340304
food stamps,0.12210923597594117
food we,-0.06085144682710645
foods,-0.0844016610583415
fool,-0.08320377919723224
foot,-0.0023082561048753305
foot down,-0.09956948857550478
football,0.09231293180735282
for,-1.0666646625693972
for 10,0.042336802828839865
for 15,-0.10029696059852077
for 20,-0.06032074909204664
for 30,0.10333523439930895
for 50,0.03670553517610807
for about,-0.03349428581171485
for advice,-0.06757336111180241
for all,0.060322586545761996
for almost,0.06526486734114495
for an,0.1617038449508794
for and,-0.08963355526775384
for another,0.1672481924247167
for anxiety,0.06698136130692485
for any,-0.14933183920584467
for anyone,-0.05216782808545514
for anything,0.10521170418291571
for around,0.09082724921705973
for as,-0.002899610145675172
for assistance,0.13326093682679394
for at,-0.16386983480953468
for attention,0.0631439933008523
for awhile,0.07241954803067939
for being,0.05503570571972149
for better,0.026936445476438437
for bit,-0.20263927453172415
for both,0.0681145139874591
for breakfast,-0.09881418316053812
for breaking,0.08985934296522584
for but,-0.24327168765078327
for certain,0.08211843347980756
for chance,0.003036508868193244
for change,-0.0700468614355831
for charity,-0.07953039968269082
for cheap,0.017706386380731756
for children,-0.06344655985940369
for christmas,-0.023786754046078898
for couple,0.01718412599934112
for customers,-0.09190801638202858
for days,0.07971021209298214
for decades,-0.1152527768314094
for diagnosis,0.07478873367055187
for different,0.013184686088009216
for dinner,0.012989294189297614
for disability,-0.004941392803155584
for divorce,0.004462373745702856
for doing,0.1838702933582416
for domestic,0.020524123504216032
for drinks,-0.033786180452363514
for each,-0.05026774965974351
for education,0.02166486709463188
for everyone,-0.2098852554586508
for everything,0.11280961193664248
for example,0.015433630885279565
for extended,-0.03784330350768684
for fact,0.020126309565050664
for fear,0.09614417434213865
for feeling,0.15155859542981115
for few,-0.002179189394605375
for finding,-0.0619666220268527
for food,-0.15015473669931664
for free,-0.026336765091950605
for full,0.08580513407427554
for future,0.08870843010918553
for general,0.07092715157613359
for getting,-0.09033657505864975
for girlfriend,0.09102786428882027
for god,-0.03324639062715784
for good,-0.11689709013742378
for groceries,0.10607025101669036
for half,0.01987436684629548
for having,-0.21206718593554108
for he,-0.08415179003965817
for help,0.45571031207339097
for her,-0.2677909914108118
for herself,-0.006787995580058388
for him,-0.057078342847353525
for himself,-0.003725938169314271
for his,-0.1865264916617044
for hours,0.16886304243886185
for how,0.012290325887524912
for in,-0.04110246684871276
for instance,-0.040087873032346275
for is,0.08281771132606025
for it,0.10497660948180831
for its,0.05113775584424272
for job,-0.14402144870483088
for jobs,0.0096024875100555
for later,-0.08348089943802102
for less,0.15901435814590034
for let,-0.03832236404144581
for letting,-0.005111746406739543
for life,-0.000517381854757261
for like,-0.06615594153483718
for listening,-0.011443558417187144
for little,-0.255304558997532
for loans,0.09556704920056794
for local,0.11159628443364156
for long,0.007929816294014382
for looking,0.024405707234915714
for low,-0.10948688345530307
for lunch,-0.09716001488409905
for making,0.047871947530571564
for man,-0.03594377534984448
for many,-0.03635567674081686
for may,0.01650403878103881
for me,0.20833504732052158
for men,0.026665741935069664
for mental,-0.01178980896162966
for minute,0.11235299950446767
for money,-0.005419067794488396
for month,-0.3119763494640077
for months,-0.30981322749415563
for more,-0.11355794455292904
for most,0.11015713472391195
for my,-0.38410754769641
for myself,0.061332612953835824
for nearly,0.05067169618173473
for new,-0.06777815246831616
for no,0.17915134389032344
for not,0.09779221057154382
for nothing,-0.08314398417365122
for now,-0.14416847319835008
for obvious,-0.15485258647560066
for once,-0.027704649954681877
for one,0.018231338622170176
for or,0.052540131079710596
for other,-0.0041045184782752655
for others,-0.08907269147000568
for our,0.23214479422230133
for over,-0.06096453806340445
for panic,0.0821721731162345
for people,-0.38560733125340907
for poor,0.09756563786189831
for position,-0.00517026303821081
for ppd,0.012809380363507329
for ptsd,0.021359438098938272
for quite,0.03291145929694155
for reading,0.16857792896164034
for reasons,-0.004233484292924057
for rent,0.0845446702601012
for ride,-0.03395951214556445
for roommate,0.08580513407427554
for scholarships,-0.07993168618283461
for school,-0.009712813578505158
for second,-0.06753474597311614
for separate,0.004995135186516095
for services,-0.09113272372714426
for several,-0.09016792510445673
for short,0.0025053748156301176
for six,-0.035604609727553735
for small,-0.038824013563185454
for so,-0.12562458223387335
for social,0.005047646560409389
for some,-0.17388250881056083
for someone,0.03971657769958023
for something,-0.17179293789584135
for speaking,0.10505964489818682
for story,-0.0395484419386061
for such,-0.03690907674242206
for supervised,0.09147260433682472
for support,-0.12819738848448545
for sure,-0.016915907508585484
for survivors,-0.06842702631741841
for sympathy,0.1381711428783527
for taking,-0.04931987134268588
for ten,-0.004199635521245743
for that,-0.17408817189366854
for the,-0.7382071131019924
for their,-0.021878195091162872
for them,-0.12340137899204805
for themselves,0.11216655747626943
for therapy,-0.09050341626491559
for things,0.13160537396763228
for thinking,0.04281226986737079
for this,0.028604041547245662
for those,0.053729588526896965
for three,0.024368879755294923
for tom,-0.03301385731274235
for too,0.12634084857637087
for treatment,-0.1461578788572203
for trying,-0.019952414700609922
for two,0.08477550175845272
for university,-0.06332773768840365
for us,0.05304401199042076
for variety,-0.04509382103789202
for various,-0.09130662772488737
for very,0.010881783348544104
for walk,-0.03199399526422582
for ways,-0.015090987223907813
for week,0.019182252861146033
for weeks,0.14857416418226882
for what,0.07794805793675626
for whatever,-0.10918033313848848
for when,0.053213527621221654
for while,0.07742274529826362
for winter,-0.04036104615066394
for wmu,-0.04509382103789202
for women,0.1360177670218025
for work,0.08772576923488515
for writing,-0.06581638952823995
for year,-0.1335275957608806
for years,0.15563085349664837
for you,-0.008209461045107422
for your,-0.17062644714294203
for yourself,0.036599307724077004
force,0.09774012870276629
force me,0.07113001375043694
force myself,0.0631667792581101
forced,0.356862110105279
forced me,0.16224851951654043
forced to,0.04310985891789408
forcefully,0.0925988855510671
forces,0.0090151750737554
forces me,0.051416648017701516
forcing,0.09506194704907557
ford,0.08681666200264015
foremost,-0.11269199096528675
foreseeable,0.08079484760907829
foreseeable future,0.08079484760907829
forest,-0.07116307148948808
forever,0.22772694653493422
forever but,0.07258660690856944
forever is,0.06616278431585056
forget,-0.13814976173034643
forget about,0.00468531357589727
forget the,0.018594075492315322
forgetting,-0.03645374440920477
forgetting to,-0.022135138949372506
forgive,0.26185537368665157
forgive him,0.05485714312470294
forgive me,0.1268752480446492
forgiveness,-0.10546689796821954
forgiving,-0.13220301975062357
forgiving and,-0.10701319662215483
forgot,-0.038467341900348985
forgot to,-0.10858990537785027
forgot where,-0.08445329552780403
forgotten,-0.03147616362330771
form,0.034752298133991756
form explaining,-0.04457371702293766
form for,-0.054373425224801666
form of,0.2716916565471324
form you,-0.04457371702293766
format,-0.06957693334042768
format failure,-0.06957693334042768
formatting,-0.02333404334754245
former,0.16181320868194307
formerly,0.06742718422160712
forming,-0.051793089264964454
forms,0.27043440628670684
forms of,0.1142236872286183
fort,-0.10537939650495658
fort worth,-0.07940667065596894
forth,0.10538024205291019
fortunate,-0.08750848512708431
fortunately,-0.1008329821305621
fortunately the,-0.09896681636398491
fortune,0.10324311446655303
forum,-0.11403399585394378
forum and,-0.03074105019184583
forums,-0.11521411332413822
forward,-0.2585158191493807
forward and,-0.1111467445014216
forward in,-0.015440479853478814
forward she,-0.020391858841649787
forward to,0.009125381853976794
forward with,0.07145201124414535
foster,-0.1572316991530219
foster care,-0.10039200945115666
fought,-0.06572704655544949
found,0.025006586292921063
found an,0.08275649304417762
found anything,0.13415753229049054
found friend,0.05362636869514095
found funny,-0.0605061454050651
found her,-0.026664183559553186
found him,-0.11972311846474315
found it,-0.18657918891361194
found me,-0.04684128420188718
found myself,0.13109548495090134
found out,0.34326765125695363
found some,-0.1181608609308239
found that,-0.03307989007497
found the,-0.14633041042445677
found them,0.0125314163037112
found themselves,0.0209917013253191
found this,-0.15554864099260368
found to,0.07490598105651446
foundation,-0.09973370693634767
four,-0.011285943637767769
four days,-0.04940641544662302
four months,0.005225579777333787
four of,-0.05857767503189632
four online,-0.03571177968025058
four therapy,-0.04509382103789202
four year,0.07819006934598889
four years,0.051160766024004344
fourth,-0.016438408711453377
foxnews,-0.07996473371485904
foxnews site,-0.07996473371485904
fragile,0.029775037417760657
frame,-0.0787191100616916
frankly,0.09300553273182063
frantically,0.13506443864414125
fraud,0.0717435260213384
freak,0.2225310233693048
freak me,0.08991923278476918
freak out,0.1172200262089667
freaked,0.014433409392634763
freaked out,-0.06196315813603757
freaking,0.2678693082065577
freaking out,0.23231029062717692
freaks,0.07277102064280112
freaks me,0.07277102064280112
free,-0.7895212856606615
free and,-0.10406327346115235
free by,-0.13026827902298382
free of,0.012959351434937524
free time,-0.12024598501717211
free to,-0.4164147645411625
freedom,-0.13926900740782885
freelance,-0.04735886204955074
freely,0.018062748013812732
freeze,-0.04280357633466282
freezing,0.024790236145589072
french,0.03706548623312489
frequent,-0.007361509564874309
frequently,0.18838307662216075
fresh,-0.34766548565856326
fresh start,-0.16085685295475832
freshman,-0.0424663351336526
freshman in,0.005497680694060682
freshman year,0.026484269931110953
friday,0.24191177167081354
friday and,0.05651336802843336
friday august,0.08580513407427554
fridge,-0.1323873772424706
friend,-0.5006456977904854
friend and,-0.14124595183042005
friend back,0.011187175463952254
friend but,-0.03268419158340854
friend from,-0.10164958399770549
friend group,-0.13595328589119607
friend has,-0.06207090572580332
friend he,-0.06062142708772672
friend house,-0.12754803417663535
friend in,-0.06565508618933627
friend is,-0.018940225902788002
friend let,-0.0706636080936099
friend lives,-0.003166929869902167
friend love,0.11270579041582669
friend my,0.0107687919587609
friend of,-0.12195825202371566
friend she,0.09763927719079393
friend since,0.01682914267413171
friend that,0.09243439312636617
friend to,0.01492313453626557
friend was,0.0683294846243785
friend we,0.029064327830624688
friend who,-0.043778468474933975
friend with,0.012112150651146151
friendly,-0.07146427242262032
friends,0.11586294855382777
friends about,0.004939586113761665
friends after,0.03301600902638357
friends and,0.021972662311402224
friends anymore,0.052901023925161085
friends are,0.19570657967527275
friends at,0.07142377221259419
friends because,-0.007141546796430675
friends but,-0.05624709362919088
friends constantly,-0.05972936618520026
friends didn,0.109119410564874
friends don,0.09205951179363013
friends family,0.023236088625425994
friends for,-0.10771847189463875
friends from,0.022500550881573055
friends have,0.13308573974772675
friends he,0.05159288202069637
friends house,-0.07449193501865026
friends husband,-0.02003233288008238
friends in,0.1334525747278023
friends is,-0.022509691050291478
friends living,0.03465096528412254
friends offer,-0.010855964932903792
friends on,0.0021240102110216307
friends once,0.05758349744909019
friends or,-0.06178795111375893
friends over,0.016494922846312935
friends see,0.0779068986394527
friends she,-0.08739501452071335
friends since,0.0206892815205393
friends started,0.1017247938152115
friends that,-0.0470744898357043
friends the,-0.05682623315071948
friends this,0.008625038444861042
friends tl,0.0922415954293717
friends to,0.20787448352118296
friends ve,-0.029829938316692665
friends was,-0.0741050959260325
friends were,-0.05288573952766344
friends what,-0.027595238856618166
friends when,-0.08358331792724441
friends which,0.09032413114632128
friends who,-0.1687390218346117
friends with,0.09584125331215688
friendship,-0.11354868518521055
friendship and,0.08006790498597742
friendship so,-0.027585007584995755
friendship with,-0.017635798903901222
friendships,0.08003150619215554
friendships with,-0.041683047279254405
friggin,-0.007816596840662427
frightened,0.09647827393518214
frightened of,0.06544105644225268
frightening,-0.005383852289775743
from,0.5029142844077041
from 10,-0.041235378185631215
from all,-0.02617173398109361
from an,0.030280836135854142
from and,0.029656778101930435
from anxiety,-0.034570932771006674
from any,0.1445579025613267
from anyone,0.09501538326564686
from behind,-0.043216648522734054
from being,0.09891421576977329
from but,0.006268235484556644
from chronic,0.11120486978983658
from college,-0.07186511505582222
from depression,-0.004066493459560937
from different,-0.01003810422401675
from doctor,-0.043758723828397676
from doing,-0.004406485762998305
from dss,0.07852904104606757
from each,-0.011639495159887553
from everything,0.07843981958907988
from family,-0.03602437573507063
from feeling,0.028541267428337284
from friend,-0.041642052501406304
from friends,-0.00034367751560905856
from getting,0.09158316522567236
from going,0.08054241794240742
from happening,0.07279044792826823
from having,-0.009449960323220815
from her,0.015501195530786462
from here,0.06463490838138848
from high,-0.048620141031683814
from him,0.6580200836012825
from his,0.14378394042844844
from home,-0.016232015855095802
from india,0.00011852329482940659
from infancy,-0.04949784213867973
from it,-0.03335339126673405
from just,0.09736354899718958
from lack,-0.04525960589137394
from local,0.11163649383778751
from lot,-0.0038856914862766354
from major,0.09973165494079847
from me,0.22157391124007886
from most,0.057926338995210575
from my,0.0841761672842658
from now,-0.058248063665542006
from one,-0.000981287427629809
from other,-0.014426900693891867
from others,-0.06769943855308302
from our,-0.05560073647090169
from panic,-0.017713443064274005
from past,-0.008194354135416316
from people,-0.08919632121310102
from place,-0.09070822579960466
from professional,-0.039640081437487575
from ptsd,0.08451113602088761
from rape,-0.049802517528411534
from school,-0.016154647922196008
from some,-0.06933529774353739
from something,0.021348398326628104
from suicide,0.08351701573312549
from that,-0.042503339218479416
from the,-0.06110801237975219
from their,-0.05041277572614202
from them,0.07238607489530223
from then,0.07336729154520441
from there,-0.025828461125043705
from these,-0.0628762503111322
from thinking,0.03299749990063955
from this,-0.17998260904156513
from time,0.07382360970071826
from tinder,0.027933908239376262
from to,-0.07458050655189644
from treatment,-0.04509382103789202
from us,0.14561338366262316
from very,-0.022337365717583064
from what,-0.0384907082869753
from when,0.0037325960473956884
from where,0.0659752450909804
from work,0.1527025826255266
from years,0.011669614106617047
from you,-0.05801674404006612
from your,-0.10450447369843514
front,0.1651917059626631
front door,-0.09816321963991291
front of,0.2512829871163103
froze,0.1469038372872187
froze and,0.08165550520452222
frozen,0.15033629207786817
fruit,-0.010338304596116437
frustrated,-0.055499391841550456
frustrating,-0.1390626835553535
frustrating because,-0.03136972927055842
frustration,-0.022700510437726064
frustration and,0.008537816290292672
frustrations,-0.13023499751934206
fuck,0.5435394241757222
fuck about,0.04438176447421569
fuck and,0.08948990602729388
fuck is,-0.0377948704546575
fuck it,0.024098842156698854
fuck me,0.0488010570757184
fuck out,0.07758406821483682
fuck up,0.14227513376725442
fuck you,0.2782014970364361
fucked,0.19487893433780293
fucked up,0.12255428619034929
fucking,1.2249458035445102
fucking day,0.001986931029311305
fucking hard,-0.010709537520504893
fucking hate,0.12385467397620484
fucking reason,0.09633051115372485
fucking thing,0.14461859737126878
fucking up,0.07017255725214185
fuel,-0.1543317367089026
fueled,0.07230664992261991
fulfill,-0.10796661063089767
fulfilling,-0.015894253062010717
full,-0.05467209936232377
full blown,0.04001844559804616
full houses,0.08580513407427554
full name,-0.0395484419386061
full of,0.005814211921691677
full on,0.06361489728308804
full steam,-0.039265654867454
full time,-0.02517600998395814
fully,0.24252362627625773
fun,0.16698953263768426
fun and,-0.04191040590866398
fun at,-0.05969954670385546
fun but,0.018531494765072147
fun of,0.14535013303931854
fun to,0.070630344260415
fun we,0.0018831646739349479
function,0.27456768302169937
functioning,-0.019793796535291827
fund,-0.017808916011958928
fund me,-0.09589717703157603
funded,-0.07784946756823592
funding,-0.013860403142942603
fundraising,-0.09900812106479731
funds,-0.07486845019772471
funds to,-0.06872430387764687
funeral,0.17561085992869788
funk,0.08207627750082322
funny,-0.1419745526951248
funny and,0.03323133900974833
funny at,-0.0605061454050651
furious,0.19615137126725296
furniture,-0.10002603880776159
further,-0.1348464298681508
further than,-0.004373527237317526
future,-0.02698081140534834
future and,0.1206621392356624
future as,-0.003758774632498361
future but,0.08137431160362177
fwb,-0.06546764587892835
fwb that,-0.06589914647739595
gad,0.13238537751784654
gad and,0.11775812569081957
gain,-0.019693543538329188
gained,-0.05577225433037482
gambling,0.15411936390452616
game,0.039376511496494716
games,-0.19283228148242906
games and,-0.07554159479261775
games with,-0.10241919294553778
gaming,-0.0029014502442694977
gaming and,-0.014138327512987147
gangs,0.09194195455973525
gap,-0.02275738736734293
gaping,0.02270411840498325
gaping wound,0.07239571264296026
garage,-0.1323362133399317
garbage,0.13614775326848394
garden,-0.02952594860978546
gas,0.04412818293559013
gas and,0.1333563746630905
gas money,0.014134694894563569
gas to,-0.048401629736910125
gaslight,0.06785905200079585
gaslight me,0.06785905200079585
gaslighted,0.06144064612970087
gaslighting,0.0813503648472876
gather,0.08109600130744068
gathered,0.03416974458004856
gave,-0.31085614720106897
gave birth,-0.11482793465604844
gave her,-0.14370383203071982
gave him,-0.08063327350823192
gave it,0.016499300939376346
gave me,0.03402809204453926
gave my,0.005717129310530749
gave myself,-0.1440651341877216
gave shit,0.05158584839873342
gave some,0.059995475761984565
gave the,-0.09826790100082924
gave up,-0.024023595627434887
gave you,-0.02921530124171524
gay,0.021249822373569326
gay and,-0.0064446037413567045
gaze,-0.1380191542096149
gear,-0.09447120009151791
gear and,-0.029573294099657813
ged,0.07769611564840129
gender,-0.06459226129345176
general,-0.05243927305074625
general anxiety,0.08412951419554633
general mental,-0.05581193537247974
general not,-0.0226959091180173
generalized,-0.08969639208207122
generalized anxiety,-0.08969639208207122
generally,-0.020048436673876194
generosity,-0.0537016117302849
generosity of,0.012434947977249861
generous,-0.12333705642039969
generous and,-0.0076186657701137715
genitals,0.07356795625068473
gentle,0.011344287935754411
gentleman,0.10363681098972097
gently,-0.009903608284858752
genuine,0.026783596321573663
genuinely,0.014610292111348436
genuineness,-0.08357142364396773
germany,0.0019618093403507564
get,0.8318834874577973
get advice,0.016254227638259525
get ahead,0.01913053489550756
get all,-0.09675229754422217
get along,-0.24405630944318615
get an,0.1207772698310203
get and,-0.08835494856131985
get angry,0.14464954655991105
get another,0.06800760667159207
get anxious,0.15672804407442142
get any,-0.049226624824934104
get anywhere,-0.009164393571926738
get arrested,0.08008255913102756
get at,0.026991931195536938
get away,0.2376321929469149
get back,-0.12877313489465486
get better,0.06322602348482216
get bit,-0.14617518280969377
get by,0.07286007299852307
get depressed,0.09003398774876128
get done,0.050363176855403625
get drunk,-0.03128584858018311
get enough,0.02754002914226594
get everything,0.09763710082804247
get extremely,0.05110917563662523
get fed,-0.06849833129700443
get fired,0.020403425431998537
get flashbacks,0.1257005088955906
get fresh,-0.16085685295475832
get frustrated,0.051841280697854486
get furniture,-0.11756699073493826
get good,-0.04508683933217326
get help,0.33262819482829226
get her,0.019083621580136212
get him,-0.14059235817560245
get his,-0.15792747214114994
get home,0.015760679450070245
get in,-0.08981390425031467
get into,0.010912388222418561
get involved,-0.0521193690050825
get it,0.19308107097185137
get job,0.08141335704225157
get kicked,-0.031660431169950654
get like,0.07820016653655332
get loan,-0.04281727328752711
get lot,0.01850627277794132
get mad,-0.12988613545103694
get me,-0.07667533070762778
get more,0.09977268325508201
get my,0.22052591654876108
get myself,-0.013601814690217463
get nervous,0.08554406160528258
get new,0.10466736816889625
get no,0.04613713026090545
get off,0.13431235140603057
get on,-0.10710646693264896
get one,-0.06629189407192557
get our,0.033149855602123156
get out,0.09084472551910107
get over,0.4510355743777346
get paid,0.0705933292095638
get past,0.02110556168359293
get place,0.054986692754437155
get proper,-0.03265429765821178
get quite,-0.03331389769042079
get raise,0.07306801653216441
get really,0.22198964077020697
get restraining,0.06470764376857488
get rid,0.07448928033213292
get rise,-0.08269348738431093
get sick,0.09604670734566846
get so,0.04449300163825936
get some,-0.01829342142837972
get somewhere,0.10075086192585427
get stuck,-0.13619875287924346
get stuff,-0.0012798370067466259
get sudden,0.06080567875351618
get that,0.02893432797069581
get the,0.07658130645581594
get their,-0.0929842336462531
get them,0.16290179812463015
get there,0.2028504344086668
get these,0.07706071631227733
get things,-0.007055078663232563
get this,0.029332001471806056
get through,0.0013609911383096194
get to,-0.010378088617543833
get too,0.09087780249200458
get triggered,0.1449848773023593
get up,-0.12612592994011312
get us,0.05131563464948686
get very,0.07133690780291933
get worse,-0.11025129234220654
get yelled,0.045008216957015276
get you,0.015755802558923882
get your,0.014309792774704068
gets,0.4266675593862717
gets angry,0.09828291056978108
gets closer,0.022384583184691626
gets into,0.11382217562376878
gets lost,-0.0012339024096511442
gets mad,0.13952295546409205
gets pissed,0.024094571020260875
gets put,0.04994236658960955
gets so,0.10267470904985107
gets the,0.03459099556221014
gets too,-0.0025384703293581446
gets worse,0.09735552797136675
getting,0.9031165673824412
getting an,-0.014000432060413702
getting angry,0.028897587577677228
getting annoyed,0.016825993003464424
getting any,0.03509422553768547
getting better,0.12686580211484103
getting down,0.05502035680144404
getting drunk,-0.08163512391651545
getting good,0.06920618686135845
getting harder,0.08376906383061083
getting help,0.06244025152021271
getting him,0.05623918978910182
getting in,0.0015685740837411972
getting into,0.17207251899157333
getting married,0.016469108861754754
getting me,-0.1604043869307831
getting my,0.10709438373872103
getting myself,-0.028646705772106387
getting off,-0.06620908878796837
getting older,-0.00366177975626563
getting out,0.07143519572824819
getting paid,-0.09518780088301733
getting paying,-0.06655026477653447
getting ready,-0.09939299863464239
getting really,0.08854246642598543
getting sick,0.15046896008715208
getting some,-0.013784463847730924
getting support,-0.03089591054239037
getting the,0.01593219875986314
getting this,0.023926567093268958
getting through,-0.08436705559788417
getting tired,0.0682368521232978
getting to,0.048147835060267354
getting very,0.09466828631882154
getting worse,0.05444861699115815
gf,-0.05048080232589461
gf about,-0.02908378292913271
gf and,0.008970440456684162
gf of,0.09088077156326523
gf that,0.09428197296823072
gf to,-0.0018167284276087855
ghosted,0.008324761483857893
giant,0.029054959808355898
gift,-0.129906294213588
gift card,-0.09447419383184488
gift cards,-0.06490806630004665
gifts,0.19431908070171125
gig,-0.04591875282645168
gigantic,0.11839969546215828
giggled,-0.010701283082747348
ginger,-0.045504712049972584
girl,-0.40773827999946216
girl and,-0.009390198632456258
girl but,0.09738181729532903
girl has,0.00797566097336576
girl he,0.010964883539424927
girl in,-0.07770019667454214
girl on,0.023268070237793183
girl or,0.046028571922655484
girl that,-0.14037483012513843
girl the,-0.010738321875648096
girl through,0.1031967152973241
girl to,0.01442117286747281
girl who,-0.09685006449939024
girl with,0.1219778758488486
girlfriend,-0.002864111979874391
girlfriend and,-0.013949961963669984
girlfriend but,0.016045318890428248
girlfriend for,-0.08870663918878413
girlfriend has,-0.18842687694142604
girlfriend in,-0.14034759673376243
girlfriend is,-0.002456149976185029
girlfriend of,0.07378268415073498
girlfriend since,-0.11875667339511792
girlfriend so,0.007057259081492032
girlfriend who,-0.0903324742162237
girlfriends,0.059512417587036556
girls,-0.022222702498144217
girls and,-0.03534083964624343
girls at,0.13056680999411907
girls he,0.11123550045778474
girls that,0.08467383336787808
girls ve,-0.024390839339328854
girls who,-0.11229390237498064
give,-0.17211342804830948
give back,-0.13059436593443172
give damn,0.040927912451860025
give fuck,-0.0076419945997623666
give her,-0.12485751196930349
give him,0.010417169983368058
give it,-0.11386479523329049
give me,0.08865215860582752
give my,0.06133188911008962
give myself,0.10842592971133125
give shit,0.08859868223090636
give some,-0.15259056939017018
give the,0.06081310533852534
give them,-0.14849224761715635
give to,-0.10296488676153934
give up,0.20614427899632282
give us,-0.1802250848225509
give you,-0.09814693127212688
given,-0.22160581943575222
given an,-0.0018078649438308541
given her,-0.07306306334308912
given me,-0.000389409624742941
given the,0.09221952202780066
given to,-0.1255019877924513
given up,0.03777389212079781
gives,0.06616988023518734
gives her,0.0747393063903665
gives me,0.029755496564152675
giving,-0.35628534335603074
giving any,-0.015850182462657243
giving away,-0.06520224532539684
giving her,-0.05181288157139752
giving him,0.01598938611810104
giving loving,-0.04361458378108298
giving me,0.017850643485244202
giving them,-0.06853844533063655
giving up,-0.030692459368234483
glad,-0.07781937695224438
gladly,0.012833453501962789
glance,-0.08664714267672523
glass,0.11969760838376889
glasses,0.09352390509013571
gleeful,0.05629135512163308
gloves,-0.10507403998909622
go,0.34768013071593545
go about,-0.02320720160879164
go ahead,0.023954737854152808
go along,0.001660541747333324
go and,0.06519709537868998
go anymore,-0.05009346618712478
go anywhere,0.025334413628589555
go as,-0.07187357456775766
go away,0.04857247256102147
go back,0.17372860851808877
go but,0.13679144936413037
go crazy,0.07448659995309452
go do,0.05735215639748515
go for,-0.019561819457013428
go from,0.025748427551344967
go fund,-0.09589717703157603
go get,0.012517710177787628
go had,0.08398870378860983
go have,0.0904180043899731
go he,0.06294038519604893
go his,0.09597147353330028
go home,0.19377804210818722
go homeless,0.0006562298963970489
go if,0.04254227219242586
go in,-0.2653167653776584
go into,-0.1348387981324678
go no,0.07865738894544606
go of,0.12995302026190658
go on,-0.06196526277058311
go out,-0.257776424638807
go outside,-0.027471968363097194
go over,-0.08708853854961257
go see,-0.06393559258503488
go so,0.08549981284769564
go somewhere,0.028315848797165317
go still,0.06420715415910962
go take,-0.027425956642552225
go there,-0.09387590333462875
go though,-0.04907386136404442
go through,0.18206461083487668
go to,0.037254719149926306
go up,0.07062752365532031
go visit,-0.031152064869735728
go where,0.005284553505365688
go with,-0.06865221337869232
goal,-0.09093457357592381
goal is,-0.09949885006165202
goals,0.0771010686170549
goals in,0.09636833535018054
god,-0.2358177536052762
god and,-0.1945820011442422
god bless,-0.1320929999759052
god didn,-0.10146537462801979
god knows,0.04041659692005578
god so,0.021350724223683337
god was,-0.09002143528027083
goddamn,0.19085287067109308
goes,-0.16459442369262248
goes away,-0.09624356156703948
goes back,0.007245581757147652
goes by,-0.02061833761196472
goes in,-0.039138244226012774
goes into,0.14773165581616554
goes on,0.10123459291510321
goes out,0.04083634224604204
goes through,0.061635466386843626
goes to,-0.047873804858835474
goes wrong,0.06223865908088431
gofundme,-0.04330715448080461
gofundme account,0.021963073915121364
gofundme campaign,-0.06573697439901757
gofundme url,0.06096188714974894
going,0.4285186021879992
going and,-0.018380463287094157
going anywhere,0.12287330494233044
going back,0.17519148085850872
going crazy,0.08061649400949737
going for,-0.09987148475273395
going forward,-0.026299962137462142
going good,-0.10609143211190539
going great,-0.06077560930335752
going home,-0.07559861064467127
going in,-0.028848138011188348
going into,0.09345160160588979
going off,0.05128549741969475
going on,-0.006316805636837118
going out,-0.33149552471861493
going over,0.005386226561530537
going that,0.010247745069374438
going through,-0.015697224829287114
going to,0.558801476285345
going towards,-0.1344205843616471
going up,-0.04527002721058873
going with,-0.03158536131386522
gold,-0.06826801679865761
golden,-0.145669925575013
golden child,-0.021338146289050168
golden retrievers,-0.0800857188513368
gone,0.04676696377307253
gone and,-0.07872164936327969
gone as,0.07790403888837143
gone away,-0.10362555915769057
gone back,-0.10356800531694545
gone for,-0.10524709434788809
gone now,0.08035634420052695
gone on,-0.11098885391235261
gone out,0.04278530174326328
gone three,0.0021420730087026636
gone through,0.3034338662396946
gone to,-0.029116864654700148
gonna,0.03177043206194275
gonna be,-0.059879858045913156
gonna do,-0.13536356060486956
gonna get,-0.04951386287601832
gonna pass,0.07852269731134091
gonna try,-0.023299476435748877
good,-0.7149390453099518
good about,-0.010456606246954294
good amount,0.016996543198463738
good and,-0.09115078742802282
good at,0.189361698781628
good but,0.09915683753620481
good chance,0.06062953727825269
good day,0.05788890769801105
good enough,0.14956674653197063
good for,-0.07522165527767798
good friend,-0.01186348862729568
good friends,0.25378113834447474
good grades,-0.07896256001681923
good guy,-0.06484007189222528
good have,-0.10450368940889741
good idea,-0.09278795375457047
good in,-0.12927741414920227
good it,-0.1810646475484694
good job,-0.027625912829125118
good just,-0.11462234248552898
good karma,-0.07263221798447637
good life,0.00983441007966416
good living,-0.07996473371485904
good looking,-0.11100430447147108
good luck,-0.048563610755389744
good mom,-0.09921012494411002
good morning,-0.017438608415717358
good news,0.08205563929236706
good night,0.07738537742633686
good person,0.05249548235504676
good place,-0.09155192399273435
good places,-0.10826066290495297
good relationship,-0.09701901403098169
good student,0.03240310199584458
good thing,-0.0573394283402829
good things,-0.10144054375775179
good time,-0.05232058600792165
good times,0.09936412922473169
good to,-0.07034031810297603
good weekend,-0.013381822772249452
good while,-0.08948610208056056
good with,-0.006188541625394834
good writing,-0.03832236404144581
goofy,-0.11080678491738968
google,0.12628158771663986
google wallet,0.012845184201654827
googled,-0.025342374078709748
gore,-0.1306856490780077
gorgeous,-0.0743572294796973
gosh,-0.11713578047466368
got,0.08090867479970897
got an,-0.18350199312756588
got angry,-0.12763635139261967
got any,-0.17886271341339982
got as,0.015159059682862252
got away,0.08784690253763751
got back,0.09242230069353498
got better,-0.059084914346870694
got bit,-0.0013006689865644678
got call,-0.09117610670695121
got caught,0.06877355346742038
got cheated,0.06533728144379332
got diagnosed,0.03406926114896361
got drunk,0.08415491618449934
got engaged,-0.02691003783432294
got extremely,0.10265679271578311
got fired,0.04261739512625575
got for,-0.06311422403710766
got freaked,-0.006998552993949294
got her,-0.03444203683564545
got here,-0.06964414796737857
got high,0.11841670677811286
got hired,-0.02202057674436495
got hit,0.11176904669687839
got home,0.11948425327719409
got in,0.035167344537907076
got into,-0.10479511067750022
got involved,-0.006912731426438738
got it,0.17470305494767713
got job,0.1298431278675974
got kicked,0.08556174992050164
got little,0.013931135482099184
got mad,0.08231016809905546
got married,0.10543868434408776
got me,-0.1535988784657185
got message,-0.07903814320114912
got more,-0.032275865014008344
got much,0.08840454401797003
got my,0.08135086489354645
got new,-0.02511616395245931
got no,0.08835442170293722
got nothing,0.0832781442158012
got off,-0.03938807562540268
got older,-0.09006072222572273
got on,-0.04329866338083438
got out,-0.09749727272555907
got pregnant,-0.029039706113291007
got prescription,-0.1579798928677783
got really,-0.08467835487463637
got so,-0.05888437886043947
got some,-0.029179665319488676
got stuck,-0.018709886627696348
got the,0.24067777645831157
got them,0.006572473606589678
got there,-0.05466102050299228
got this,0.10682863927709008
got tired,-0.056301353764002283
got to,-0.08476689000493459
got together,-0.0032163566551186556
got too,-0.015292055766561155
got up,-0.08100349826120884
got very,0.04757090852002057
got worried,-0.016288045400750996
got worse,0.021060203635823952
gotta,-0.10827107900072024
gotten,0.21560552088146556
gotten annoyed,0.07055767684545185
gotten back,0.08683019332315164
gotten her,-0.009168844028521667
gotten into,0.071386880567501
gotten me,0.07263123004980916
gotten really,0.05590705886890366
gotten so,-0.019646283247817198
gotten to,0.08541990202794206
gotten worse,0.10647370863268242
government,-0.19797851511244213
government assistance,-0.07447447005915604
gp,-0.10990546451434831
gpa,0.08253967793110314
gps,-0.17114392060741235
grab,0.32781545251777766
grab the,0.1749532255868196
grabbed,0.2529061025410455
grabbed me,-0.006683490275602547
grabbed my,0.13578388983183312
grabbed the,0.105299841627013
grabbing,0.04913241061733574
grabbing me,-0.030143800921702674
grace,-0.17408054374623738
grace and,-0.06630706896222842
grace was,-0.0990239207235311
grad,0.09926980218895672
grad school,0.13764884220174858
grade,-0.13678714684922755
grade and,-0.13785682652180606
grades,0.10945515790464189
grades but,0.06924340574712547
graduate,-0.1690437544648833
graduate if,0.10059394750455611
graduate in,-0.03616429776215487
graduate school,-0.13881716100109626
graduated,-0.050537684332261024
graduated from,-0.11611770179724086
graduated high,-0.014519266341390946
graduation,0.09426529159950149
graft,0.0009133672721120676
grain,-0.11327717104257562
grain of,-0.11327717104257562
gram,0.07444688283953844
grammar,-0.075120045315751
grand,-0.1360131487810713
grand it,-0.03832236404144581
granddaughter,0.012112647661296432
grandfather,0.10309906896115406
grandma,-0.3639470851845648
grandma was,-0.1975099765310291
grandmother,0.0170920980298734
grandmother died,0.09528321700678831
grandmother she,-0.010431977791443827
grandmother would,-0.11791982231689972
grandpa,0.022589477809100186
grandparents,-0.06304993030392037
granted,-0.026725411819833074
graphic,-0.09300463410573559
graphics,-0.10614142665047162
grasp,0.023701060125751617
grass,-0.05068496838992126
grateful,-0.23421987963909222
grateful but,0.1065149551147491
grateful for,-0.1462593114942106
grateful that,-0.08117459406878048
grateful to,-0.04214373912005357
gratification,-0.00013199634317378854
gratitude,-0.0038193204856561335
great,-0.7938289354118487
great and,-0.04706520562681687
great as,-0.11087299319199244
great at,-0.1722227386029857
great but,0.09062484379437434
great deal,-0.0056594741700223316
great for,0.03916068390353677
great guy,-0.05574561827007924
great job,-0.08450744271533847
great now,-0.024292574599206633
great opportunity,0.014677879135421871
great place,-0.019790206002641933
great thanks,-0.08483821199579009
great that,-0.0992625538553496
great time,-0.014412475716541731
great to,0.1322337860179128
great we,-0.07706268554342419
greater,-0.1174577940501737
greatest,-0.045844190769366897
greatly,-0.0631873773612964
greatly affected,0.09264419048466652
greatly appreciate,0.026129591218211318
greatly appreciated,0.059279360902994425
green,-0.06299849517599021
green card,0.0036784713400486433
greetings,-0.09746687780395881
grew,-0.2771697671057738
grew up,-0.19083667620075162
greyhound,0.004284139564216529
grief,-0.09191111414782933
grieve,0.07495820806071642
grill,-0.09653234464453528
grips,-0.006952865580655011
groceries,0.1866520288453101
groceries and,0.10607025101669036
grocery,-0.09114875130057853
grocery store,-0.04529367803656176
groomed,-0.12667210693871273
groomed and,-0.12667210693871273
gross,0.10564717879456338
grossed,-0.0072108508310287575
grossed out,-0.0072108508310287575
ground,-0.2496916105760996
ground and,-0.06770761573812097
ground floor,-0.09379797409187159
grounded,0.12751072849448505
grounding,0.12712282869409386
grounding techniques,0.12712282869409386
group,-0.201657278128957
group and,0.14196805901670195
group for,-0.11909085165165707
group of,0.0004679506690330043
group or,-0.02624337409548373
group so,-0.11242633850069528
group therapy,0.11275100092877645
group was,-0.09218176947720433
groups,-0.021575450714904586
grovel,0.09965732458346455
grow,-0.2337800958264145
grow up,-0.05254620340794568
growing,0.14169322271371132
growing up,0.11873963329271252
grown,-0.07356398669402217
grown up,-0.07946981871814397
grumpy,0.09517595988636128
gtfo,0.08565161879553912
guarantee,-0.07276855394128325
guarantees,-0.11132899988034008
guard,-0.06566367240506156
guards,0.013920417867792268
guess,-0.012938372553206266
guess afraid,-0.006974498703937171
guess am,0.0652114945296318
guess don,0.07971183070211695
guess have,0.060925950355448066
guess he,-0.04572438438850316
guess is,0.054263365920639454
guess it,-0.0204268326172105
guess just,-0.0568523129952664
guess ll,-0.11128192146068587
guess my,-0.06878469637479237
guess need,0.08408970682438789
guess really,-0.1456690586580094
guess that,0.16448245838829015
guess the,-0.041550117269277854
guess what,0.035248482672254396
guess you,0.0038999638039911183
guessing,-0.07827683419331385
guessing because,-0.031587964832112105
guest,-0.07021671862460512
guidance,-0.057809435626680034
guide,-0.035164628114468896
guided,-0.016222297487725322
guiding,-0.09184117780443468
guiding research,-0.020430901918932813
guilt,0.17535584517702135
guilt and,0.08055832873621718
guilty,0.12638154092538936
guilty about,-0.0016759036511694407
guilty and,0.11751033218582763
guilty as,0.04438176447421569
guilty because,-0.06306682388501285
guilty for,0.15103940334289886
guilty over,-0.08763689867353393
guilty to,0.00986712793248393
guitar,0.1524871958671705
guitar and,0.1315693145470708
gun,0.16253405672466434
gun and,0.10342589710757066
gun to,-0.011295059659668111
guns,-0.09335089092668629
gut,0.11691355050358795
gut feeling,0.12510096599049172
guy,-0.5968316944162444
guy about,-0.11640335549887046
guy and,-0.10786787164089535
guy at,-0.03410728494299719
guy but,-0.09267408243216463
guy for,-0.09060647754279688
guy friends,-0.05949433448547733
guy he,-0.19138702070257074
guy in,0.09754765889678
guy is,0.055381012521529355
guy it,-0.017135848907011638
guy on,-0.14186701080966707
guy she,0.10029438204940527
guy still,-0.10396552561518649
guy that,-0.17233081168146056
guy to,-0.09530269369922634
guy was,-0.12818613366691123
guy we,-0.0515475165606468
guy who,0.08534751810027094
guys,-0.5796594066001051
guys and,0.05503630263540653
guys are,-0.14747668961497926
guys can,-0.1402073794645517
guys ever,0.04319234317190827
guys have,0.04319134246296067
guys just,0.0032998930833004
guys know,-0.05978054668877462
guys my,0.011515108120041867
guys think,-0.05296212146943075
guys were,0.04254637998002886
guys who,-0.07255130036765618
gym,-0.28639400491451394
gym and,-0.11324439407217479
gym membership,-0.2082592009196747
ha,0.06514612556482417
habit,0.002176316106038816
habits,0.07140257808772034
habits and,0.09166737444759428
habits when,-0.07511388202089704
had,0.4087468262374372
had already,0.03509812441467244
had an,0.07208276948216649
had and,-0.21611439802394591
had anger,0.07462847184513341
had another,0.03879778541546534
had anxiety,0.05029594142610636
had any,-0.1725972750887778
had as,-0.10398694476087038
had asked,-0.002013329506025044
had bad,-0.046194293233131255
had become,-0.04967333291925407
had been,-0.47006525589397724
had breakdown,0.060631635462270295
had broken,0.03564243706455596
had cancer,0.028402548257552524
had come,-0.049713469262568345
had considered,0.011296369266418246
had couple,-0.10521516216946815
had developed,-0.017339515146055466
had dinner,-0.08715484648332249
had done,-0.08420315925835285
had dreams,-0.008098793856638614
had enough,-0.1318516333364689
had ever,-0.05624791723678185
had fallen,-0.0033370413058503297
had few,-0.012891630730918112
had friends,0.042771769323997476
had from,0.018543997070066136
had girlfriend,0.00706759623422602
had good,-0.1645930095408108
had gotten,0.12215479762529777
had great,-0.05112574062949142
had grown,-0.07446361243441198
had had,0.14458373909285063
had happened,0.25849463994726973
had hard,0.08593938042093337
had has,0.09506986890586623
had he,-0.14479130999238132
had her,0.10921361304257411
had him,-0.01190084642971639
had his,0.008289254493784174
had huge,-0.04661683694605351
had in,-0.02928436829869244
had involvement,-0.020430901918932813
had issues,-0.0531787025311025
had it,0.027813459452018522
had just,0.008449270795323868
had left,-0.01699198506767076
had long,0.051482853857560164
had lot,0.2034124501104276
had lots,-0.0009516332123246132
had many,-0.1649952277498808
had me,-0.046119596929882135
had meeting,0.11786123554894085
had moment,-0.011072773206407954
had more,0.12512008510288125
had moved,-0.0667183932865096
had much,0.0986792483481845
had multiple,0.14196010122330305
had my,0.27378646478745844
had near,0.003513462933675907
had never,0.014831581731951675
had no,-0.12035444054475834
had not,0.0230553497433967
had nothing,0.021373357759679204
had on,0.12913261216745253
had one,0.18080435297747863
had only,-0.12132221371123181
had originally,-0.09152917319287267
had our,-0.06312420253642727
had panic,0.13313964493847721
had passed,-0.08132764003952149
had planned,-0.06295713336566508
had pretty,0.14852054905367573
had previously,0.03055344496288009
had problem,-0.013895059816317503
had proper,0.12137930824463432
had ptsd,-0.012773075917395784
had quit,-0.008921207339476173
had really,0.24369923464004142
had romantic,0.027319106645444343
had rough,0.10579311097263298
had run,0.013668574521033951
had seen,0.017603432885374578
had several,0.09663565988810291
had severe,0.08738161551297692
had sex,-0.0065783845185777715
had similar,-0.02201057005283374
had since,0.0982160627835783
had small,-0.04231531243988751
had so,-0.007956081614871722
had some,0.09132898166074829
had something,0.0275744474858484
had stopped,-0.03735815858039821
had suffered,-0.01780014454934081
had taken,-0.03944610622426684
had talk,-0.07479580958426699
had talked,0.034726269092874684
had terrible,0.18189212950248757
had that,0.09725480941623424
had the,0.1686326526848926
had their,0.024314944327996257
had these,0.08766574672628567
had this,-0.07796885628828393
had thought,0.08010542281506547
had threatened,0.09567414066961717
had time,0.13301337313472356
had to,0.4710556651193541
had told,-0.02391936889077339
had too,-0.010992657770941147
had touched,0.07055767684545185
had two,0.06061718623144993
had very,-0.05906078596449835
had was,-0.07479392570773286
had with,-0.09321999484051195
hadn,-0.13164291659729271
hadn been,-0.019811490042759748
hadn even,-0.03949374535737862
hadn seen,-0.038852490431403285
hadn talked,0.0859254213319906
haha,0.15984779237907595
hail,-0.12211135601193213
hair,0.054425865822298344
hair and,-0.08202961870029578
hair is,0.012192129709910867
haircut,-0.021501798655863
half,-0.0059462204155351925
half ago,-0.04843576813182699
half an,0.0068276721414470155
half as,0.02885536690041445
half dozen,-0.03538750747381144
half hour,0.14674068376975477
half my,0.10630310642600876
half of,0.10791388538088824
half she,-0.06135492163455111
half the,-0.1804826972667709
half year,-0.03115344522779494
half years,0.007553729268139149
halfway,0.013895590376973924
hall,0.13576985453061405
hall and,0.0790552132321693
halloween,-0.0052576992991313475
hallucinations,0.055757611568490933
hallucinations and,0.07872061892944597
hallway,0.09027277118194606
hand,-0.03107483609566032
hand and,0.034814164319267656
hand is,-0.09927948488105284
hand on,-0.10862617658303239
hand over,-0.01519306957309584
hand she,-0.0016674338472943107
hand to,-0.08676668891551687
handed,-0.012104987675002541
handful,-0.23949873617815304
handful of,-0.1031484838727562
handicapped,-0.007002440680459543
handle,0.4184060505785683
handle it,0.058878758958584666
handle my,0.03406404514625511
handle this,0.10328251495174519
handles,0.01798469185836896
handling,-0.0010344512363361553
handout,-0.03385382537982565
hands,0.1764920525615647
hands and,0.01606627159033696
hands of,-0.08451054903672311
hands on,0.092366159098054
hang,-0.13124517669977678
hang around,-0.18138885623639334
hang out,-0.06003278769364065
hang with,0.07703197838192422
hanging,-0.29230810452448963
hanging around,-0.017794338853243843
hanging out,-0.3074419433824988
hangout,-0.06589914647739595
hangs,-0.014875889905142704
happen,-0.014803624662408137
happen again,0.0371323637032177
happen and,0.030103343378414905
happen because,-0.013940957501568013
happen before,0.09071453919153873
happen but,0.030963493526406434
happen for,-0.10578510761422102
happen he,-0.10742429155151936
happen if,-0.084653603667018
happen in,-0.07121651038026801
happen next,0.045857220367496856
happen not,-0.08711992464981529
happen she,0.08524090919052292
happen so,-0.18616617969101423
happen to,0.12865121288801104
happened,0.7335634733430002
happened about,-0.04863576164324097
happened again,-0.024189798330578924
happened and,0.22533938233064751
happened based,-0.0837027638423008
happened between,0.02454698745040799
happened but,0.3083717310572632
happened can,0.0666353284838883
happened don,0.04708508807216191
happened even,0.004334515281335191
happened had,0.00871884851753267
happened have,-0.045426584563137966
happened he,-0.09610346349990875
happened if,0.07793462396891436
happened in,0.15752818586027484
happened it,0.0721086061149649
happened just,0.068477839488834
happened lot,-0.0007185804711632848
happened on,-0.10334913350826731
happened or,-0.014788838692482854
happened she,-0.08971018221570422
happened since,0.06071684465321197
happened so,-0.027037036437072056
happened that,-0.05590703205199907
happened the,0.06560000238645718
happened to,0.21957390867292712
happened ve,-0.028440064910195288
happened was,-0.00549092973902482
happened with,0.09066738810301422
happening,0.39680637695286153
happening and,0.08014094462916813
happening but,0.08707663802540563
happening during,0.0011235593011177276
happening for,0.0646308002648197
happening it,0.08196172585884445
happening so,-0.004075244925436611
happening to,0.0040281807197229775
happening ve,0.08535909064141724
happens,0.3417090782151772
happens again,0.049281229887507036
happens and,-0.08276834353019516
happens but,0.08945372218467654
happens every,0.05134522008253583
happens the,-0.09784469410323557
happens to,0.1115667843629801
happens when,0.06401289437447832
happier,-0.16402669623824884
happily,-0.020923941551594126
happiness,-0.1126046079544433
happiness and,-0.026421424721206378
happiness for,-0.1281250735798759
happiness is,-0.013330001685771354
happy,-0.16872726056433193
happy and,0.04434346023781492
happy as,0.10166979509731286
happy birthday,0.043075426881013186
happy for,-0.03476025866832706
happy my,-0.025854019590770293
happy or,-0.11346467805383027
happy that,-0.10383707383661667
happy to,-0.19263620561908268
happy when,0.06505208591904836
happy with,0.005040652615094867
harassed,0.10896919116569509
harasses,0.088941579266896
harassing,0.08604506314990654
harassing me,0.06475821375937556
harassment,0.022891242937261233
hard,0.8309940170827699
hard about,-0.019772611592250848
hard and,0.14323699365835915
hard because,0.18458096337764254
hard but,-0.04744949728077001
hard enough,-0.07838053705863322
hard for,0.2069899854426316
hard in,-0.03765272371837082
hard it,-0.10779605937535203
hard not,-0.017456859769475485
hard on,0.061021551078273346
hard part,-0.021776514069968105
hard that,0.12515928542084598
hard time,0.028662827266622858
hard to,0.4890650456591244
hard work,-0.0657383729817163
hardcore,0.07488883758047858
harder,0.2509671592220155
harder and,0.0716531544404027
harder for,0.06121829335746683
harder then,0.08201332593310467
harder to,0.05166065963225013
harder when,-0.02173350310864466
hardest,-0.12800563894489295
hardest things,-0.14239450924939698
hardly,-0.1762450086757234
harm,0.2827364474736391
harmful,0.0035499035726585335
harming,0.0566797903500655
harmless,0.10024093426695153
harry,-0.11454165905991208
harsh,-0.08573432901316638
has,0.5191309636648095
has absolutely,-0.1360812865331361
has all,0.05841166367480764
has already,0.07124796289832999
has also,-0.10786538336491379
has always,-0.2524264433716808
has an,-0.11144473895439018
has and,0.015240504406052447
has anger,0.02078982495968116
has anxiety,-0.0022254860841693013
has any,-0.17229758176065677
has anyone,-0.07411295646434386
has anything,-0.007267608718077234
has autism,-0.010789045295251617
has bad,0.026540972099926646
has become,0.11188017162395619
has been,0.38519182950036945
has brain,0.0060514081058613105
has called,0.01642808985121333
has caused,0.040365813010230976
has changed,-0.04706792323162551
has cheated,0.08053079275078863
has depression,-0.0006981843830931388
has destroyed,0.07039460235525233
has different,0.029242881758450787
has done,0.08286678615145901
has dumped,0.044783699728152236
has escalated,0.08543720085553966
has even,0.08640648970750127
has ever,-0.025692379719878533
has given,-0.09601247185847216
has gone,-0.10052080964544169
has gotten,-0.0666546351796445
has had,0.06277417685198802
has happened,0.1523044251118156
has hard,-0.03254998691748089
has helped,-0.2814326759190054
has his,0.006783140762329643
has hit,0.060570300424968915
has impacted,0.01724628594892094
has it,0.02161012160368334
has left,0.10996761188807096
has literally,0.06407538259122104
has lot,-0.015027594419969984
has made,0.29403088487041035
has me,0.10613581190493283
has multiple,-0.06578362286883553
has never,-0.008127699562219814
has no,0.05056291446432129
has not,0.10310475348128703
has now,-0.10880196769766379
has only,-0.1234163461098118
has passed,0.004962452404403069
has posted,-0.053990192448753936
has probably,0.00717176497408446
has ptsd,0.0018723245626319105
has really,0.08051498431762452
has recently,0.14463545651565834
has resulted,0.15018179586550884
has said,-0.03797565104949148
has seen,-0.06601895171570527
has severely,0.1003594108026895
has since,0.09236762002181106
has some,0.0882748802775553
has something,0.08287445306546629
has stage,-0.012477027317990047
has started,0.04723326754617908
has stopped,0.18518733279345026
has the,0.046993144867852804
has this,0.05421883262866852
has threatened,0.09848593617139703
has to,0.10156253502468145
has told,0.044783699728152236
has traumatic,-0.019778964492333434
has tried,-0.054467414100756145
has two,-0.03860544140298522
has untreated,-0.00010380918078151249
has used,-0.03087430417435239
has very,-0.020681040447033693
has worked,-0.13041734631897958
hasn,-0.1795945515262652
hasn been,-0.05093536213190303
hasn gone,0.016541396212495542
hasn helped,-0.05627143604322534
hasn made,-0.06640677990648791
hasn really,-0.008562695247172217
hassle,-0.012614116234923018
hat,0.17933404099291805
hatchet,-0.01516811700577246
hate,1.2127562359848483
hate all,-0.09692030436359556
hate and,0.07036920443009277
hate asking,0.172657999498919
hate being,0.11308079166995602
hate feeling,0.0325951756693872
hate having,0.054450664942144074
hate her,0.01996588748361643
hate him,0.150921049950909
hate it,0.26835920945316877
hate me,0.19285985109487225
hate my,0.18691165274069796
hate myself,0.14656656077281965
hate that,0.08442701438847985
hate the,0.17193163471691966
hate this,0.24711496700843325
hate to,-0.10191812193794561
hated,0.15739056759260073
hated me,0.0822822549237123
hates,0.08707255899101145
hates me,0.056854692270428976
hates seeing,0.044783699728152236
hates the,-0.019574333614370384
hating,0.2891249073894377
hatred,0.11765099637010627
have,0.8378952344491126
have 12,0.003421691857005261
have 16,0.061810526342982085
have about,0.18846864320934906
have absolutely,0.08296755020737936
have access,-0.11660474912282777
have added,0.0011811717161601951
have adhd,0.03373434653491637
have all,0.08045074763976273
have almost,0.13911424319279797
have already,0.0023116975119880892
have also,0.029809117952346174
have always,0.006444754393263573
have an,0.01991720616681172
have and,0.0766310632890023
have another,-0.05738971678520522
have anxiety,0.18542047356815772
have any,0.13816325640528593
have anyone,0.13241261571325694
have anything,-0.1815861746082812
have anywhere,0.09625073705514933
have around,-0.07882571537871255
have asked,0.013963629144930241
have attacked,0.07025625117891467
have bad,-0.009909246399939207
have become,-0.056924913090984075
have bed,0.0657359134608534
have been,-0.044827421828667426
have before,0.03476260142260136
have begun,-0.047869691648477215
have bipolar,0.12422373200698043
have both,-0.03847268370527701
have boyfriend,-0.041065461271078275
have brain,0.06867254815717085
have but,-0.14588038232410078
have car,0.17636760150476574
have caused,-0.013972486730788249
have centre,-0.03074105019184583
have certain,-0.03597937467527008
have chance,0.07459760285655384
have changed,-0.11495375638600526
have child,0.13085466834699583
have co,-0.06661784577111354
have come,-0.0032784640543185354
have completely,0.1256657065540947
have complex,-0.0038306071063011213
have constant,0.1075453271959033
have conversation,-0.07939810923614987
have convinced,0.047422587220390944
have couple,-0.0470875739179886
have created,-0.040163833993698224
have cut,-0.013331825644939161
have decided,-0.05041716666037351
have developed,0.05178802398825347
have diagnosis,0.0247189128886493
have different,-0.017030529862009012
have dinner,-0.03021904726176411
have done,0.07229455103267685
have enough,0.10156417265790663
have even,-0.0006457287087816125
have ever,-0.011954499254102972
have evidence,0.0801447713600615
have experienced,0.015817859003349907
have family,0.037983675415047664
have feelings,-0.13969781253738728
have felt,0.04141012115156562
have few,-0.03977422055451634
have figured,-0.11224506659523267
have fit,-0.08480934701336869
have food,0.06283966900801898
have for,-0.11781454737268145
have fought,-0.013874510082038886
have found,-0.21583738492353435
have four,0.0751610241521954
have friend,-0.02840978053135493
have friends,0.06416551386455693
have full,-0.021866731827773933
have fun,0.039595811843353694
have gad,-0.03166450267071773
have given,-0.08058328695281415
have going,-0.0201921035943915
have gone,-0.10850237710090697
have good,0.06801229070681553
have got,0.05747094598032025
have gotten,0.017874791523825637
have great,0.019085946414708628
have gym,-0.12769885531938077
have had,-0.09976710796239895
have happened,0.22268173600295507
have health,-0.08452455527583981
have heard,0.07107315279582993
have helped,-0.1057412197481386
have her,0.056360512328195125
have high,-0.08643320330741136
have him,0.07494846992259586
have his,0.032288784729472816
have history,-0.008217144521756816
have hit,-0.04651381603361782
have home,0.05983147087661506
have if,-0.08896571218557264
have in,-0.08430061402279479
have is,-0.1004910206373748
have issues,-0.011608933037917693
have it,0.08619801397567366
have job,0.226990273709987
have just,-0.12517788453076584
have kids,0.20189991639132362
have known,-0.016178146138717084
have learned,-0.2275143176589115
have left,0.0625416439966999
have less,0.1290817799240159
have license,0.005135468483695961
have limits,0.024061578596660988
have literally,0.09466997618841773
have little,0.11190348210934532
have lived,-0.06831543675251502
have lot,0.23090098249252544
have lots,-0.11156080512608384
have loved,-0.13198429741247245
have made,0.008557972408362686
have managed,0.06819262142428388
have many,-0.12322267750033608
have me,-0.02980201133023348
have met,-0.06461153938204431
have million,0.07756898930897575
have money,0.023258199774470058
have more,-0.11723198198610026
have mostly,-0.020323231791327726
have moved,0.11171818588213468
have much,-0.08677339229217261
have my,0.029464816647551746
have never,-0.08392619873131014
have new,-0.012960703630649403
have nice,0.05845639698264634
have nightmares,0.16771360999074789
have no,0.8702161283817963
have not,-0.010380195822479394
have nothing,-0.04018904624519816
have noticed,-0.12252746281824059
have now,-0.032865547364415014
have nowhere,0.1915605590869519
have ocd,-0.012983106533634409
have on,-0.017467953393916134
have one,0.12164741498295494
have only,-0.03325093447503334
have other,0.18809939812877452
have our,0.013134458822049194
have over,0.008094429690774459
have panic,0.08126708597297759
have part,-0.011881263947954353
have paypal,-0.0014199689290829245
have phone,0.07312554802976426
have place,-0.0456216635178119
have plenty,-0.008781837526505822
have pretty,0.00906600448960897
have previously,-0.020430901918932813
have problem,-0.07787190357964587
have problems,0.024884748169446236
have ptsd,0.25712174035654517
have put,0.06524304646442902
have questions,-0.05492280877686532
have quite,-0.05416369786759411
have raised,-0.017400583256441254
have ran,-0.014260322330616065
have read,-0.08993671616363283
have real,0.05502035680144404
have really,-0.002291628422057885
have reason,-0.008912131205343317
have received,0.13302841846829327
have recently,0.08480931422024902
have relationship,0.13254822150274032
have reliable,-0.06655026477653447
have safe,0.003731854027117441
have seen,-0.07956583747664683
have service,-0.08474905792872774
have set,-0.07520480736991579
have several,0.07228827352762526
have severe,0.030470407196473693
have sex,0.09107763629022254
have small,-0.05271273428232553
have so,0.004960878209290836
have some,-0.08929662602108093
have something,0.03119629317019319
have somewhere,0.013417036172885475
have sought,0.10297813326465428
have spare,-0.020430901918932813
have spent,-0.17249062577463112
have stable,-0.08689333793175356
have started,0.08066726763688285
have stayed,0.012039804343703268
have struggled,-0.10960542745577674
have such,-0.031017416683899905
have suffered,0.09884428116246051
have supported,-0.03074105019184583
have survey,-0.06957693334042768
have survived,-0.03298160899955484
have taken,0.12121465754609766
have talked,0.11256934383267096
have thanks,-0.13562951817780472
have that,0.006860149734934233
have the,-0.2212935502177088
have them,-0.04591539746860872
have therapist,-0.05137862382339792
have therapy,0.03433847634661699
have there,0.09616044471004306
have these,-0.11537032749347675
have this,-0.01579022052406996
have thought,-0.0757635628844706
have thoughts,0.08684507771766674
have time,0.06861315951598344
have to,0.42106061502487346
have told,0.042649848068238946
have too,-0.0024168298229922834
have tried,0.15079824097585542
have trouble,-0.011712492578208913
have trust,0.09252565603572133
have turned,0.005241408191367909
have two,-0.09674847454434159
have until,0.027711429634828647
have up,-0.031263197509016766
have used,-0.08542890737989182
have very,0.0025334833122326135
have vivid,0.11068364382196783
have with,0.1405444523671001
have wonderful,-0.024091143264063277
have worked,0.07454266811049617
have year,-0.1486832012697671
have you,-0.020931011796224773
have your,-0.07597143638376419
have zero,0.12061970019616437
haven,0.2699040542488918
haven been,0.013771388807596142
haven brought,0.06953650309758917
haven done,-0.06479382771469834
haven even,0.004253970865347962
haven felt,-0.14138566024273033
haven found,0.059522488034085504
haven gotten,0.15505780322004126
haven had,0.04023478276045333
haven heard,-0.009500841243941318
haven posted,0.07940748796840817
haven really,-0.004818867497244014
haven seen,-0.00013379369503595788
haven taken,-0.035578835587892106
haven told,0.004995135186516095
haven touched,0.050642933205729115
havent,0.19524181270774005
havent seen,0.08396514903634175
having,0.5822509611480617
having an,0.02161041538612624
having anxiety,0.10823493833003503
having any,0.07729232725591159
having bad,0.04890959490245301
having been,0.07704602176980167
having conversation,0.06296854133310273
having difficulty,-0.023052827032418118
having flashbacks,0.09703939842361732
having fun,0.12034067889755307
having good,-0.018663824106728975
having great,-0.03407001669327357
having had,0.12312481060591426
having hard,-0.018243211056024413
having heart,0.06097429531983815
having her,-0.033436229855344786
having issues,0.01532631189544876
having job,0.022732569061515277
having lot,0.08375608090588174
having more,0.07340074236088526
having my,0.0022408719940274838
having never,-0.024348226867028422
having nightmares,-0.07164676702807858
having no,-0.031188817607937222
having panic,0.17480776823585673
having ptsd,-0.137049780283987
having really,0.08379038036092103
having relationship,-0.017815822944737745
having rough,0.1345194550813405
having seizures,0.10352002369088535
having sex,0.005298473284353342
having small,-0.03832236404144581
having so,0.006765827265286548
having some,-0.045056418624478276
having the,0.09350955251001085
having them,0.008198145639940192
having these,0.022602365378995917
having this,-0.10191180965661599
having to,0.2203637786165628
having trouble,0.10095607875097261
having weird,0.04918471431377648
he,0.566535542026619
he abused,-0.0145938614853306
he accepted,0.017105974339816827
he accidentally,-0.1107414614927237
he actually,0.040752033229488505
he admitted,0.017367222642783963
he again,-0.1235443017124152
he agreed,-0.1116085756468301
he almost,-0.09040804960431817
he already,-0.11980320795503277
he also,-0.10439107777217609
he always,-0.19279016403268062
he amazing,0.04438176447421569
he an,0.02205727417374507
he and,-0.09624087587996492
he asked,0.0006628793480487922
he asks,0.11148877933153899
he assumed,-0.10995151772359604
he back,-0.005184278713854685
he backed,0.06980405500856389
he be,-0.09387513011738109
he beat,0.09333156234206771
he became,-0.16521999501934162
he been,-0.11003304178618478
he began,-0.08851860830757363
he believes,-0.0418480129674749
he blaming,0.06197961554253019
he bought,-0.034771876571293506
he broke,0.046372288815507444
he brought,0.04382170676157127
he buys,-0.033586336188988604
he called,-0.08472219096975567
he came,0.06947087232004365
he can,-0.04809691835981519
he cannot,-0.1143642817844843
he cares,-0.17329357939869808
he certainly,-0.01111884572281367
he changed,0.11221694508724822
he cheated,0.07472549211211364
he checks,0.0825821506823869
he claims,0.01027878387363159
he completely,0.06135867250465408
he constantly,0.006422418950579661
he continued,0.06492817878211571
he could,0.10427249419429156
he couldn,-0.2727422039187259
he decided,-0.1333954276526379
he declined,-0.02667508555883485
he definitely,0.11936649037111385
he denies,0.05148490201082253
he did,-0.16029182122264923
he didn,-0.03090056690285732
he didnt,-0.10427964125780739
he died,-0.035945416058296153
he do,0.07086877844724912
he does,0.04468880882039907
he doesn,0.20396434060610857
he doing,0.17360513104033107
he done,0.004939398321172411
he drinks,0.09048440118097272
he earns,-0.06958580585575028
he ended,0.024170290497568463
he even,0.32475567625301166
he ever,0.03503845471320652
he expected,-0.07501562882754635
he feels,-0.07817836687565156
he fell,-0.02269682288978162
he felt,0.07856505842125266
he finally,-0.10280912522556447
he first,-0.09535258097410121
he flipped,-0.026964601465994914
he followed,-0.0004690716285490759
he forced,0.06412567727848068
he forgot,0.0848636531626981
he found,0.01532725557600782
he gave,-0.06967366403701841
he gets,-0.014382786874466555
he gives,-0.09143471773089258
he goes,-0.03228121880659995
he going,0.15949135138783313
he gonna,0.04340926530805261
he got,-0.05866221207000541
he grabbed,0.0191531064533251
he grew,-0.11337416429001518
he had,-0.23975860494241216
he harasses,0.088941579266896
he has,0.6033832398953765
he hasn,-0.0014819145166426184
he hates,0.008144218600771632
he having,0.06385105938682215
he helps,-0.06511025253934077
he hid,-0.07802510417325441
he however,-0.08120373772985308
he immediately,0.003710993968400964
he in,0.11007960091723845
he introduced,-0.1460485173077737
he invited,0.12188431464370658
he is,-0.0197724742082503
he isn,0.0001562218464068616
he jokingly,-0.045269299416486525
he just,0.2218270481102927
he keeps,0.12278480830087797
he kept,0.13095049409364767
he kicked,-0.0005538550693944103
he kill,0.13061078133137013
he killed,-0.012555463363726996
he kind,0.0711903039459551
he knew,0.06596038655074798
he know,-0.006500698600677321
he knows,0.3294048843019624
he leaves,0.030944073565956715
he left,-0.046176006879660836
he let,-0.2285896699710975
he lets,0.058217436499939684
he lied,0.0846430073874942
he like,-0.030263811657647476
he likes,-0.03638598873045684
he literally,0.06441498987674432
he lives,0.1001490751994654
he ll,0.17112888087225822
he loved,0.03081319952947921
he loves,0.11194899527127414
he made,0.039148489407168585
he makes,0.08175557011296468
he may,0.10859042259629487
he met,0.0717091057350758
he might,0.05610133852001431
he misses,-0.0005096301495112912
he most,-0.02378649373437105
he moved,-0.08812771720306822
he moves,0.08641231043556631
he must,-0.0020189949595998003
he needed,-0.09129184396679269
he needs,-0.2782833296530259
he never,0.2084034819777027
he not,-0.0029785669158814147
he obviously,-0.014570783702417815
he often,0.05976854630001082
he out,0.038917294899342404
he paid,0.06920986689007079
he passed,-0.015451688161862525
he physically,0.0023331537403536483
he played,-0.06625787673725475
he probably,0.026805457571598787
he pulled,-0.01034203888326337
he pushed,0.042371254426854424
he put,-0.10957011925482948
he puts,-0.10007972633108624
he raped,-0.005764021656804081
he really,-0.17137983568861298
he refused,-0.11729188003361019
he refuses,-0.015166669644119371
he responded,-0.009782269737225822
he returns,0.08615147761406808
he said,-0.1437140609114304
he sat,-0.04390743918401055
he saved,0.07217953960988036
he saw,-0.0926851581692024
he saying,0.06532090679567872
he says,0.24480845898770445
he seemed,-0.12950006143695114
he seems,0.17252553752972818
he seen,-0.003792723489458393
he sent,-0.13287640350137275
he shit,0.04438176447421569
he should,-0.014805920355923
he shouldn,0.09657169433680281
he showed,-0.007760278934122659
he slapped,0.013127398649691145
he sorry,-0.0023289609214201456
he spent,-0.024727695137284646
he started,0.11112263069693223
he starts,0.056648955996305705
he still,0.002803609894431634
he stopped,-0.10498186253773634
he super,-0.07197725274800239
he supported,-0.10116303393518868
he swore,0.09258449835605853
he takes,0.018563530413986735
he taking,-0.006213574778679767
he talked,-0.040972333453718694
he tells,0.15403054079828363
he texted,0.06406628638377129
he the,-0.004797670949946916
he then,0.061820061735031455
he thinks,0.11779126938160536
he thought,-0.006937168591559888
he threatened,0.11242414344381754
he threatens,0.12322645420680838
he threw,0.13939870566156343
he told,-0.18511566434150298
he took,-0.012050784291897399
he treated,0.11946691376237029
he treats,0.03472142540064843
he tried,-0.005526279806805374
he truly,-0.12013298727930136
he trying,0.11313101239673719
he turned,-0.08408529210177916
he turns,0.00703497273791904
he used,0.12518135303575195
he uses,-0.01042970226256506
he usually,-0.04303970297565217
he very,0.0409988901961228
he walked,0.10856327827564083
he wanted,0.19078953119141567
he wants,0.12187367471223517
he was,-0.2543305081172376
he wasn,-0.048937947591831336
he went,0.17528830454241398
he will,0.5995844778730832
he won,0.15486547727378974
he worked,-0.007385148523522275
he works,0.08306727098625195
he would,0.2040384494258209
he wouldn,0.06826305693208284
he yelled,-0.12138370314784584
he yells,-0.10890491042862281
head,0.3717974914782422
head 24,0.044783699728152236
head and,0.08371764658568878
head at,0.07603382565941456
head but,0.15983794898547457
head for,-0.08776905005863163
head games,-0.04949784213867973
head in,-0.028163712164131566
head into,0.08386722451545171
head is,0.1233432006993634
head like,-0.025638670405397523
head repeatedly,0.06313185406421269
head so,-0.10448080549143668
head that,0.10289946517173616
head the,0.1128216235412501
head they,-0.08157298168423142
head to,-0.12611224710940297
head up,-0.013056397463005846
head when,0.0051486335440329364
headache,0.22870957880505732
headaches,0.11040445114584352
headaches and,-0.0026576982942740496
headed,-0.057622731560382986
heading,-0.09459232651515359
heading to,0.012773883360666606
headphones,0.05252302958278284
headphones and,-1.5191095935216311e-05
heads,-0.08788379935948505
headspace,-0.09270926098604453
heal,-0.03744552545516351
heal from,0.06475645527637494
heal him,-0.04361458378108298
healed,-0.03177608017939312
healing,-0.020672041289524316
healing now,0.00207711382432577
health,-0.10321331506647337
health am,-0.011587723769680446
health and,-0.011225230422240225
health anxiety,0.29023385700141874
health as,-0.006985422290155564
health blog,-0.039640081437487575
health care,-0.13930807979118875
health clinic,0.07586675319965959
health for,0.010731510746224143
health insurance,-0.030924729779360696
health is,0.03264951643896642
health issues,0.19477505609905432
health it,-0.07165194316988537
health of,-0.05312755256521076
health peer,-0.05581193537247974
health platform,-0.03172256879923077
health problems,0.029901800059496334
health stigma,-0.08237641946992472
health through,-0.03172256879923077
health treatment,0.023330136042813233
healthy,-0.1890873339058043
healthy and,-0.024330815603496182
healthy but,-0.06111346191826745
healthy lifestyle,0.040821194552213245
healthy relationship,-0.08973301488042267
hear,-0.40457911159624693
hear about,-0.09749036768006296
hear but,0.09732148758418058
hear from,-0.12953518358551566
hear if,-0.1309845481766288
hear it,-0.03254507137051093
hear my,-0.013084975897354053
hear myself,-0.12315914578726085
hear the,0.04135847714002289
hear your,-0.14097530281994053
heard,-0.33199950625801206
heard about,-0.06613122224986133
heard from,-0.033092845076504666
heard him,-0.09994784194706423
heard it,-0.09279721922495372
heard of,0.06684020513780793
heard some,-0.11460341585100894
hearing,0.0237784502780627
hearing about,0.023777309684077864
heart,0.4226009990384976
heart and,0.025994120423932024
heart attack,0.1547259466011683
heart for,-0.09410448231526565
heart is,0.24224157762937729
heart not,-0.08976576666262487
heart races,-0.05217216265355329
heart rate,0.12113158360330083
heart to,-0.04812386428203583
heart was,0.12698357279038228
heartbeat,-0.011351272496080722
heartbreaking,-0.01373889524210264
heartbreaking to,0.040751422348407944
heartbroken,0.06501843307303624
heartbroken and,0.08518521679709222
hearts,-0.08738305820202154
heat,-0.11378532937980378
heat up,0.015300369832953398
heated,-0.003011988496902169
heating,0.11080803737048699
heaven,-0.13890594315469956
heavily,0.051276474582351496
heavily on,-0.09332911581734776
heavy,-0.002010110290782554
heck,0.014055066224963933
heightened,-0.10014244420592616
held,0.012684417650344585
held my,-0.05705511134004892
hell,0.43464114646998586
hell and,-0.03968440994794421
hell but,-0.031417042480295976
hell it,-0.006977795817276372
hell out,0.1162280739137807
hello,0.1191976124683757
hello all,0.051918859354587205
hello am,-0.03618908708173327
hello as,0.04847985234975223
hello assistance,0.008187618226884408
hello ve,0.0021712549993449185
hello you,-0.04509382103789202
help,0.5171561870401814
help am,0.1450101985811769
help and,0.03351496380257615
help as,-0.004822278673007871
help at,-0.02349622925278763
help be,-0.07796170971712207
help because,0.06823353872870379
help before,-0.00013264990033014338
help but,0.3053094525229066
help can,0.06339488887827815
help don,0.054844669360552545
help everyone,-0.009168844028521667
help for,0.01811864063306596
help from,0.04928487971362609
help get,-0.08334160804165344
help has,0.07010476504811804
help have,0.006243062227017181
help he,-0.023352683864590128
help her,0.11034657968532843
help him,-0.2917968106375242
help his,-0.11164536501730614
help if,-0.014214297912861463
help in,0.007368862089897725
help is,-0.08216305293979154
help it,-0.11120810726795932
help just,0.0478643649958633
help lot,-0.01818412798416645
help me,0.7025301799210989
help much,-0.07305891606987422
help my,-0.04117091075991524
help myself,0.14002947330506316
help need,0.14252770318095717
help of,0.04619360935942433
help on,-0.04322807232955971
help or,0.17919945108491805
help others,-0.022807190540768036
help out,-0.07388282228286135
help overcome,-0.03170641837815072
help pay,0.07181909228546521
help paying,0.015038291809383481
help people,-0.16574996875310039
help please,-0.19422139187158607
help really,0.10408613309753503
help right,0.10199378213413966
help so,0.0003143263195682873
help someone,-0.07747728182340069
help support,-0.04807969662196634
help take,0.06467232981199984
help talking,0.09016322348867627
help that,0.014456662163961612
help the,0.132544734447278
help them,-0.12976854868984425
help they,-0.11021479212502709
help this,0.06751115478222908
help those,-0.09724733365473512
help tl,-0.0797744889038527
help to,-0.08369995738340118
help understanding,-0.10652598193197427
help us,0.09648802432370109
help was,0.08942366222212492
help what,0.11949759750907615
help which,0.04393555570400047
help with,-0.3371464022234039
help would,-0.01690426859310911
help you,-0.11399459822766744
helped,-0.6647034165967808
helped her,-0.06414698171687677
helped him,-0.06233993607518617
helped it,-0.06122693936441532
helped me,-0.34891453706746767
helped my,0.09067603984254796
helped out,-0.0016268638925585378
helped them,-0.06640529418454258
helped with,0.0593363012005548
helped you,-0.06183149547322957
helpful,-0.10446464282465931
helpful and,-0.14684527993760965
helpful for,-0.000492538215128166
helpful or,0.08041695112666104
helpful thank,-0.0993753228932623
helpful to,-0.019855266412734565
helping,-0.20304647278511412
helping and,0.021177465969636027
helping him,-0.16230687829564683
helping it,0.007262912310531496
helping me,-0.011979178596398077
helping out,-0.06842828111511182
helping people,-0.02773840993669471
helping someone,0.1004472296375288
helping to,-0.07122102767824662
helping with,-0.005079745221337118
helpless,0.11688439639284698
helps,-0.11012059798652041
helps as,-0.06262408064630544
helps but,0.026954698768056503
helps me,-0.071678434551758
helps thank,0.24752191371997517
helps with,-0.02161289958629055
hence,0.08334332291157502
hence why,0.03604427829689283
her,-1.6397216834975021
her about,-0.009660548611317234
her abusive,-0.08487963323332816
her account,0.0024420131171009303
her after,0.033539048871494594
her again,0.0549917025196319
her age,-0.0848148794348213
her all,-0.004641950919080022
her am,-0.058056982428306446
her and,-0.2514034518956259
her anxiety,-0.025108693636709468
her any,-0.1365268943902532
her anymore,-0.01530415210504492
her anything,0.12872465869039829
her arm,0.03015511231186389
her as,0.04428027319762795
her at,0.005108008804092615
her aunt,-0.00331722067808034
her away,0.05320978907323573
her baby,0.0582027851505072
her back,0.08849892136709385
her because,0.009348961391285745
her before,0.09088308485283829
her being,0.025476139918097766
her best,-0.040042645374582894
her bf,-0.059333316278254375
her birth,-0.07613511596584407
her boss,-0.09154196267654349
her boyfriend,-0.004762620938408639
her brother,0.04549069613764185
her brothers,-0.06192388392005176
her but,-0.292812059760206
her by,0.10944862685692779
her can,0.009819706848767757
her car,-0.14287761870572133
her cell,-0.003195951318401966
her child,-0.08443561941581523
her children,0.0056924756568434475
her college,-0.09196774517212244
her company,-0.0052370860999295
her couple,-0.009214423128192862
her credit,0.015609530751657465
her crying,-0.09557273503934734
her current,-0.09469968382453996
her dad,-0.042654853145647764
her daughter,0.0049022994484673316
her diagnosis,0.01805280608078104
her didn,-0.02507082974370401
her disability,0.024283584692676826
her dog,0.07421709048003859
her don,0.12843374104743505
her down,-0.16378466712208634
her due,0.07647988387546507
her emotional,-0.017716108348308546
her enough,-0.0172063791996853
her even,-0.005161150169702075
her every,0.05698157000695764
her everything,-0.004770284953827343
her ex,-0.2309002946650655
her excuse,-0.06347972077992112
her eyes,0.0006183497160474075
her face,0.015024673698401844
her facebook,-0.0605061454050651
her fall,-0.13379948802781974
her family,-0.01577544976110987
her father,0.12731829647020979
her feel,-0.06855502348227968
her few,-0.002433291779803625
her first,0.041343000906022484
her for,-0.2827373802913691
her friend,-0.04896861128475613
her friends,0.08451246822887334
her from,-0.08432869854766575
her fucking,0.0772024148648579
her get,-0.03764009656141762
her getting,0.017401504533711608
her go,-0.14039993166976392
her going,0.07772209273401319
her had,0.023944958437203668
her hair,-0.0030508738334166542
her hand,0.010859785817447322
her hate,0.11958769956644177
her have,0.05450069755548657
her he,-0.2138133194177518
her heart,0.12608807061795502
her her,-0.01370267859648449
her home,-0.12753224545353745
her house,0.0374877477851153
her how,-0.0029760588240229134
her however,-0.04812630251402829
her husband,-0.1097048789731272
her if,-0.11507755314880923
her in,-0.10977533530735212
her into,-0.1447446694237949
her is,0.16144119662422302
her issues,0.03454277892559741
her it,0.12982911017347024
her job,-0.08958692784407339
her kids,-0.008884675196624645
her know,-0.10830397666177682
her last,-0.16043045089630817
her life,-0.19478814491709195
her like,0.016784817896710245
her longer,-0.08689109515137285
her message,-0.004746401417818407
her mind,-0.12338738969269775
her mom,0.14646372677092548
her moms,-0.06949030060188462
her money,0.03613389851226126
her more,0.013153962837190024
her mother,0.08277025344600826
her my,0.014075949251456246
her name,-0.08068178204028123
her new,-0.061153628095669994
her not,0.02020782831372523
her on,-0.04733712849150261
her once,0.04264629181831855
her one,0.06043294059346964
her only,0.03892423979529542
her options,0.028247704125955553
her or,-0.07360273554377673
her other,-0.09335555470278678
her out,0.03443437256847968
her over,-0.001235770183703667
her own,-0.03917013635579881
her parent,-0.05697969692837687
her parents,-0.06867534682867198
her part,0.04280056941561426
her partner,-0.08331490015534129
her past,0.06912051554044976
her personal,0.038094339080270635
her phone,-0.042220960575387406
her physical,-0.07453634383457598
her place,-0.013085853754363486
her response,0.08477369048714278
her right,0.03901261092941829
her saying,0.010962521689636639
her sexually,0.07881485419529609
her she,-0.20609426647040338
her siblings,-0.08797170794315638
her side,-0.08202651699570397
her since,0.11776857175048673
her sister,-0.2073664091701713
her situation,0.047940127623539774
her so,0.07164881791132932
her some,-0.04565441773180597
her son,-0.05397141284537116
her surgery,-0.023503152836509895
her tell,0.09592942273914663
her telling,-0.015582645152928079
her thanks,-0.00942994979007051
her that,-0.34985131145607185
her the,-0.3995940005477063
her there,0.07867684506356089
her they,-0.10620405676883105
her things,0.0966210329307622
her think,-0.008743664160996588
her this,0.11202348012181486
her thought,-0.003998100745042906
her three,-0.08544740846657524
her time,0.029094658342387593
her tl,0.0978361307573741
her to,0.2542305272221717
her told,0.0298595721749803
her too,-0.02910715054051114
her took,-0.06883991240065208
her try,-0.08889080233329615
her two,-0.07042600367022377
her until,-0.09573343223180428
her up,-0.015883125150808086
her very,0.0339918051725801
her wanting,-0.003795699106776832
her was,-0.07694497776862626
her wasn,0.03123985767703606
her we,-0.19305602652806422
her what,0.01871417105798625
her when,-0.009941533584665332
her which,0.013024059738396189
her whole,0.10092539839919251
her why,-0.05485885489610846
her will,0.003947024884332621
her with,-0.12274763408200463
her without,-0.009576241344272114
her word,0.12942233541945397
her words,-0.06985896129514561
her work,0.012129140014101042
her yesterday,0.015656370645748336
here,-0.22462715911721237
here about,0.12247335271231302
here again,0.09868915114876026
here alone,0.08224046765936632
here am,0.03358361153076452
here and,0.11044593053906014
here any,-0.003688299536983829
here anymore,0.13366090672618008
here are,-0.20316074775047793
here at,-0.19800203462437668
here because,0.04290408589425256
here before,0.01816495716235426
here but,-0.03531841509356428
here comes,0.06962309139235134
here ever,-0.009027194944275143
here for,0.04601544309683659
here from,0.07852904104606757
here goes,-0.08602142398586057
here has,0.054195868332508244
here have,0.018984462430847688
here he,0.0378078211765433
here if,-0.09736488217099887
here in,-0.04337495623565408
here is,-0.37087596950543383
here it,-0.1917734613898374
here ll,0.03444213484479591
here not,0.1177929618526815
here on,-0.0784173800459685
here or,-0.0309759287896418
here please,-0.024015867511602982
here so,-0.0721271414509729
here some,-0.09404476020005645
here that,0.008360359721916594
here the,-0.1741260550296464
here there,0.04729725472178231
here to,-0.09074558099866444
here today,-0.006804041180007276
here too,0.0010485256069103777
here url,-0.01155658258537291
here was,0.06280830967517717
here we,-0.05825070892096173
here where,0.05294558703654647
here which,0.03768654187545472
here will,-0.052360604150883464
here would,-0.011423609504104097
hermit,-0.015438985505231356
heroin,0.0345890249849964
hers,-0.03508415662169979
herself,0.2622268944082158
herself and,0.026964949123928623
herself to,-0.004653246611636921
hes,0.04549332040420585
hesitant,-0.13003111651987553
hesitant to,-0.10604951107843362
hesitate,-0.07069526443357248
hesitate to,-0.0004982698219939675
hey,-0.5247560162518418
hey all,-0.13780747337352497
hey everyone,-0.029956030510171188
hey guys,-0.08313741961622584
hey there,-0.057899740448990725
hi,-0.3466922998392062
hi all,-0.2052447285395155
hi am,-0.02821281035074988
hi everyone,-0.20375197291594424
hi friends,-0.08804372388452993
hi guys,0.052712302355777736
hi just,-0.02208078978339651
hi so,-0.0018535106855314077
hi there,-0.020970199370341634
hi this,-0.13646723837197788
hi was,-0.13172317913239576
hid,0.0027419498272621703
hide,0.36885872037742223
hide away,0.06844062033956674
hide in,0.06950766671252814
hide it,0.09138746684831253
hide my,0.14251186194313645
hiding,0.13690192469505735
hiding his,-0.12654139090714583
hiding it,0.059195275464584605
high,0.10623150997693669
high and,-0.02539252511555576
high anxiety,0.053910441945556935
high hopes,-0.028161848491163592
high on,0.14610138464794625
high risk,0.08940573411105017
high school,-0.16047541901677229
high schoolers,-0.009961077909133335
high we,0.02863000036327091
higher,-0.09528191195789844
higher up,-0.10670620206274121
highest,-0.05713010106704244
highly,0.03938821350677806
highs,-0.08369461433091714
highschool,0.044286412086624545
highway,-0.02472404794645558
him,0.09615551240491615
him about,0.37665173810064273
him after,-0.09260366722254351
him again,0.13266384836597978
him all,-0.040324974621705485
him am,-0.005366884237058374
him and,0.11724457175912356
him anymore,0.011060381278109247
him are,0.09746251895471227
him as,-0.2649308333650132
him at,-0.023119634019976815
him away,-0.05135058141811554
him back,0.2644960197639754
him be,-0.228519537240287
him because,0.046567999355913055
him before,0.0117069418389738
him being,-0.025913979403112738
him but,0.07005245998997751
him by,-0.02274080955287891
him dave,-0.08457194833125226
him didn,0.07606850788095283
him don,0.05757896364192282
him during,-0.019040775841365938
him even,-0.044776135983515625
him every,-0.03057232747475965
him feel,0.08490963752763421
him for,-0.10426169042985546
him from,-0.00708437764706048
him get,-0.07003204571959762
him had,-0.04154011480113328
him happy,0.12598861776526618
him have,-0.06437908154422961
him he,0.11247875306817379
him help,-0.003315009560007273
him her,0.035079542031237074
him his,0.06697352451233594
him holding,-0.024492836520863218
him how,-0.011762483215300962
him if,-0.0007747477087237474
him in,0.11420022806705601
him inside,-0.09039573582759161
him into,-0.00952645766725452
him is,0.04225966422971046
him it,-0.037128169853101
him just,-0.024965597368783975
him know,-0.04056887406585635
him leave,0.07842744415853273
him like,0.09560944707120451
him lot,0.02679632331165578
him money,0.06759971367070258
him more,-0.044956101330499584
him my,-0.034123743291331575
him not,0.1410614733005583
him now,-0.008592141504066057
him off,0.21272548992285428
him on,-0.04863021673861351
him or,0.21092797914346248
him our,-0.0016454734226857318
him out,-0.33015470169779737
him over,0.03894444003018592
him please,-0.009326949269994186
him saying,0.08244335513108127
him she,0.19177946922628009
him showing,0.055600650407837376
him since,0.012485273482750626
him so,-0.0323561801986954
him sometimes,-0.10266033977912375
him somewhere,0.0077831397126394124
him stay,-0.03196295785720594
him talking,0.08384736353753838
him tell,0.05261214736964532
him telling,-0.038687533201654606
him that,0.002923721963445599
him the,-0.11941444382198521
him they,-0.16865624786912495
him this,-0.07950855055645684
him to,0.2500252073619657
him until,-0.025714994060375626
him up,0.04651654610605156
him ve,0.044812935542552404
him want,-0.011388642493898773
him we,0.18048298725206025
him what,-0.011981532038920559
him when,0.13151750547505367
him which,-0.019930474510954668
him while,0.04196423564566477
him why,0.0626838448095274
him with,-0.18291538863145226
him x200b,-0.17730283872478053
himself,0.22965469489581275
himself but,-0.008126911674488447
himself don,0.04539675880026702
himself in,0.008068857977484861
himself out,-0.006353628652855955
himself when,-0.007204689211339821
hint,-0.11762193352447463
hint that,-0.08048523788283306
hints,-0.08534383438279561
hip,-0.04319780631573405
hire,-0.03149456627171052
hire me,-0.0781000953909107
hired,0.028972469075407993
hiring,0.05471015757194393
his,-0.6787084777043043
his 60,0.08221924034937109
his actions,0.006826565931970596
his anger,-0.08566553739240386
his answer,-0.0605061454050651
his anxiety,-0.0017298300830454574
his apartment,-0.10218731723524606
his arm,0.02056194377135184
his back,0.1183520344922891
his bed,-0.2105831385392161
his behavior,-0.04548292999533674
his best,-0.042761183368400485
his birthday,0.037292197572839476
his body,-0.2158115357585885
his brother,-0.10454437247623835
his car,-0.03747723202723991
his child,0.0735313267207674
his clothes,-0.11224415309667814
his coffee,0.08054505874518356
his computer,0.10440592403935421
his dad,-0.18437508432828062
his daughter,-0.018679024835173016
his day,0.11967655746253528
his degree,-0.10013719541403653
his depression,0.0643942454745378
his dog,-0.012327057025524942
his ex,-0.05374635700697969
his eyes,0.015675215718874348
his face,0.050944154983600394
his family,-0.15953556586886272
his father,-0.2706370292153825
his fault,0.07371615039681301
his feelings,-0.08680717489595995
his first,-0.0327374933197134
his fist,0.07026500826341212
his friend,0.22347655008820783
his friends,0.0746796283331033
his full,-0.10270388672001898
his girlfriend,0.08705764650375951
his gun,-0.012765042013766631
his hand,-0.006220384889161401
his hands,0.06969068833058678
his he,0.07664442934212345
his head,0.044982895752836906
his help,-0.03469500337138042
his hometown,-0.09634097245650806
his house,-0.1463177360932861
his job,-0.09441167453291291
his lack,-0.06062901700014838
his legs,0.10214109509586139
his life,0.12937947012480372
his mind,0.07471737408666523
his mom,-0.19499786128830318
his money,0.07157482349858918
his mother,0.10943004823148918
his mouth,-0.02663950834393954
his mum,0.012331580123827311
his name,-0.0259571046857972
his new,-0.14103361713793375
his next,-0.009593999276911083
his nonsense,0.057101051199692124
his office,-0.10689730482341955
his old,-0.09254029993842186
his own,-0.18019690912356146
his pants,-0.008269360355454858
his parents,-0.0220528128824384
his past,0.1483032925954491
his phone,0.06398523145161863
his place,-0.014836208002732458
his plan,0.12685128918739821
his response,-0.03484005806495397
his room,0.05729732435168514
his second,0.0065545603699642
his shirt,-0.015572847231942872
his shoes,-0.018563778701446133
his side,-0.16075669990538946
his sister,-0.07124781647784721
his son,-0.10761488753875652
his stuff,-0.06808605267802423
his time,0.0610258412108577
his truck,-0.1327046391571285
his two,-0.04262618606557767
his voice,0.09606797385072649
his way,1.8012066889230946e-05
his wife,-0.13023117246955304
his words,0.027293582490787848
his work,-0.07032758050816525
history,0.14336010957646877
history of,0.02771141912474925
history with,-0.09833917502504297
hit,0.03862943756752507
hit back,-0.03119174771250467
hit by,0.08325488512312171
hit her,-0.08370018652334121
hit it,-0.13519168039497984
hit me,0.15478718730105023
hit my,0.10289447585041402
hit the,0.031217957695978578
hit to,0.1263252249103888
hit us,0.07940798383482969
hits,-0.1320913588431947
hitting,0.3489803565612392
hitting her,0.08649271413777214
hitting him,-0.018323330188880858
hitting me,0.16661048108840534
hitting my,0.0539147811843968
hobbies,-0.02103823499344299
hobbies and,0.012044088947619987
hobby,0.043326750134501074
hobby and,0.1053873121158817
hold,0.03587359527565833
hold and,0.12123135031636499
hold any,-0.0659872077341878
hold for,0.01764676004760123
hold her,0.03303730746272216
hold it,0.07221686739796467
hold job,-0.02955454544407013
hold me,0.014154762410849083
hold my,0.06252241149710402
hold of,-0.01078578423929331
hold out,-0.11077400626226289
hold significance,-0.03832236404144581
hold that,-0.04265058235428997
holding,0.016128011874945683
holding me,0.02623426470928543
holding my,-0.004536947318675079
holding the,-0.004895825439952982
holds,0.25465582709009876
holds me,0.14920495919820229
hole,0.2867121710133682
hole and,0.0776606741067282
hole in,-0.05185073414949516
hole of,0.09222728873193799
hole that,0.03460438901193278
holiday,0.07565984779635453
holiday season,-0.08786821399438151
holiday she,0.0622842510459868
holidays,-0.18593690619030356
holy,-0.03703639336901881
home,0.5273550954176874
home again,0.017928624618856918
home and,0.25301009988441514
home as,-0.05031628171321872
home at,-0.049941844901090854
home away,-0.034852219239591406
home but,-0.04512785343639958
home by,0.0007915450871047234
home due,0.0994834866380728
home for,-0.2008875795924446
home from,0.24765615607922636
home have,0.05548289510068001
home he,-0.11546648331493764
home in,0.14275196603416704
home is,0.052471128275711314
home it,-0.10657263093209272
home life,0.06792813679089009
home mainly,-0.10911800070037934
home my,-0.04300600488050363
home on,0.012352391107574735
home or,0.09226321947177456
home right,0.07289237557283468
home so,0.12095581927977511
home the,0.04631843479624238
home this,0.09990338154623475
home to,-0.04974067593264292
home town,-0.012023861242897187
home was,0.12200903489150197
home we,0.044804347659567235
home when,0.02859953444296873
home which,-0.09744520988296589
home while,0.053148907224460154
home with,0.08455874165578617
homeless,-0.3829140854482603
homeless and,-0.07494998634334397
homeless as,-0.040299854491172994
homeless but,0.09696608789641692
homeless by,-0.010630334868176241
homeless for,0.02712728220175104
homeless he,0.11312711265226608
homeless in,0.008028574529167961
homeless is,-0.1207802028588311
homeless people,-0.22969283577321625
homeless person,0.01076371961984006
homeless shelter,-0.07200099684987281
homeless shelters,0.020384090524661513
homeless soon,-0.02046756785343343
homeless they,-0.008517865841416766
homeless ve,-0.0915063109256095
homelessness,-0.1437876879052876
hometown,-0.025283598232380872
homework,0.011584006906831562
honest,0.16417896157021278
honest about,-0.012482748839493255
honest and,-0.14812557516766003
honest don,-0.010822400249222519
honest with,-0.05087741459788092
honestly,0.5299323796120754
honestly don,0.061283913862343976
honestly dont,-0.024238008502532882
honestly doubt,0.04954259338477768
honestly feel,0.059818051485711704
honestly he,-0.016332078562907634
honestly it,-0.042707774221457835
honestly no,-0.020527557925215163
honestly the,0.09027579289280527
honestly think,-0.010042611498214444
honesty,0.19167491166048525
honey,-0.0006091580949856095
honour,-0.0893802417571882
hood,-0.05591019159967221
hook,-0.08365281395075677
hook up,-0.004572232827091866
hook ups,0.01124018548154402
hooked,-0.016594396397329264
hooked up,-0.016594396397329264
hooking,-0.0045702451080564
hooking up,-0.0045702451080564
hop,-0.029054678783733027
hop with,-0.06655026477653447
hope,-0.3742006640964777
hope all,-0.032437739882999195
hope and,-0.10836615938231131
hope can,-0.11044020651824338
hope for,0.10102503358722308
hope it,-0.027089136624934868
hope my,-0.005010006899973182
hope others,-0.09036227056663278
hope she,0.11556192907685692
hope someone,0.06623205321076177
hope that,-0.25306664184550276
hope this,-0.18242597793508453
hope to,-0.11607383746024665
hope you,-0.060540360914906804
hoped,0.07356955737515823
hopeful,-0.02991974385086757
hopeful that,-0.056790185516423675
hopefully,-0.05763833654966685
hopefully getting,-0.06655026477653447
hopeless,0.25594839050968093
hopeless and,0.06533728144379332
hopes,-0.12137213213111597
hopes he,-0.0012339024096511442
hopes that,-0.019076556125074414
hoping,-0.012791822105961834
hoping for,-0.051380769971971385
hoping it,-0.05002824130200933
hoping someone,0.05928082891722558
hoping that,-0.03593582773178351
hoping there,0.08832692763995283
hoping to,-0.12353936797026889
hopping,-0.03311141218654823
hopping with,-0.06655026477653447
hormones,-0.024296928167432254
horrendous,0.08594692443271643
horrible,0.6170484411159138
horrible and,0.09202917681083753
horrible day,0.06551236843509568
horrible it,0.0602289325215629
horrible person,-0.06576080486410947
horrible physical,0.07157610155962542
horrible things,0.08795923395209429
horrible to,0.10648565447129367
horribly,0.09215120553502175
horrific,0.05615543474343496
horrifying,0.08954093187013462
horror,0.14853706963491362
horror and,0.09433283719809885
horror movie,0.058040920336434265
horse,-0.1636117268590268
horseman,-0.030586427592916007
hospital,0.32575951252437313
hospital and,0.03471370075076506
hospital because,-0.022449529366349866
hospital but,0.06586040150732032
hospital for,0.10042779826748575
hospital having,0.07972130291712162
hospital he,-0.0491903484234593
hospital that,0.08044448167601055
hospital the,0.05667680943009459
hospital though,-0.02693034695662633
hospital when,0.02402388346522971
hospital with,0.09226393957170792
hospitalization,-0.03950282698335203
hospitalized,0.07531717330115907
hospitals,0.059549844825763705
host,-0.07989451733623092
hostels,-0.06655026477653447
hostels when,-0.06655026477653447
hostile,-0.06302525299033061
hosting,-0.09387935908634576
hot,-0.15586530353431344
hot and,0.03638984653451847
hotel,-0.24040075321943358
hotels,0.009730977038021012
hotline,-0.008164402063805525
hour,0.043399591480446385
hour and,-0.07074005400009724
hour away,-0.08854289845788768
hour drive,-0.022097404000713996
hour of,0.0812927738064179
hour or,0.0172325661254759
hourly,0.012868506907884509
hours,0.04262387449896962
hours ago,0.09883509576273199
hours and,-0.010473391322320374
hours are,-0.11940788321996824
hours away,-0.20492272612071682
hours but,0.026870309901029114
hours day,-0.06555669507740722
hours have,0.1272130283837336
hours in,-0.016536914206355908
hours might,-0.033862052767941374
hours of,-0.021838749835929355
hours on,0.11154713735341915
hours per,-0.09981869778007153
hours since,0.02074355903183027
hours so,-0.08934401601101523
hours to,-0.0020451325765730713
hours week,0.08519917276842458
hours you,-0.07266815230525188
house,-0.03397437473855467
house and,0.18007693072341696
house at,0.03630917428013548
house because,0.015687329843687727
house can,0.07107830853325516
house etc,0.08580513407427554
house few,-0.05253194746739369
house for,0.08735698361435412
house he,-0.12217552274667703
house if,0.05742153371662925
house in,-0.06981992783641754
house is,0.15268581997605443
house my,-0.19943076400156876
house of,-0.06923183050987272
house on,0.0005987857282424312
house or,-0.08335559254906266
house she,-0.031179165528291815
house so,-0.046686776285692184
house that,-0.09017946620539036
house the,0.006240812701503605
house they,0.12054814706451027
house to,-0.12931923045113264
house until,0.05362636869514095
house warming,-0.10911800070037934
house was,0.05790859182800952
house we,-0.1636467773889201
house went,-0.09385842024411437
house when,-0.013146806490644642
house with,-0.008951769245509836
housed,-0.07307077367011193
household,0.017427273948126733
household and,-0.13613993686482256
houses,0.016470773973411484
houses or,0.08580513407427554
housework,0.08314308362603418
housing,0.15292605978298618
housing and,-0.004284885841769546
housing but,0.01626360349297463
housing on,0.08580513407427554
housing the,0.018091029887824357
houston,0.1757599136187463
how,0.7146510769686574
how about,0.14283736442517067
how am,0.2723478397205125
how and,-0.004145895947419945
how are,0.04949451228612425
how bad,0.060825820093822716
how beautiful,0.07737452738334782
how can,0.2990356345039127
how close,0.10148085184255143
how could,0.023699787401271703
how deep,-0.11729313470947299
how did,0.3496508636889757
how do,0.22792290590261496
how does,-0.016705594569043625
how feel,-0.009599490651092883
how felt,0.040932632705097026
how great,-0.13713474668480996
how happy,0.11357779242796737
how hard,-0.09037215135486229
how he,0.11471937185678929
how if,0.003909669711211753
how important,0.0581156365917854
how is,0.06034786233627952
how it,-0.35229998168539955
how long,0.17373903323800446
how many,-0.0874226215848037
how might,-0.10560013132243133
how much,0.14141697663949024
how my,0.06109264825425787
how old,0.0028576347476499675
how our,0.00695137400582997
how pissed,0.09732744534081719
how preferences,-0.04509382103789202
how real,-0.13365895392256208
how really,0.044783699728152236
how she,0.14612468525541786
how should,0.1463178783920733
how that,-0.00328824538333074
how the,0.11799646432217115
how there,0.058588873877174444
how they,-0.1817536225812389
how this,0.047648625315961805
how to,0.33611406973341257
how truly,-0.009869448585600866
how uncomfortable,-0.002055673911325632
how unconditional,-0.04949784213867973
how was,0.027416648915949794
how we,-0.002995123298614122
how well,0.014451691929642074
how would,0.010231280536865643
how you,-0.13227853815519608
how your,-0.020430901918932813
however,-0.44144719305500085
however am,0.08787647944435543
however as,0.017562194623154705
however could,-0.07869493945608112
however don,0.06964283181246538
however he,0.01869819212986113
however is,-0.08460023474221905
however it,-0.08841781497425963
however its,-0.04989070848110661
however long,-0.08790572975713713
however my,0.07820594415144061
however she,0.02373434300735998
however still,-0.007757602699638716
however the,-0.1699579379727056
however they,-0.0704086977622238
however this,-0.00901203424175018
however today,-0.011070560767006627
however was,0.001029723291708325
however we,0.016890896788093995
hr,-0.07091677975754554
hug,0.06780479966489034
huge,0.0699391664950419
huge amount,-0.046774794890425464
huge deal,0.11352345578467354
huge fan,-0.012553896601768663
huge fight,-0.0059703576259526455
huge help,0.0160626495986819
huge step,-0.07786799083850778
hugs,0.06695309038389215
huh,0.0800866955089749
human,-0.09691212989517163
human being,0.15227159962559167
human can,-0.09682533690875351
human interaction,-0.02551037219861608
humanity,-0.009727241506714395
humans,-0.0013369243252772784
humans have,-0.06292189977970811
humiliating,-0.033584769138151054
humiliating and,-0.07996473371485904
humiliation,0.04559132997625985
humor,-0.10402295017818478
hundred,0.005823703804804321
hundreds,0.07132960524510323
hundreds of,0.07132960524510323
hung,-0.32918935265542126
hung out,-0.18629348186589384
hung up,-0.17797709066544237
hungry,-0.016725681143649564
hunting,0.010634954714685898
hurdle,-0.016742986282139785
hurricane,0.019255405678069014
hurricane florence,0.019255405678069014
hurt,0.31515393316531637
hurt and,-7.887599375345442e-05
hurt from,0.07586105150030201
hurt him,-0.09625881854958442
hurt me,0.1256579816331748
hurt or,-0.08064355001122818
hurt the,0.09787105338354884
hurtful,-0.007029111600573835
hurting,0.13798936123593247
hurting her,-0.07533196969483476
hurting me,0.09275532828239946
hurts,0.19066215049150514
hurts me,0.08356257918933077
husband,0.03185270521878667
husband after,-0.009489532181775347
husband and,-0.07532285068869304
husband but,0.10177264543032771
husband has,0.19670748815605066
husband he,-0.038209874256576126
husband is,0.03971426178025447
husband my,0.09108135205091279
husband out,-0.017263721053339048
husband she,-0.15419177920755242
husband to,0.0014966782952131007
husband was,-0.0791266076120107
husband who,-0.03390283612806598
husbands,-0.07492165672368217
hydrated,-0.0929075228534279
hygiene,-0.007346820680356577
hyper,0.023991626796099508
hyperventilating,0.08637253624812333
hypervigilance,0.0365780818895907
hypochondriac,0.06406360456985921
hysterical,0.10260033055296902
hysterically,-0.009310853897086876
hysterically crying,-0.03556893870787796
ice,-0.1346675472999392
id,0.015160383395862675
idea,-0.209214578441604
idea about,-0.05846409509313115
idea have,0.08055167252661352
idea how,0.0848531856672596
idea if,-0.005992420540893599
idea in,0.06646224885506477
idea of,-0.14854434744389686
idea she,-0.07280651060160687
idea that,-0.15777808727344733
idea to,-0.15842477063940955
idea what,0.1537111232861447
idea where,0.07735462214218113
idea why,0.021020584826216524
ideal,-0.03312998327241125
ideas,-0.08723996395901966
ideas for,-0.12244080774792711
ideas of,-0.023796306085136092
ideas on,0.022248361360566616
ideation,0.13923925097988013
identified,0.012973117939219354
identify,0.057024426249615255
identity,0.07047998732213517
idiot,0.17516480026849
idiot for,0.07668375560852068
idiot or,0.08238891221223398
idk,0.27043981268976697
idk if,-0.003420790429209444
idk what,0.22220077051392084
ie,0.12066074286058873
ie not,0.09232963693405277
if,-0.5197876878456239
if am,0.06410463086840193
if and,-0.04509382103789202
if anxiety,0.05411245080730281
if any,-0.16783951089839538
if anybody,-0.014968511710936354
if anyone,-0.2393757153421591
if anything,-0.09954805470811487
if ask,0.07749147379816683
if being,0.04512083061844598
if brought,0.06316297110021211
if called,-0.041490631649893556
if can,0.15590649686486904
if could,-0.030498247901922543
if did,0.0724932145419318
if didn,0.08455873207085177
if do,0.21754011889706146
if don,-0.06482398055368803
if even,0.11974312236691813
if ever,-0.06019875640195323
if everything,0.03300558779781787
if feel,0.0784098158432967
if found,-0.007480808613764444
if get,0.05495743012811639
if going,0.1156826763632768
if got,-0.017251534528895114
if had,0.06588140789254153
if hadn,0.12215000373779834
if have,0.1712031254568436
if he,-0.2604604673791897
if heard,0.010548670149774326
if her,-0.12001322658359885
if his,0.10485320720778878
if im,-0.006389878516597502
if in,-0.102574942394045
if it,0.2839668152127267
if its,0.0376222684041789
if just,0.18488801711383204
if keep,0.13124545950336627
if know,-0.046323430334397904
if like,-0.0950783346959369
if ll,0.017425099907910253
if make,-0.029142744647499254
if maybe,0.05509682419837911
if me,-0.0007878017366353592
if my,0.15212533624334942
if need,0.10999216388682957
if needed,-0.06971610242495226
if not,-0.11244648949937272
if nothing,-0.12088510802246412
if one,-0.12763745303219173
if only,0.07789910654591096
if others,-0.11280138185764414
if patient,-0.04509382103789202
if people,-0.08576775995162042
if person,-0.09034381200443213
if really,0.03815288656418264
if refused,0.018464543758277975
if see,-0.027324828003694273
if she,-0.1893804871303218
if should,0.1742666817921017
if so,-0.028020399171110103
if someone,-0.18605043062189558
if something,-0.04086079968106485
if that,-0.039733380048696185
if the,-0.08908429952003324
if there,-0.28420901073652427
if they,-0.045552145899738765
if things,-0.14950436528890915
if this,0.3230358405478336
if try,0.1295320084553084
if want,0.13838294928112166
if wanted,-0.04540741954091797
if was,0.09746271513756599
if wasn,0.04511617490035372
if we,-0.04751764021075602
if were,0.1693035797137636
if what,-0.01226411413552126
if worked,-0.005967985717784779
if would,-0.10614990646063202
if you,-1.0365201158608617
if your,-0.012828610409409899
iffy,-0.014985389591864464
ifs,0.08671925911722686
ignorant,0.08279299402291189
ignore,-0.16195570660104608
ignore it,-0.2094150083994481
ignored,0.10966571643328894
ignored because,0.0022501658215336373
ignored it,-0.05737616666682295
ignores,0.0224571285249641
ignores me,0.05771359890801658
ignoring,0.06740987007585816
ignoring him,0.059976593682178087
ignoring me,0.09972184288415352
ii,-0.026137132810664706
ill,0.17261254257714617
ill and,0.06650059140710612
illinois,0.006050802832282309
illness,0.051962063947094204
illness and,0.04539348422995489
illnesses,0.04182980541151306
im,0.6041927815022473
im anxious,0.08810840702567371
im even,0.05408142890073404
im just,0.018963909897444276
im not,-0.1917897267594406
im scared,0.04811973928419537
im so,0.10004032217485383
im still,0.05988610829067042
im talking,-0.0920314621087786
im tired,0.08637832578876227
im trying,-0.03405867150579137
im worried,0.012782759191298546
image,-0.11136293824264326
images,-0.10450167078340188
imaginable,0.11473334725348606
imagine,0.03331897157856772
imagine people,-0.047322910718599676
imagine that,-0.06757194942091087
imagined,-0.1886628247354989
imagining,0.13457881126810148
immature,0.11134548716713809
immature and,0.003090654564986322
immaturity,-0.11963128012138345
immediate,0.023060514283935487
immediate family,0.004751292184096381
immediately,0.1645048418476205
immediately after,0.06723867568595297
immediately feel,0.07208069252952741
immediately got,0.039783009246640036
immediately he,0.08930154080040954
immense,0.08294984062969663
immensely,-0.037884203189908
immune,0.09920675307303771
immune system,0.03507846494078311
impact,0.2071086825048851
impact of,0.09501099551315159
impact on,0.04252117314854912
impacted,-0.03726395638840821
impacted your,-0.039640081437487575
impacts,0.05637296283198051
impatient,0.10702155754704462
impending,0.1179854167618951
implied,-0.0146595341658352
imply,-0.009655691810510202
imply that,-0.07038611912008454
importance,-0.039640081437487575
importance on,-0.039640081437487575
important,-0.21783397580972808
important care,-0.043742767955615464
important for,-0.06729475736983914
important things,-0.07204488889183357
important to,-0.10347893112898632
importantly,-0.07821739917397764
impossible,0.14776839590453839
impossible to,0.14385908898781083
impress,-0.0073837331136118265
impression,-0.16982716664069245
improve,0.05753903303420484
improve myself,-0.025680222299502713
improve the,0.09685503139006431
improvement,-0.18126072607845503
improvements,-0.03555030179747268
improves,-0.0515120047179614
improving,-0.08788707232172112
impulsive,-0.02313346035554084
impulsive and,-0.04118770387150052
in,-0.637572463562268
in 2006,0.002075412784010198
in 2013,-0.09341857915201282
in 2016,-0.08670077322360006
in about,-0.14012862438487658
in abusive,-0.09929045759818347
in addition,0.019293294441445754
in advance,-0.12568620896976296
in afghanistan,-0.10616450534690978
in all,-0.00027280136763326046
in almost,0.08109414255798808
in an,-0.12280739212395886
in and,-0.2970744303876624
in another,0.03996021834569362
in any,-0.048596498711087434
in april,0.011426067328331574
in assistance,-0.11190127814650876
in at,0.061257482619216284
in august,-0.12672821126720588
in awhile,-0.01798255964444842
in ban,-0.052360604150883464
in because,0.14868932785568065
in becoming,0.006971873695829755
in bed,0.2067292607923884
in being,-0.0009622955156459226
in better,0.000559957831953181
in between,-0.13162198305012543
in big,0.021095532401199123
in bit,0.005167017352714964
in bullet,-0.09749056458957775
in but,0.02427623935325099
in california,-0.07358360414202617
in can,0.09022955996901404
in canada,-0.025194407392027697
in car,0.09701599922753472
in case,-0.35938593590493917
in cash,-0.054485328926660935
in certain,-0.030811172818124115
in child,0.08520296559928525
in chronic,-0.0004015208141068826
in city,0.03214507326730696
in class,0.04292776859565104
in classes,0.08812755443129998
in college,-0.07340839599534683
in combat,-0.07996473371485904
in common,-0.12160834606487907
in comparison,0.006231611779054464
in completely,-0.081303512875508
in confusing,-0.032735196733199697
in constant,0.0830146719572181
in contact,0.014092076574615501
in control,-0.06037013150500215
in conversations,-0.03055564574588984
in couple,0.15755033074594996
in court,0.1606580801193073
in days,0.029228050591495202
in dealing,-0.01591147258322639
in debt,0.010347169901689561
in dec,-0.03528829348886345
in december,-0.2999264009536424
in depressed,0.05411245080730281
in depressive,0.0076079131533525095
in depth,-0.07452701801777199
in different,-0.14699236742605346
in don,0.09963679403143041
in dundee,-0.05204912245977565
in each,0.0200374289774528
in europe,-0.025832232977681738
in even,-0.08657674575771827
in every,-0.05590334519678362
in exchange,-0.08092164240453674
in fact,0.045099139344809094
in fear,0.08629641386875682
in february,0.012654652606372658
in few,0.06537031992021751
in fight,-0.08830365077896153
in five,0.10182844087190412
in florida,0.13841385351125357
in for,-0.012835868637269127
in foster,0.02562113851671068
in front,0.19726429064091108
in full,0.00250929083059848
in general,-0.09252947380783766
in going,-0.001049154228317503
in good,-0.25345274185295935
in graduate,-0.08414425450879476
in group,0.0592641288627172
in guiding,-0.020430901918932813
in had,-0.034797892578118605
in half,0.046464497492017885
in having,-0.039536693194961454
in he,0.13701332164180668
in her,-0.3627959029616243
in here,0.009402491383016867
in high,0.002033507476626048
in highschool,-0.0005864994315561629
in him,0.03321034196088415
in his,0.11476166124062895
in horror,-0.024331081168738788
in hospital,0.000645275522890041
in hostels,-0.06655026477653447
in hotel,-0.11522481771713967
in houston,0.09328330610771435
in if,-0.003051897500352062
in inside,0.06915067624284867
in it,-0.012549588232074423
in itself,0.009340311639939624
in jail,0.013737143934627844
in january,-0.015550850249165972
in job,-0.022586791822864598
in july,0.028705893618060467
in june,0.08295486006062348
in las,0.030663089222146334
in late,-0.17137702568686938
in law,-0.053882593509554516
in laws,-0.0043071742011603536
in less,-0.0642014591283594
in life,-0.00854598108752127
in light,0.010752804542936742
in literally,-0.03572747052101315
in long,-0.04380799046950283
in lot,0.05913543098432134
in love,-0.2443490939380427
in making,0.07210790728550837
in many,0.05821661642065317
in march,-0.16053649173354365
in may,-0.08118283313135993
in me,0.11625784614030162
in mental,0.014454559309224346
in middle,0.05878847578471756
in million,0.10969414947514027
in mind,-0.11214334274354218
in money,-0.009119938484702715
in month,0.13217760367306802
in months,0.07082328996628771
in more,-0.06834164305024454
in most,-0.10730664102587525
in much,0.010800755739627332
in my,0.5802112277883258
in myself,-0.10085893184162761
in nature,-0.10452815061957167
in need,-0.16447721238933224
in negative,0.07917370264244011
in new,-0.03909185208143089
in no,0.04841287026968733
in non,-0.00992443856332519
in normal,0.036392310105587654
in not,0.021542168345899795
in nothing,-0.010078503014369739
in november,0.004520584158316164
in now,0.0001102461366045457
in nyc,-0.1411965087879537
in oaxaca,-0.08933596471791426
in october,0.1817039576579657
in ohio,-0.12653338984594814
in on,-0.07968284592616065
in one,0.047557600135443204
in online,-0.07546960161762863
in order,-0.23422349542252666
in other,-0.04751378818185284
in our,0.08996612960625743
in over,0.04497505136552508
in pain,0.13011755473111947
in parking,0.012561109304990003
in participating,-0.08052297726888205
in particular,-0.1587694576714978
in past,0.08200730050982769
in peace,-0.02458126797933329
in people,-0.01669152672575696
in person,-0.14716793491667274
in place,0.004686749378710833
in pool,0.07119655863044407
in position,-0.10022283369094658
in pretty,0.11946330710426577
in prison,-0.07389470121481033
in private,0.00409445003958287
in public,0.06278144159488697
in raising,-0.03172256879923077
in reality,0.11283830173963227
in really,0.07157249924401486
in recent,-0.1737258518913998
in reddit,0.009417832349634545
in regards,-0.05373332145803036
in relationship,-0.1785666134079971
in response,0.1162487663186873
in return,-0.172225408929152
in right,0.06310285149403595
in room,0.005915506008119781
in row,0.2247369793171568
in san,-0.008000370152233701
in savings,0.10366742667811281
in school,0.18112516118378172
in self,-0.07964870345335749
in september,-0.1665286574462823
in sexual,-0.06825660176221782
in shape,-0.05740198764772252
in she,-0.04215245237024925
in shelter,-0.0012339024096511442
in shining,-0.09398722043290896
in shock,0.03200208755718023
in short,-0.15450435171259366
in sick,0.09501655029817554
in similar,-0.03014548180576889
in since,-0.014345602630559388
in situation,-0.020006921995198566
in small,0.12088753985530408
in so,-0.014961710284720108
in social,0.11972123368622611
in some,-0.11721050299572285
in someone,0.08580513407427554
in spite,-0.004628329531964887
in state,0.10853141891698899
in store,0.0028714501902606564
in student,0.11744356455696965
in such,0.09039647097557679
in super,-0.0031792629273868947
in survival,0.10453558226926839
in sweat,0.06660820004470946
in sweden,0.08442218637679591
in taking,-0.09751790938059539
in talk,-0.06755832350650474
in talking,0.08971665434603403
in tears,0.20403835760703465
in terms,-0.11749246351458358
in that,-0.11200851856805383
in the,0.09266770643633636
in their,0.06033471544688676
in them,0.05099417009272
in therapy,0.1372222177898358
in there,-0.060724509091070834
in these,-0.10201345115916517
in this,-0.14683865669150123
in those,-0.28759304878202935
in three,-0.022133813418726236
in time,-0.02814951465446111
in to,0.07127178948203863
in together,0.03581436705767277
in touch,-0.21400437425043012
in town,-0.06954502910331108
in trouble,0.044561300409645725
in two,0.2008551454583278
in until,0.07917349767442369
in various,-0.14299184957425876
in very,0.15820183824721318
in was,0.046305755704267565
in washington,0.08722086396628914
in way,-0.12777317404047542
in ways,-0.0016940619459369964
in we,0.018860596770953322
in week,-0.022758405334648683
in what,-0.006296729109325233
in when,-0.027293902476266823
in which,0.08263665845034321
in while,-0.13934065699107553
in will,-0.009809331266417016
in with,-0.16732167899130068
in working,-0.03541346282797958
in year,0.019154992359993576
in years,-0.12997620189996384
in your,-0.23809030420653812
inadequate,-0.04372515688316359
inappropriate,0.02518023126443233
incapable,-0.02155033665174815
incapable of,-0.02155033665174815
incase,0.07328674590894596
incest,0.15197129951949184
inches,-0.08950585456558616
incident,0.20404764699143407
incident has,0.04244278935091284
incident of,-0.11020259761895297
incident that,0.05998150926547416
incident the,-0.011500515781751366
incident with,0.08460949692774858
incidents,-0.014197491102077998
inclined,-0.04105164662980977
inclined to,-0.04105164662980977
include,-0.3779980912618162
include only,-0.04889274569267998
include the,-0.08407567638642974
included,-0.15262070166802436
includes,-0.13828794822687956
including,-0.0019789903214257514
including emotional,-0.06796256476729837
income,0.06848397480481923
income and,0.05446132202973964
income requirement,0.16506087362074828
income to,-0.06315505972144309
incoming,-0.1114230238615016
incompetent,0.11186119752673876
inconsistent,0.09052814387726217
inconvenience,0.06324114304183634
increase,-0.14707806233799683
increase in,-0.06180699303587257
increased,-0.08949242496188693
increasing,0.06575399504544924
increasing my,0.06575399504544924
increasingly,0.06931315596669396
incredible,-0.11667106809040924
incredibly,0.19832418832592083
incredibly hard,0.08552483133189129
incurable,-0.0037029387299780388
indefinitely,0.07192057148059866
independence,-0.0037189839003720373
independent,-0.18360830082002996
independent and,-0.02553525785722985
independently,0.056258641193420014
independently for,0.056258641193420014
india,-0.04634226325261711
indian,0.009095431990076158
individual,-0.17933661513391685
individual therapist,4.5853279673165265e-05
individuals,-0.23785064110812823
induced,0.07019943595602529
inducing,0.06904140460647289
industry,0.20613285855504085
industry and,0.10540146508394659
inevitable,0.0003062635748459715
inevitably,0.07502519533419638
infancy,-0.04949784213867973
infancy through,-0.04949784213867973
infection,0.06356677624566305
inferior,0.06281867871108535
inferred,-0.03643241365702298
infested,-0.005519168214268988
infidelity,0.001445739177573748
infinite,-0.14127158013787258
influence,-0.059486417805806366
info,-0.18319669648168
inform,0.07438383536492978
inform them,0.07438383536492978
information,-0.4482782862420372
information about,-0.10066667655837656
information around,-0.020430901918932813
information in,0.026910433092291863
information is,-0.0907492434052019
information on,-0.07341372294013931
information or,-0.0733203353410753
information please,-0.02965150330225004
information respond,-0.04509382103789202
information that,-0.04527986429064051
informed,-0.08313488144685112
informed consent,-0.046076166028178794
informing,0.004896386082549696
infuriated,0.06361312671532199
initial,0.09762017572678448
initially,-0.14228970150410827
initially told,-0.060629374800362644
initiate,-0.16044571756596607
initiated,-0.06956494874313286
injured,-0.038707399727202656
injuries,0.054309977522396975
injury,0.03387119674250137
inlaws,-0.0901192558765534
inmates,-0.018899756304421415
inner,-0.16862549402148347
inner city,-0.08811439533857897
innocence,-0.1060342833573848
innocent,-0.14759526039230583
input,-0.16978584733123073
input on,-0.10365910759341448
insane,0.12168131857102625
insane can,0.007748135773840852
insanely,-0.13586579364526308
insect,0.07594706966644167
insect memories,0.052471128275711314
insecure,0.06591116879191312
insecure about,-0.025622622396361795
insecurities,0.2150103120953952
insecurity,0.09314421515864311
inseparable,-0.06410556002428587
insert,0.020928491570960245
inside,0.4151224095551836
inside and,0.027585258726262413
inside but,0.05310708925166465
inside it,-0.0011955431691749172
inside me,0.09943155344581325
inside my,-0.0018868396399700105
inside of,0.06081968730832566
inside the,-0.08019093004098048
inside was,0.10833425225352965
insight,-0.005696158678983104
insight from,0.07506391901187126
insights,-0.010752173596561748
insignificant,0.013235600760819366
insist,0.03582453418062285
insisted,0.008951247392257281
insisting,0.08818547618401522
insists,0.09092599949695726
insists that,0.059176041481278384
insomnia,0.2839960351603137
insomnia and,0.05852066534273453
inspiration,-0.10149335823455755
inspirational,-0.03893536660033731
inspirational and,-0.00013173073354331657
inspired,-0.11071674857678286
inspired me,-0.11071674857678286
instagram,-0.19927493629647983
instagram url,-0.043742767955615464
install,-0.06604368669745088
instance,-0.053934002069712765
instances,0.03248158479119268
instant,0.04000028027837491
instantly,0.045077215751912945
instead,0.010801368271650923
instead of,0.07224403068346424
instead she,-0.07935488658997746
instinct,-0.010638202331131523
instinct is,-0.038611490934514686
instincts,-0.016352815479096016
instructions,0.041492848961692995
instructor,0.09023698682451961
insulin,0.09574189066952984
insult,-0.1412366439788886
insulting,0.10229495587250721
insulting me,0.10229495587250721
insults,-0.08258231287645579
insurance,0.12971040046464716
insurance and,-0.019912321358225696
insurance but,-0.01620356372619687
integrity,-0.0715277931527064
integrity and,-0.0715277931527064
intellectual,0.011450029997554925
intelligent,-0.062899342599415
intelligent and,0.003353250271656336
intend,-0.02176650518890073
intend to,-0.06649837252585838
intended,-0.03223918755029538
intended to,-0.0931170821064774
intense,0.08036316625811916
intense anxiety,0.004642375206879448
intention,-0.06589914647739595
intention to,-0.06589914647739595
intentional,0.0021420730087026636
intentional attempt,0.0021420730087026636
intentionally,0.05895201985603715
interacting,0.12752457980401183
interacting with,0.1071928991885445
interaction,0.024471195641703504
interaction so,-0.024293723394897944
interactions,0.05692854327979677
interactions with,-0.05112587347744425
intercourse,-0.01697056285483814
interest,0.005761966955871725
interest and,0.14179236004722948
interest in,-0.04652454894596639
interest url,-0.027800712407238796
interested,-0.6143436560714804
interested in,-0.37736411466682074
interested to,-0.024808786937746914
interested you,-0.03832236404144581
interesting,-0.007925409596878761
interests,-0.06688954044081882
interests and,0.01759255213437083
interfering,0.06790344534071026
interfering with,0.06790344534071026
internal,0.09365593023263583
internet,-0.12349308964018925
internet access,-0.09763272267681282
internet and,0.02386312802549925
internet is,0.12471819985901886
internet there,-0.08627783702235839
internship,-0.14181868812672366
interrupted,0.05764655878386888
intervention,-0.04949784213867973
intervention that,-0.04949784213867973
interventions,0.030943827696018732
interventions for,-0.020430901918932813
interview,-0.2333870957254471
interview and,0.11770583660270162
interview at,0.008491730600119651
interview was,-0.08310271590140321
interviewed,-0.0164937603065628
interviewed for,-0.016879632894522306
interviewing,0.017367097393754055
interviews,-0.1944669640800525
interviews and,0.0015823803312087468
interviews at,-0.0395484419386061
intimacy,0.04703983353425541
intimate,0.049567932130214244
intimate with,0.027042203322019443
intimidating,-0.03759963990689169
intimidation,-0.07196702469191034
into,0.2645824019631393
into all,0.049916812481297576
into an,0.00010637834976210108
into any,0.08409790661955562
into being,-0.017593023318335104
into bit,-0.08407880048977448
into college,0.00020409456957823022
into corner,0.06980405500856389
into depression,0.06448765809651406
into detail,-0.01925985446865479
into each,0.025984782831578578
into every,0.0047799475720272724
into fight,0.06858956737364937
into full,0.08846291933266955
into going,-0.10148045207113715
into her,0.14836166804055856
into him,-0.017061421543987713
into his,-0.0028683575502068412
into hole,0.057469936866968656
into housing,-0.007014227513162064
into it,0.19117239449037024
into language,-0.05427865834755191
into life,-0.002593075478041686
into me,0.003200403399559562
into my,0.18302373920008816
into myself,-0.017464788611042573
into new,-0.11370529733709286
into our,0.2516926539928024
into panic,0.1511381572788047
into place,-0.09176825628805056
into relationship,-0.08098135883982681
into sex,0.08304097890596013
into shelter,-0.04779328115998745
into something,0.13397720853816705
into tears,0.062588367747326
into the,-0.23897560996012399
into their,-0.07011702008771953
into things,0.012125654537949497
into this,-0.04612630808910739
into too,-0.0038033314989501924
into town,-0.02109174179458948
into what,-0.04941304873289213
into words,0.050009298590806994
into work,0.10348567908127004
into your,-0.1936788158725983
intoxicated,-0.016344280586155897
introduce,-0.08444129316530374
introduce me,-0.058672044500220524
introduced,-0.19890688680063306
introduced me,-0.10414264009580325
introduced to,-0.010830789155579421
introspection,0.005660265017762186
introverted,-0.029235883078784036
introverted and,0.06498386107290025
intrusive,0.050976564404459655
intrusive thoughts,0.0330936925434161
intubated,-0.043811767300724655
intubated and,-0.043811767300724655
intuition,0.061018814208566544
invasion,-0.061550362021413146
invasion of,-0.009168844028521667
invest,0.0010928831194316993
invest in,0.0010928831194316993
invested,-0.08485645888275288
invitation,0.027408718786611948
invite,-0.14783685059208573
invite me,0.016447616014243382
invited,0.10805205272117802
invited him,0.013869537575951734
invited me,0.07571250837188265
invited to,0.009039413464042766
invites,0.06354725917664886
invites me,0.06354725917664886
inviting,0.038835107309681885
inviting her,-0.012327590101746314
involuntarily,0.08117536343783496
involuntary,0.07722282272393363
involve,-0.10505007566314642
involve four,-0.03571177968025058
involved,-0.11848761463318863
involved and,-0.01194001295701764
involved in,0.05959369928027389
involved with,-0.07011072177814104
involvement,-0.020430901918932813
involvement with,-0.020430901918932813
involves,-0.10096416317107328
involving,0.0006512009489827458
involving an,0.016373971010737398
ios,-0.04009949845411073
ipad,0.043743458170190846
iphone,0.08502784209022138
irl,-0.060195692506002325
iron,0.017943078448749972
irrational,0.0306744811145417
irrelevant,0.0441428380149169
irresponsible,0.033085576153210096
irritability,-0.012624259120822783
irritable,0.06300486344975209
is,0.23282499254984695
is 100,-0.005749969494903175
is 14,-0.08551408551033228
is about,-0.10768626726092555
is absolutely,-0.006398399031784825
is abusive,0.04304243165050493
is actually,0.16740336671931844
is affecting,0.05155924293869178
is afraid,0.15667560603625577
is after,-0.02023045510787254
is all,0.1308108709497216
is already,0.065798260930548
is also,-0.355699814338311
is always,0.1222341518607974
is an,0.02483657309896117
is and,0.03378166452332327
is annoying,-0.18342359196903668
is another,-0.004419077754869529
is anxiety,0.04693954069798797
is any,0.11792453495006265
is anyone,-0.2059957188874548
is appreciated,-0.08396796235475043
is around,0.029238663053466195
is asleep,-0.05914002527344279
is at,-0.13341383916796634
is available,0.02962511217799926
is awful,0.08302523264968849
is back,-0.009686276985283074
is bad,0.009950296794617378
is because,-0.2642090074346959
is becoming,0.01767089390091916
is being,-0.048297540416808296
is best,-0.018460479713802387
is beyond,0.0431789995726421
is big,-0.030662525182362337
is bit,0.061259039873610095
is born,-0.09473839422990361
is both,0.10370990751884934
is bound,-0.0027683787922156418
is breaking,0.040641389372576615
is broken,0.04928606997289049
is bullshit,0.006378824798240749
is but,0.01145236348936819
is by,-0.11021143512316052
is can,-0.11583809214680646
is causing,0.05897470835816411
is certain,0.05362636869514095
is chance,-0.014985565466079416
is coming,0.20381858483352575
is common,-0.01988294568348263
is complete,-0.012373716488257048
is completely,-0.043199374465968284
is concern,-0.16072918092579816
is concerned,0.06290741495972738
is constant,0.0513354653262307
is crazy,0.014146014312471016
is cure,-0.12648921841232075
is currently,-0.09121992049489447
is cute,-0.09628234824474893
is declining,0.016105100584892344
is deeply,0.013849608481760024
is definitely,0.09140961589453714
is different,0.08584241107041696
is disabled,-0.07100916458965349
is doing,-0.03616875852957722
is don,-0.07490814725639151
is dreading,0.02809359284060238
is due,0.10994873963727246
is eating,-0.03015272470913183
is ecstatic,0.02809359284060238
is either,0.01315094308987707
is emotional,0.04438176447421569
is emotionally,0.08515646032116335
is enough,0.06408509978056776
is even,0.14994119555443589
is expensive,-0.027690334287889563
is experiencing,-0.09820604375259363
is extremely,-0.02751825092475943
is fair,-0.046401857871417235
is falling,0.07355231655898128
is feeling,0.13147479598263678
is finally,-0.08627961373696627
is finding,0.023130570954157523
is fine,-0.03247452674345289
is first,-0.06326174345795864
is for,0.04026702265236338
is friends,0.017898346175353685
is from,0.026994529566417385
is frustrating,0.09093898762776396
is full,0.0531272685414729
is fun,0.10469819035272127
is getting,0.0015896923602799293
is giving,0.02830394533370523
is going,0.2728695290690275
is gone,0.09570352254713402
is gonna,0.061298108291808526
is good,0.045030586814065916
is great,-0.17558961574356013
is greatly,0.04603437654647658
is happening,0.033239030361246154
is hard,-0.1492963476743437
is has,0.051229296192579384
is have,-0.1091284947680456
is having,-0.22380831076635896
is he,0.14602678387101298
is heartbreaking,0.10868685367884214
is hell,0.11384676785509872
is helping,-0.06680578890794976
is her,0.014610808806957507
is here,-0.021216917601856455
is high,0.029788669127885577
is him,0.08508981474808991
is hiring,0.08697873999290982
is his,-0.006632306952896457
is hole,-0.04161549397158796
is honestly,0.031183607962086485
is horrible,0.11228981310227165
is how,-0.22698662316699525
is huge,-0.04514446399795637
is humiliating,-0.07996473371485904
is if,0.06584227397602756
is important,-0.027145814881968336
is in,0.29886255752573315
is incredibly,-0.024518550597961996
is interested,-0.08968215119296083
is is,0.0580787008257202
is it,0.18049441922799073
is judging,-0.0531975268244039
is just,-0.12482344178896385
is killing,0.11061055866955932
is kind,0.15432998646322785
is kinda,-0.09884238940985425
is large,0.02540644333012224
is leaving,0.06883194219914757
is less,0.009978071469733112
is like,0.28665422165372434
is limited,0.07061349149871099
is literally,-0.0647114942253207
is little,-0.03436388565962242
is living,0.12116080870682179
is long,-0.14436181542799909
is looking,-0.1434401744430912
is lot,-0.0034798167921478006
is lying,0.020297990949730508
is made,0.0074024355666764885
is making,0.1676907317802696
is mentally,0.08104486363002557
is mess,0.01472057936472566
is more,-0.07685392451995633
is most,-0.05434318516857322
is mostly,-0.021098108732825468
is much,0.010424245928733675
is my,0.1220130611706882
is myth,-0.04949784213867973
is needed,0.005998209593367883
is negative,0.06755088223019577
is never,0.0508665278149256
is new,-0.07713436106608264
is next,0.06439913456788672
is nice,-0.0350398701962078
is no,0.00965930981716507
is normal,0.10885075833483833
is normally,0.06904275333728539
is not,-0.2419054183849671
is nothing,0.08406313742544676
is now,-0.2136579518538821
is obviously,-0.0513448231301169
is off,-0.0616217340050675
is ok,-0.023670736653428472
is okay,-0.10897855981920755
is old,0.06810830496478906
is on,0.17447504828962346
is one,-0.10737014319852817
is only,0.02340029639283034
is open,-0.04509382103789202
is or,-0.03487468300801446
is our,0.08134133649309469
is out,0.12361616541968148
is over,0.05607069906995174
is part,0.03060282526079331
is people,-0.03150401245492972
is picking,-0.019516043254012405
is place,-0.11201375577691555
is platform,-0.03172256879923077
is possible,0.004255646777043099
is pretty,-0.04796371832085144
is probably,-0.18139204033831782
is problem,-0.09219814065561302
is ptsd,0.050387977576610496
is putting,-0.10945834854777128
is quiet,-0.03964418209765984
is quite,0.08469601274608958
is radical,-0.04949784213867973
is reading,0.0952388699262043
is real,0.10306931076020341
is really,-0.089470219376452
is related,-0.11110860337890502
is saying,0.03768679547090397
is self,-0.04722518759436821
is shared,0.05861450726362808
is she,-0.05756833152183926
is sick,0.059907545548521006
is similar,-0.06048364909967515
is so,0.21715377725308252
is some,0.015055801169291946
is someone,-0.009980401818798602
is something,-0.007186109473152334
is spent,0.011589925603665958
is starting,0.09888504149998692
is still,0.006054608971509086
is stopping,0.0719356198435761
is strange,-0.08840708174006646
is strong,-0.008905417581259713
is struggling,-0.1100223753953372
is stuck,-0.03952448036680847
is such,0.04722445183815846
is super,-0.013360319157577547
is supposed,0.09507037605983021
is taken,-0.0933006553140257
is taking,-0.006380882767888069
is telling,-0.09954061402116722
is temporary,-0.022098597896496333
is that,0.22189815138123695
is the,-0.03367824481758753
is their,0.02896436930949063
is there,0.13440053811829802
is they,0.07247899168028028
is think,0.054573706724334474
is thinking,0.17103653577474126
is this,0.3138140750549111
is time,-0.035847413281597046
is to,-0.21889541861037
is too,0.07536053016435638
is totally,-0.10642877654513747
is triggering,0.09216572966046266
is true,0.05302212993105213
is truly,0.019573486432114262
is trying,0.07755928318445254
is two,0.053147899112255835
is unable,-0.05312609505566434
is unhappy,0.044783699728152236
is url,-0.040818569124945296
is using,0.09513623927661688
is usually,-0.021708068635026813
is ve,-0.06042835733077881
is very,-0.3130816490133002
is was,-0.15979773661030564
is way,0.01908105018063635
is we,-0.013251166014078617
is well,0.19446231438845524
is what,0.07920206403282441
is when,0.2551052688689144
is where,-0.12305252281347973
is why,-0.02730000050003213
is willing,0.03673839505539476
is woman,-0.08368530226214099
is wonderful,-0.13927978830109658
is working,-0.08438578479507595
is worried,-0.06036015804473516
is worse,0.056115094134693976
is worth,0.009189336908296663
is would,-0.09019998258700072
is wrong,-0.029904472054592915
is yelling,0.09555290682282658
is young,-0.00033050755315395484
is your,-0.024198041732157675
ish,-0.03174990546683199
ish months,-0.00239934980447913
island,0.05336933031551211
isn,0.21419325555534297
isn an,0.06703136685207774
isn anything,0.09502108377922501
isn bad,0.0780388772306618
isn in,-0.08360269660022886
isn much,-0.03772382767165817
isn my,-0.12732837395108682
isn one,0.03548741868601587
isn real,0.06676817029032044
isn really,0.044333601857392414
isn so,0.09173965236981407
isn something,0.04894253319610145
isn that,0.006452657812248085
isn the,0.025217021873005206
isn to,-0.0013524499421101069
isn what,0.015951504359129322
isn working,0.12224974505753551
isnt,0.10019408708121211
isnt the,0.025205206358379053
iso,0.08580513407427554
iso room,0.08580513407427554
isolated,0.05561129285992109
isolating,0.08219705457520689
isolating myself,0.021286348291256706
isolating sorry,0.052471128275711314
isolation,-0.05525909112487957
issue,-0.08612652663203983
issue for,-0.053508088136121124
issue if,-0.0013306837205873318
issue is,0.026753516374078242
issue of,0.115720787654551
issue or,-0.08671889650759239
issue that,0.0029698972969026596
issue with,-0.02180982494491341
issued,0.0015656512410724141
issues,0.28923098944189174
issues after,-0.057269820843251065
issues among,0.06909476589396338
issues and,0.117879385040961
issues are,0.06423029879717329
issues because,-0.09272799192223394
issues but,0.005606672718216365
issues etc,0.10281428300178277
issues he,-0.05411197752582505
issues is,0.04008529657504124
issues it,-0.01992211699517896
issues my,0.06714669207481141
issues of,-0.048056408965075584
issues she,0.018759507324241375
issues since,0.09095409511665738
issues that,0.1874108601264381
issues the,-0.015193314126304118
issues was,0.08863485110993409
issues we,-0.07593296411636724
issues while,0.06441181117952008
issues with,0.01863611621400363
it,0.40910521528297084
it about,0.06337514320234146
it abuse,0.0688910581749769
it actually,-0.00970988612171391
it affects,0.0686991504941407
it after,0.11280340470045834
it again,0.18695940493337343
it against,0.05042898909216499
it all,-0.2084585649053013
it almost,0.23234555848639474
it alone,0.09099516335472885
it also,-0.0968277037358472
it always,-0.0034924205897385982
it am,0.09568123910104816
it an,0.0781232881361333
it and,-0.03415303682305152
it anxiety,0.07796395280239969
it any,0.03432536793269997
it anymore,-0.06340707134383765
it anyway,0.031086470304322728
it anyways,-0.018909104797596103
it applies,-0.007228470872429976
it are,-0.07693860383763984
it around,-0.06909130829768269
it as,-0.36128019367280406
it at,-0.023699090518823275
it away,0.01689482433924436
it back,-0.061091456492974074
it basically,-0.14410340365521
it be,-0.12761362624071093
it became,-0.029737786086337762
it because,0.15829544407261062
it becomes,0.07348579372721324
it becoming,0.01931049590546689
it been,-0.22242647905666021
it before,0.0717017288712072
it being,-0.06065430824643677
it best,0.06321888547244679
it better,-0.20780634850987245
it bothers,0.13990384179761475
it breaking,0.021803403373082272
it broke,0.047537966639044124
it brought,-0.03660765805338942
it but,0.19369458714136245
it by,0.03103298579942031
it called,0.007705466469804224
it came,0.0440758497375046
it can,-0.04499452759040753
it care,-0.06816609100932045
it cause,-0.027409280671141727
it caused,0.15461566598417043
it causes,0.056971556244517566
it certainly,-0.0011072157590161155
it check,-0.04949784213867973
it clear,-0.11807052689285902
it cleared,-0.07410138904963176
it comes,-0.02610052310463978
it complicated,0.08055809766156372
it constantly,-0.016668085668270178
it cool,0.02386769299544786
it could,0.10084360587274747
it cuz,-0.09678332730082102
it definitely,-0.0007617720350726969
it deserves,-0.0395484419386061
it did,0.04852190680859836
it didn,-0.20177930856783544
it difficult,0.08057738280455776
it disturbing,0.045519133965216375
it does,-0.13350025936721102
it doesn,-0.08026334836231955
it don,-0.15513228207851554
it down,-0.07836789458266215
it drives,0.03658115555803067
it easier,0.09265470429409604
it easy,-0.009593608436430364
it edit,0.021809219081835952
it either,0.029281607673217535
it ended,-0.16939254021765224
it ends,0.049721457731011894
it enough,0.0801123593776467
it even,0.09789248085064685
it ever,0.05997783560020934
it extremely,0.09773013727826164
it feel,0.1275187448956355
it feels,0.4626311897855045
it felt,-0.02636686733994681
it few,-0.08602386180343526
it finally,-0.05622191459791238
it first,0.09629426500032032
it flares,0.07995809027490798
it for,-0.32530527376781293
it forward,-0.2011129050348471
it from,0.1801703689602412
it frustrating,-0.054185927710859956
it fun,-0.05427865834755191
it gave,-0.008881461778122662
it get,-0.14899837674724434
it gets,0.17245558180588982
it getting,0.14240944391426338
it gives,-0.023070452213636877
it go,-0.10500540677150709
it goes,-0.06690347195968412
it going,-0.12802718233492483
it gonna,-0.24236480213692532
it good,-0.11491388423653479
it got,0.1700351144381324
it gotten,0.09139666698364428
it had,-0.02049794501053827
it happen,0.15306028088565343
it happened,0.2978418103545582
it happens,0.10680900870725704
it hard,0.4345773713997947
it harder,-0.01592623350960145
it has,0.037464177471355595
it hasn,-0.03495081058043683
it have,-0.07722979764391374
it he,-0.0402464888670633
it help,0.024902047551621953
it helped,-0.11618602035949319
it helps,0.0955886678790637
it her,0.05782009258575122
it here,-0.06372695821754626
it his,0.005151699949263949
it hit,0.14899989134147146
it honestly,0.1635955754408545
it how,0.022604442947077967
it hurts,0.13765518909772562
it if,-0.44901977057699344
it im,0.05490084806488972
it immediately,-0.0036746481647422875
it important,-0.012872105478424281
it in,0.1843464563172274
it incredibly,0.05880144374596979
it into,-0.08159910251230917
it is,-0.23712132371423256
it isn,0.18135070077796334
it it,0.05169846927666561
it just,0.2781372305380221
it keep,0.0504411814555234
it keeps,0.062094459349134136
it kind,0.04824538903157805
it kinda,0.11108542297097398
it know,-0.1664814501312292
it last,-0.012565305384379475
it lasts,0.10213187511599489
it late,0.12194924172630872
it led,-0.07964594183315353
it less,-0.1962090942213651
it like,0.19602231762997827
it likely,0.13975223631097222
it literally,0.14867717207729503
it little,-0.02780830721319244
it ll,0.2185693815083954
it lol,-0.013885477277542406
it long,-0.05173512973417431
it looked,-0.029865974636892077
it looks,0.02521508347216227
it lot,0.0480306961064853
it made,0.22272675188024896
it makes,0.22101440667997319
it making,0.056374502546702336
it matters,0.010426784608191686
it may,-0.30246723072467074
it means,-0.05121750357992684
it meant,0.11180770612717185
it might,0.039956617477312384
it more,-0.03057073278174565
it much,0.0003093025172266698
it my,0.16803643573199978
it need,0.10009033084281349
it needs,0.015548803158790168
it never,-0.14738287717974488
it new,-0.08226663656055642
it nice,-0.13143102867843692
it no,-0.02754305162298853
it normal,0.20105720746053035
it not,0.12810966257690892
it nothing,0.07548779304832537
it now,0.01936742314572932
it off,0.12655179172643685
it often,0.08095146855182139
it ok,0.002199032022872545
it okay,-0.12976324508833975
it on,0.09003394653221775
it once,-0.00488672066262573
it one,0.019766452398361136
it only,0.08335497748454103
it or,0.17164405098604926
it our,-0.001344191819933884
it out,0.12463062719527906
it outside,-0.05854963208259847
it over,0.0880679712228149
it painful,-0.010178217822592954
it part,0.009296556410147792
it point,0.003134045540273967
it possible,0.07125182196950451
it pretty,-0.009532850638514398
it probably,0.013471752439576365
it public,-0.058464239372947056
it putting,-0.027291962549842484
it rather,0.06191876260254227
it real,0.08681810363818424
it reality,0.07928074189095392
it really,-0.19770029059310626
it reddit,-0.02569787158608166
it right,-0.20948648429726885
it safe,-0.05792827788497616
it said,0.02396491752077627
it scary,-0.031299489074014926
it seem,-0.10970992298432056
it seemed,0.20168063414773418
it seems,0.039754525292798576
it seriously,0.09309310275029403
it she,-0.01643889065409401
it short,0.07570886314799721
it should,-0.033641973353042774
it sick,0.03833659492743504
it since,-0.1200212299728768
it slow,-0.08408815411031038
it so,0.139698385299229
it some,0.13778298448452178
it something,0.0026215223877407577
it sometimes,0.08555726869079763
it sound,-0.06993158609284272
it sounded,0.03630005152582919
it sounds,-0.09446449558639612
it started,-0.1363686024229262
it stems,0.07887579856504202
it still,0.15487983977974462
it stresses,0.05803889651249267
it such,0.0458581145779412
it sucks,0.2555085195226968
it super,-0.03330322855534439
it take,-0.05529171833837336
it takes,-0.2076204060377975
it terrified,0.06787363602971465
it thanks,0.006372582471363833
it that,-0.09091052087740538
it the,-0.41535303728266854
it then,0.06456196659764409
it there,0.037953219733581414
it they,0.1143946790449862
it think,-0.02863897340098371
it this,-0.029942721081699753
it though,-0.06302917378688848
it thought,-0.017742514476407695
it through,-0.08200673310785121
it thrown,0.06903355754687823
it time,-0.056110621621857114
it tl,0.20638841712378372
it to,-0.04393563114838927
it today,0.004547150649480168
it together,0.02182232926199874
it too,0.13626519246123983
it took,-0.10076652277021944
it triggers,0.09625832772942244
it true,-0.11356982672733575
it turned,-0.016097883864659965
it turns,-0.14446725361176424
it unique,-0.03172256879923077
it unless,-0.002373690100944185
it until,0.14573792212194397
it up,0.07851645019493475
it url,-0.056232076932969756
it used,0.0986673804946439
it usually,0.19949423286665574
it ve,0.1454348864831405
it very,0.3125312154462369
it vicious,0.06906623568693637
it want,0.12100052654089404
it was,-0.11518107701933657
it wasn,-0.04387541917281092
it we,0.033975358779537314
it weird,-0.08656806151491653
it well,0.02192716067627342
it went,-0.11592660814983298
it were,-0.08915622973613971
it what,-0.10670675495807162
it when,-0.05751112750090624
it where,-0.07993985106327882
it which,-0.0525087737849745
it will,-0.43006641494806586
it with,-0.03553216999700524
it won,-0.10353161435048189
it work,-0.06267861223428106
it worked,-0.25532234601580184
it works,-0.10946583241796035
it worries,0.05778249076565561
it worse,-0.11366079422818366
it worth,-0.07004889329911299
it would,-0.42430376798616376
it wouldn,-0.14125147456895387
it wrong,0.06494735016757637
it you,-0.08317092545092403
it yourself,0.027050253347902047
item,0.04936749932338302
items,-0.3266393785509566
items about,-0.04509382103789202
items could,-0.08610894943820765
items don,-0.0012339024096511442
items will,-0.04457371702293766
its,0.10974141498049202
its about,-0.0577366503506802
its also,0.0964539485360933
its been,0.021085064864096014
its hard,0.0049317743858984416
its just,0.17714626906626202
its my,0.05086167270738603
its normal,0.0625265285230195
its not,-0.3433722409707244
its only,0.06487919887753063
its own,-0.012537512968347727
its possible,-0.039693708331908335
its still,0.0193570421261433
its the,0.05971284185508841
itself,-0.14558897140106186
itself although,0.02809359284060238
itself and,-0.12661444625591786
itself or,-0.018625273750181776
itʻs,0.04743423219373524
ive,0.08139466505859506
ive been,0.06768493149773565
ive had,0.04999995024592057
ive never,0.013625455316592806
ive only,0.09895860328667566
jack,-0.14804539685601473
jail,-0.03506093037573662
jail and,-0.01440877079341538
jail for,-0.049658914134699556
jailed,0.08325431502439953
jam,-0.11437811973298556
james,0.018574333168866888
jan,-0.08524918498353191
jane,-0.006368337199822183
january,0.010417696294532854
january and,0.059803835093768146
japanese,0.06972901658040204
jason,0.01942945606546319
jaw,-0.28529035506714123
jay,-0.06459204603339942
jealous,0.15692226701808143
jealous and,0.049785061901242475
jealous of,-0.010793632942688324
jeans,-0.13237239890435964
jeff,-0.04558312027517576
jerk,0.027489742043327048
jerk your,-0.04949784213867973
jesus,-0.06599515392871652
jewish,-0.04018654123855867
job,0.7362500380265149
job after,-0.05551579353559414
job and,0.2295657251063674
job anyway,0.02327758286798537
job as,-0.052311434439815625
job asap,0.12208086877878647
job at,-0.11640368554409831
job because,0.11587733181977641
job but,0.18253715707730922
job by,0.008880699082283568
job don,0.054172348622055874
job for,0.0071526556569701805
job have,0.11436573608938047
job he,-0.14532530011847036
job however,0.005109577688836869
job hunting,0.05814286171246884
job in,-0.15947336887132227
job is,0.04857655529850039
job it,0.05595741790826788
job lined,0.033494710591629465
job my,0.10220170915141284
job now,-0.004885427645915092
job of,0.01686803283786517
job offer,0.06133846167231404
job or,-0.020984559901720188
job over,0.15382647617994655
job requires,0.055291654660498506
job she,-0.008142826760256499
job so,-0.00314217855021054
job thanks,-0.01580309313798685
job that,0.05290679561150181
job to,-0.03702035059628202
job ve,-0.005227672037232331
job was,-0.04787118921372896
job where,-0.0002592193179493925
job while,0.08317043626170857
job with,0.03918714947938398
jobless,0.13808392503664446
jobless and,0.08466419441969082
jobs,0.27927574830722085
jobs again,0.0657359134608534
jobs and,0.07271428967210812
jobs at,-0.023694231569706122
jobs but,0.09847989004042414
jobs in,0.07070564229808672
jobs she,0.08892370310383937
jobs so,-0.010707953575848179
jobs there,0.08214666028040184
jobs to,-0.08252352843971829
joe,-0.2637112658084364
joe for,-0.10965220459670638
jogging,0.06959852690946362
john,-0.18578387872130495
join,-0.20279245228990617
join him,-0.003217571486382043
join visit,-0.043742767955615464
joined,-0.06410003310001426
joint,-0.12758982902829666
joints,-0.044611526758032115
joke,0.04316253513247129
joke around,0.0030905118354296645
jokes,0.1673228243997069
jokes about,0.08084250410193271
joking,0.08975513171874862
joking around,0.08975513171874862
jokingly,-0.0538896441443806
journal,-0.15217308054554218
journey,-0.21146427265736994
joy,-0.19827838062704242
judge,-0.08658156519748336
judgement,0.1969793078390454
judgemental,-0.014311093100636723
judging,-0.03184567222473307
judging me,-0.0531975268244039
judgment,-0.04744638956603128
judgmental,-0.04729414860885353
judgmental and,-0.018643172252214582
juice,0.06378017411703758
july,-0.11229369272005725
jump,-0.15093275162364841
jump on,0.029259098421135922
jumped,0.034354217116870624
jumping,0.0886025669936023
jumpy,-0.06862489360251753
june,-0.048907149371742654
june and,0.08443426203229039
junior,-0.19976491228185855
junk,0.09491594093275287
just,1.877706113265152
just about,0.12339095536723099
just added,-0.017564019327951427
just an,0.06584169278909188
just another,0.02427161600187063
just anxiety,-0.033511377066172306
just aren,-0.03274054513357385
just as,0.13695731322721438
just asked,-0.10749648222955262
just asking,-0.01782045975066126
just at,0.07452905863003959
just awful,-0.010294116035804074
just be,-0.13589418691138655
just because,0.2014248477726646
just been,0.024169235318030037
just before,0.05027547651739934
just being,0.16374015865706812
just break,0.07142161931738668
just brush,0.05647210265248792
just burst,-0.043436494641746856
just called,0.1366460626525314
just came,-0.13934473230098818
just can,0.3112323092743501
just cant,0.06321176914035934
just come,-0.05681231694056199
just completely,0.07133618908537344
just couldn,-0.02028563556361069
just cried,0.07411725430528975
just did,-0.08790779955749681
just didn,0.06952942423749499
just different,-0.028951664133280024
just do,0.07210816074590813
just doesn,0.06425566394692983
just don,0.540891669046474
just done,0.07289437144671604
just dont,0.024070808374387156
just end,0.04804688233340369
just extra,-0.0988145755627537
just feel,0.4998308753219493
just feeling,0.013921797005553401
just feels,-0.0644538643622909
just felt,-0.14084636059866
just few,0.03610771538327828
just find,-0.11135403210038133
just finding,0.05227533130968029
just fine,0.029530856000126008
just focus,-0.004221601297417692
just for,0.19582258787647408
just forgot,0.0034100148671188076
just found,-0.11383455136755131
just frustrating,-0.11168107656398628
just fucking,0.1523823310684165
just fwb,-0.06589914647739595
just get,0.13056012714228601
just getting,0.13076529276319798
just give,-0.05874539228008651
just go,0.06843065235104076
just going,0.05641505499198831
just got,0.024784303981701988
just had,0.2599745151344451
just hanging,-0.06199565964399578
just happened,0.08567206953453779
just hard,0.08179097521326882
just has,0.0180721823236469
just hate,0.054450664942144074
just have,0.01036806153120034
just haven,0.011165199817443825
just having,0.12402455444313863
just her,0.07559163403727971
just him,0.0003126693082802145
just how,-0.024408564829778035
just ignores,0.07509472388214206
just in,-0.035606420434665456
just insane,0.016456486308720868
just isn,0.02234100548327167
just it,-0.015920757288547884
just keep,0.11834086677351364
just kept,0.025934892212961982
just kill,0.08332458420227389
just killing,0.06867663613177154
just know,0.024268622462548437
just leave,0.21785599566087901
just let,-0.13886767558826918
just like,-0.03920826553898022
just looking,0.01031481840494863
just looks,-0.08757412817542651
just lot,0.09635013282118333
just made,-0.07154677105212758
just magically,0.054114529382329093
just makes,0.14266815643042535
just making,0.04842283416839414
just me,-0.010465947107920936
just moved,-0.11846423785565531
just my,0.1622023786600993
just need,0.012631761333126938
just needed,0.19961938288750233
just needs,0.0619605682682124
just never,0.04189852046169757
just no,0.07388175174228179
just not,0.016810081338326822
just on,0.04832186909556368
just one,-0.024132377170175277
just over,0.04527967751603433
just overwhelmed,0.10410254457770807
just plain,-0.00043613326105594895
just pretending,0.04814771968116377
just quit,0.14958432946216413
just reading,-0.023316669645769738
just really,-0.0396053725447854
just recently,0.03283110687892175
just sad,0.03646780891164136
just said,0.1632998030454489
just saw,-0.019470815612724342
just say,-0.27316483335343034
just scared,0.06088577968435392
just second,0.0715231617853728
just see,0.0602419294981995
just seems,0.028163545504562296
just sick,0.06250157869521933
just signed,0.00954922410027571
just sit,0.06772079884933813
just sleep,0.04222452539693272
just snapped,0.0859741414864633
just so,0.33514527957730683
just sobbing,-0.03629667681677705
just something,0.056266211927893044
just stand,-0.024748194320418013
just start,-0.008654814772659161
just started,-0.038028542500065626
just stay,-0.1286089285566642
just stayed,-0.05065311034242131
just stopped,-0.0069329979438755495
just stuck,0.08908300676592959
just take,-0.10210648385838016
just talk,-0.268597323373044
just talking,0.03899075740768209
just that,-0.20418841823607295
just the,0.000302462814335153
just think,0.02642629710309093
just thinking,-0.03296127441786918
just thinks,0.05795263323105828
just thought,-0.12474002619581791
just tired,0.15446589022865295
just to,-0.016847212968716926
just told,0.09301150823184194
just too,0.14248532198898614
just tried,-0.11716130811381849
just try,-0.1423769702360813
just trying,0.07573519764393419
just turned,-0.017014537289115676
just understand,0.08263549652154935
just use,0.07251359400082945
just venting,0.08077703076921551
just very,0.0655566615884667
just wake,0.08126228426708854
just want,0.0858795439343565
just wanted,-0.3730583569468665
just weird,0.013768037143040819
just went,-0.061454125978085396
just wish,0.02837237005607001
just wished,0.07259775668209831
just woke,-0.014669086898664292
just wondering,0.04168032787508323
justified,0.06022923693580834
justify,0.0033383474444523492
justine,-0.11261501941850198
kansas,0.13494016700104539
kansas and,0.0657359134608534
karma,-0.18185352915261113
karma for,0.0010767377330037785
karma will,0.0026438211612617914
kate,-0.07899964365048218
kavanaugh,0.10692067939619428
keen,-0.12213714546553875
keep,0.5348117782007583
keep an,-0.008580218754014516
keep doing,0.04372061919877878
keep fighting,-0.037025760185672295
keep getting,0.14857129131810654
keep going,0.1849653819398068
keep her,0.034429562731289026
keep him,-0.12863366149679348
keep in,-0.11022448392623097
keep it,0.09887461815537082
keep me,0.015025503954441745
keep my,0.1439011271213853
keep myself,0.06545495723425428
keep on,0.07687656967319875
keep reading,-0.08214869378647427
keep telling,0.07224243516679323
keep the,-0.12249287636469985
keep them,0.05181514177900196
keep thinking,0.10758140642450058
keep this,0.09789749702310079
keep trying,-0.05665346375909611
keep working,0.02193821423849369
keep yourself,0.08878882171646245
keeping,0.1010288861180616
keeping me,0.1518437840048065
keeping my,0.07605002172595404
keeping the,-0.04634081353619782
keeping things,0.02568288359927912
keeps,0.27329151151987774
keeps coming,0.04583712327406171
keeps me,-0.0010197814730831308
keeps saying,0.14027134085289278
keeps telling,0.1363314016202348
kept,0.06870282842610283
kept confidential,-0.04457371702293766
kept holding,-0.019258053383149332
kept in,-0.06773942518012423
kept me,0.07243972270180439
kept my,0.046077894862062534
kept saying,-0.011993889397464796
kept telling,-0.02678968333451664
kept trying,0.0779763840326245
key,0.014662381663608708
keyboard,-0.019740505661677576
keys,0.14503643999522006
keys out,0.07905845580789232
kick,0.11805777048930675
kick in,-0.09844656117386376
kick me,0.09253783072107845
kicked,0.2187099792228251
kicked him,-0.06074055723703618
kicked me,-0.00202771882679623
kicked off,0.02628675361066331
kicked out,0.11480080090342995
kicking,0.022936432321747396
kicking me,0.04620119136167876
kicks,0.1352566014453148
kicks in,0.058384691440474305
kid,-0.21735598105556234
kid and,-0.05435763806221968
kid for,-0.07907352176807109
kid in,0.05327577146867862
kid my,0.01725765727513412
kid never,-0.016132545980139745
kid they,-0.0012339024096511442
kid you,-0.0704544821544148
kidding,0.15110773499484734
kidnapped,0.004613742151852256
kidney,0.08302791551860449
kids,0.03406589422501537
kids and,0.2509613363641177
kids are,0.08769261549226973
kids birthdays,0.07786702215771411
kids have,-0.033499344216855874
kids in,0.13773150038195162
kids my,-0.10799337076375627
kids so,-0.021768645249627083
kids that,-0.10329796614236444
kill,0.3521262657439578
kill her,-0.10178124490154145
kill him,0.13356769186026962
kill himself,0.0730962826118389
kill me,0.03698838018812632
kill myself,0.13471392591039902
kill us,0.10218784505078309
killed,0.12061431418875428
killing,0.33671256414912126
killing me,0.20274805166732587
killing myself,0.1254801484797846
kills,-0.06990574036743402
kills me,0.024992329972905222
kim,0.006719028600908863
kind,-0.1073540723153491
kind and,-0.023465360364373845
kind but,0.06808942922064062
kind he,-0.03805913983805624
kind of,-0.11008437413234706
kind that,-0.07238346864622372
kind to,-0.1341053435170357
kinda,0.24655194297707467
kinda like,0.07757103351424965
kinda makes,-0.005359497038489116
kinda realized,-0.008281089513668167
kindly,0.012396763334918601
kindly for,-0.020430901918932813
kindness,-0.0671094757453599
kindness of,-0.058679164534186784
kinds,-0.09992743601928289
kinds of,-0.09992743601928289
kiss,-0.21069292520647942
kissed,0.07353087949765898
kissed her,-0.05691615745400985
kissed me,0.018286802610827897
kisses,-0.18228867639496735
kissing,-0.10273838637742133
kitchen,0.01533997135074737
kitchen and,0.10448622323014546
kitchen she,0.01587958674748747
klonopin,-0.02035221498678047
knee,-0.11928094503243804
knees,-0.12063850216330052
knew,0.10395465827060658
knew about,0.021248124928315335
knew he,0.233377433429132
knew her,-0.11263800124052066
knew how,-0.037320869907884226
knew it,-0.1375374455840136
knew me,-0.08496411188342227
knew she,-0.07318820638058046
knew that,-0.0014765214179115387
knew they,-0.022996615706247156
knew this,0.05771147017958233
knew was,0.08514288201627444
knew we,0.01783743513989103
knew what,0.062402527950855116
knew would,0.013365244506878348
knife,-0.05307190411156208
knight,-0.09398722043290896
knight in,-0.09398722043290896
knocked,-0.07334819656518074
knocks,0.06425271070042288
knots,0.06087588325202734
know,1.0382949804567143
know about,-0.05727888512139798
know am,-0.07687327127338506
know an,-0.08246019676887385
know and,-0.03352286319866025
know any,-0.017955195916099544
know anyone,-0.007911524773171549
know anything,-0.027128729137523424
know are,-0.10093360315919962
know at,0.09891003182671788
know because,0.01633503873236312
know before,-0.034164229259126634
know but,0.10424794870461751
know can,0.11735533551267639
know don,-0.022911797164330415
know dont,-0.02736678756067673
know each,-0.08092343719758323
know everyone,0.006153166699175223
know feel,-0.04844174148826315
know filing,-0.07996473371485904
know for,0.06957501755444821
know going,-0.2874148664671158
know have,0.06505000302062523
know he,-0.06882582461140006
know her,0.08961806006355183
know how,0.19121640745407315
know if,0.35657619751503694
know is,0.15525220759128697
know it,-0.19454380696189244
know keep,0.07239136906736858
know like,-0.12504514093006983
know ll,-0.018327119420522845
know lot,-0.029586074986011384
know many,0.05241525166067356
know more,-0.03601517286743275
know most,0.013603000432580989
know my,0.20943951131227323
know need,0.2025017641286943
know no,0.1121467998957272
know not,-0.09131266904795225
know nothing,-0.000979038340956828
know now,0.029114019677264655
know of,-0.08625864158623062
know one,-0.0064861877102609525
know or,-0.012872165354838525
know rationally,0.06580213180460989
know really,0.09506466487968925
know she,-0.08026957420714023
know should,0.19878467502600358
know shouldn,0.13752349767028185
know some,0.07935426757705247
know that,0.058907981168866454
know the,0.011645279146668797
know there,-0.0014680064347959247
know these,0.10797322300466924
know they,0.07612212781627761
know this,0.06959683842928868
know though,-0.03832236404144581
know to,0.04564279678874483
know ve,-0.008890006357502622
know was,0.06373711220237692
know what,1.1474286598665324
know when,0.1037414920924829
know where,0.1632617958646322
know whether,0.10639026142293614
know which,0.08762858069765252
know who,0.08118322868680349
know why,0.23085869623617808
know will,0.08474657807186056
know you,-0.12802538782022
know your,-0.10294512699908563
knowing,0.3800730738635138
knowing how,-0.0061582222945904454
knowing me,-0.029624286183456278
knowing my,0.062313156570966165
knowing that,0.11678423195786983
knowing what,-0.026502494904461573
knowledge,-0.18970139155826599
knowledge of,-0.07668164798836023
knowledge to,-0.09575611195133597
known,0.07385078708699308
known and,0.07910076751513904
known as,-0.09052445638254702
known by,0.11451626213314471
known each,-0.076605350532058
known for,0.11641397342413587
known her,0.010192856203099787
known to,-0.11159950102865265
knows,0.3211818218077482
knows about,0.1426442336828317
knows and,-0.07346300036126396
knows don,0.08129237253193629
knows have,-0.08504060667276858
knows how,0.07292843779290567
knows it,0.06613542569390904
knows my,-0.09813766113957037
knows that,0.10505733134434522
knows what,0.21815113298865854
knows where,0.09120822745717125
kyle,0.06322284805835729
lab,-0.013989366434312067
label,-0.024127877491324234
labor,-0.027560060804421038
labrador,0.014516045003510043
labs,-0.05021652182544999
lack,0.11522940676346896
lack of,0.0816061398903168
lacked,-0.02455141788810038
lacking,-0.08101346294052632
lady,-0.2662310933135649
lady who,0.11266211196348423
laid,-0.0546852598310836
laid off,0.01711526484393384
lamictal,-0.03564822082977601
land,-0.06217374387031305
landed,-0.11435711182828737
landed me,-0.12691686476743613
landlord,0.26195008304036105
language,-0.33072946243397855
language and,-0.15077468104055403
languages,0.07829413420116933
laptop,-0.40575386570367916
laptop for,-0.08184467880136989
laptop remember,-0.0012339024096511442
large,-0.03423171794457199
large enough,0.06541695888546771
large portion,-0.030827696940352867
largely,0.0014719038184922899
larger,0.01378373339559593
las,0.08577690565317334
las vegas,0.04866687643366541
lashes,-0.028265343236672076
lashes out,-0.028265343236672076
lashing,0.11172511632153369
lashing out,0.11172511632153369
last,0.2516770477268167
last couple,0.03201439967129947
last day,0.11454746063916502
last few,0.11736224644721387
last fifteen,0.0021420730087026636
last for,0.10876889616842657
last four,0.005135644135495157
last little,-0.03182357147270153
last long,-0.07921566048310878
last minute,-0.0672694217619447
last month,-0.13091577644629845
last months,0.17338680438489076
last name,-0.08670203226902554
last night,0.3203000979269863
last one,-0.029622574530323634
last relationship,-0.0046136789650143
last resort,0.19423000190210693
last semester,0.07396093394273447
last summer,-0.10126767364932687
last time,-0.2744535737482827
last tuesday,0.05481011778128767
last two,-0.020744497132959647
last visit,-0.018112398866667184
last week,-0.07359897183158258
last weekend,-0.026791453000989562
last year,-0.08381992107727425
last years,-0.11901560952871272
lasted,0.13057487396166478
lasted about,-0.03171864677784417
lastly,-0.07308879452619875
lasts,0.17097017606072007
lasts for,0.12378848075707544
late,0.007047459717175027
late and,0.2198298128768962
late at,-0.005987777861896517
late night,0.002602501511758029
late so,0.007567058003568487
late they,-0.07548720914095425
late to,0.01209320532418392
late twenties,0.10067174733772627
lately,0.4934114892977654
lately and,0.041104730715815836
lately have,-0.09471812555450675
lately it,0.049337143893558755
lately my,0.06815515391801129
lately ve,0.11346359457528878
later,-0.3939169450857195
later and,-0.20720250196901938
later but,0.08728213370502497
later he,-0.017703365210996955
later heard,-0.10771197525045577
later in,-0.041414673917784396
later my,0.099360784698418
later on,-0.13621259316973086
later she,-0.0781724205371793
later that,-0.06701433386113263
later the,-0.05808959909737087
later ve,0.0739356061386337
later we,0.036749052807182415
later when,0.00019842750867182183
later while,0.031978339142608815
latest,0.04901204124258682
latest one,0.0928485776053552
latter,0.03551816829640111
laugh,0.0875353692550035
laugh at,0.058989625105065814
laughed,-0.16111700836844406
laughed and,-0.07680252478284168
laughed at,-0.008930668182574535
laughed it,-0.014048969373868684
laughing,0.09492813717346964
laughing and,0.12849771539913582
laughing at,0.06327404367075332
laundry,0.03277811358163447
law,-0.06329531973012964
law enforcement,0.008935406092027556
laws,0.002624146652672864
lawyer,-0.12392579439923557
lax,-0.006157426011997189
lay,-0.052150373751452796
lay down,0.06460424298564085
lay there,-0.021156797406665644
lay with,-0.005434525156107543
laying,0.06667594636741614
laying around,-0.005749126807082113
laying in,0.1469677386760151
lazy,-0.06011526598726758
lazy and,0.011726433033240963
lbs,-0.0095321000845447
ldr,0.11739288655864932
lead,0.03339013342291329
lead to,0.008250234228252492
leader,-0.04195722637258595
leader of,-0.06613473185251534
leadership,-0.010730553836949604
leadership of,-0.010730553836949604
leading,0.017016991012831866
leading to,-0.000763614182813358
leading up,-0.07838479849342735
leads,0.14436455828981323
leads to,0.2351926013641331
league,-0.053994264677032486
leak,0.13065182101235087
lean,0.12731723639404588
leaned,0.09324995597980007
leans,-0.03970600090488797
learn,-0.47021123988791824
learn from,-0.12014451534599366
learn if,-0.04509382103789202
learn more,-0.04146876063720584
learn to,-0.05441467008330039
learned,-0.16620778712118484
learned and,-0.039640081437487575
learned how,-0.002951400239024898
learned lot,-0.011485875289942904
learned that,0.02293272822513456
learned to,-0.20175398935276453
learning,0.10265016441113893
learning to,0.07533806057690004
lease,0.3686840730883682
lease and,0.1689961838287528
lease that,0.10175397927049926
least,-0.015291222047812131
least 18,-0.03920734200912364
least be,0.08832662692149269
least can,-0.0076903252481047586
least for,0.015204951856782412
least get,-0.02738872709789308
least half,-0.09038920116427636
least have,0.10146430817230721
least not,-0.08954479249491933
least once,-0.05175873488255124
least one,-0.21836909341064217
least that,0.03272992217247051
least the,0.09351058549888305
least try,-0.14297311443283847
leave,0.6815476785606991
leave and,0.26646412181768137
leave because,0.08419123728131565
leave before,-0.01306537582010297
leave but,0.028757092614593027
leave for,-0.047477465016863174
leave her,-0.003318002564323043
leave him,0.14173061920146093
leave his,-0.11659861089108974
leave in,0.10582374989989501
leave it,0.08262118880667406
leave me,0.24424090928525544
leave my,-0.01688801645075711
leave or,0.01438343533572709
leave the,0.1395571282705029
leave this,-0.00861560733136485
leave to,0.053783249205732096
leave when,-0.017687940670791574
leave with,0.10193976802164705
leaves,0.12223522116483275
leaves me,0.06926899218524128
leaving,0.3518422930874209
leaving him,-0.0314024205177332
leaving it,-0.038018070862400034
leaving me,0.17359740481841834
leaving my,0.13313099878899018
leaving she,-0.009168844028521667
leaving the,-0.04550844334643339
led,-0.06697109491861288
led by,-0.12111091986039454
led me,0.006410437913877844
led to,-0.055983450706528055
left,0.20528408244694737
left an,0.014684654716590754
left and,0.07341533467036007
left arm,0.043682263030337065
left eye,0.11931836924237813
left he,-0.004424269366969157
left him,-0.12302655201391355
left his,0.010734924242552958
left in,0.017861515957782976
left me,0.017980782260636926
left much,0.004082984342570718
left my,-0.15268133261423966
left off,-0.0063659166969597695
left on,0.00709429283223414
left out,0.004456783479585189
left school,-0.055251874707613745
left she,-0.06754565298150868
left side,0.05540092866937296
left that,-0.07516011336762878
left the,0.29768979275058294
left to,0.014023806376700853
left with,0.10511562280789294
leg,0.2343590009491429
leg and,-0.0039625635548257675
leg to,0.07795952913568727
legacy,-0.11722717160617341
legal,0.2596192327818452
legally,-0.0781978045901788
legitimate,0.03200509714113603
legitimately,0.1302593453831252
legs,0.2412265074329128
lend,-0.11094530594261265
lender,-0.10152377841140445
length,-0.1943983803374316
length of,-0.052360604150883464
lesbian,-0.010694220646221022
less,-0.08240482547199333
less about,-0.04773441387351161
less alone,-0.11872118906408262
less and,-0.020149949364684096
less anxious,0.08831364406900882
less compared,0.05411245080730281
less focused,-0.00610941530722844
less he,-0.051252492849012767
less intense,0.0033248242082429295
less it,-0.005181752949650393
less of,0.10784724467972356
less on,-0.000906777751196038
less than,0.19639640206812056
less time,0.0969505513645943
less to,-0.055517567060425384
lessen,0.013591513549632148
lessons,-0.018540243519562342
let,-0.6103266739224712
let alone,0.1740476675628754
let call,-0.1393066715365678
let down,0.016694564651329943
let go,0.12297556318042789
let her,-0.08133485157913159
let him,-0.05268390865063604
let it,-0.03392084916976877
let me,-0.5930893438436863
let my,-0.04374260405544979
let myself,0.13824090278622636
let someone,-0.13556777364107592
let that,0.11754630264883106
let the,-0.10678617347566165
let them,0.002783810416684377
let you,-0.05517426665995117
lets,-0.24947262577996213
lets me,-0.06804710586202503
letter,-0.3657088518315733
letter to,-0.13503293470325936
letters,0.28970828574951735
letting,-0.08651350480109259
letting anxiety,-0.16226413944269313
letting her,-0.0917208260367648
letting me,0.11278469993373223
letting them,-0.07656000605184837
letting this,0.08669794554057833
level,0.13322396310085563
level of,0.12561941994407944
levels,0.07507427547493789
lexapro,-0.19428398191875557
lexapro for,-0.03204111453995498
lexapro next,-0.11725403527436723
lexapro was,-0.1041686290485049
liar,0.17566994259789578
libido,0.11268104796284692
libido is,0.06827092222532327
library,-0.11431874466107565
licence,0.13365670748810252
license,0.04158792413115699
license or,0.07538406555908313
license plate,0.016235637555389947
license there,0.05362636869514095
lie,0.10955501316761812
lie and,-0.13766922812987364
lie but,0.03245069080363166
lie from,0.057101051199692124
lie to,0.18132435819863854
lied,0.14706585571807693
lied about,0.12021346472111921
lied and,0.08043878949434022
lied to,-0.13852984346635858
lies,-0.07946355453488126
lies and,-0.08843448984487992
life,0.4253219358752167
life after,0.08196307805481541
life all,0.04971423206056953
life am,-0.04912095883280137
life and,-0.05239967807096531
life anymore,0.05097448102411207
life around,-0.07505750005430939
life as,0.09929133911463435
life at,-0.05773379362906312
life because,0.06123417807663023
life but,0.11488402007544886
life can,0.21602360181136196
life changing,-0.013515852825946069
life decisions,-0.09710169903181824
life don,0.09789780721919529
life during,0.09472419500559694
life entirely,0.13274845425202983
life for,0.06882449983036294
life had,-0.13680933298353087
life has,0.24007237068966406
life have,0.0051483756369579605
life he,0.10137156207856489
life if,-0.16463642133495857
life in,-0.15822876916184778
life is,0.10475634385760368
life it,0.021303097478341138
life living,0.05156065872928462
life my,-0.011067554049369101
life need,0.052819334255802854
life not,-0.05508666466416278
life of,-0.012282774875189676
life or,0.15787503333386185
life out,0.07469521977476962
life please,0.1325491267633275
life plus,-0.04048913395168754
life rather,-0.041864510777867826
life recently,0.06053140299185174
life right,0.0018914202284261495
life she,-0.06597946520624039
life since,0.05525688228165954
life skills,-0.04317181353433812
life so,0.032300387796904376
life that,-0.04437357031493086
life the,-0.018779196931042456
life this,-0.07299096342051735
life to,-0.017437714316372192
life together,-0.005432657020229016
life ve,0.08399262043712463
life was,0.293410723697288
life wasn,0.0034917963695616228
life we,-0.029192807293881223
life when,5.34492756689214e-05
life where,0.08565532583156078
life which,-0.03513133570543088
life with,-0.0286030363287918
life without,0.09012997781700091
life working,0.06573633899852217
life would,0.025654009950942986
life you,-0.1000160127584759
lifestyle,0.008122751926170634
lift,-0.032956663356835204
lift my,-0.021299541197641172
lifted,-0.06297597881527026
lifting,-0.010688144184242142
light,-0.18639046136303786
light and,0.014872379413827212
light of,0.010752804542936742
light off,-0.10696641089653446
light on,0.03840350155436698
lighter,-0.009619456066535137
lighting,-0.018170581306754363
lightly,0.045806525017175956
lights,0.25678745809183595
lights off,0.11663050384287323
lights on,0.13357120119130317
like,1.1303762601061693
like 10,-0.0015454800799668171
like about,0.07210846677246334
like all,-0.04393604085103729
like always,-0.00041773646230578777
like am,0.3475496583832831
like an,0.05104499356931814
like and,-0.11393080180712281
like any,0.027217141454618943
like anyone,-0.03140397480770638
like at,0.09579998309153398
like bad,0.0953330385747478
like because,-0.05491804829940863
like being,0.08807966334047806
like big,0.13976489428016733
like can,0.15093289016020853
like cannot,0.09273983974036076
like cant,0.11369321613347232
like child,-0.045234407926330204
like complete,-0.001058561351531252
like could,-0.023188383398588575
like couldn,0.06425664027744092
like crap,-0.1448274656380118
like crazy,-0.0007106121253967108
like death,-0.0701487816743186
like decent,-0.08689233020100748
like deserve,0.05925329119086056
like did,0.07584094097755008
like do,0.046642651712816195
like dog,0.1057672948600935
like don,-0.005777495140693717
like each,0.023849590407585178
like even,-0.045479285853872974
like every,0.06117357974422489
like everyone,0.0005047653601618868
like feel,0.019746718411036996
like flashbacks,-0.08996351350847644
like for,-0.09814633868240236
like fucking,0.05973698429209622
like get,0.053693315099455886
like going,0.08713043066373327
like good,-0.030542289566232696
like had,0.0972616043047069
like have,0.2602245776401548
like having,0.14285175476178344
like he,0.12104587688405301
like her,0.03214401765117498
like him,0.028461696721340465
like his,0.03003031592902215
like if,0.10521510587458405
like in,-0.08296350065332982
like it,0.2710005085726358
like its,0.08814487623159876
like just,0.06401267410070366
like ll,0.18029393085955744
like love,0.109172334376795
like may,-0.023815265273752086
like maybe,0.1591721855935302
like me,-0.09999025694698449
like monster,0.039794795907686885
like months,-0.008272775267109645
like my,0.31061295494955904
like myself,-0.14449659446074353
like need,0.15165181138430534
like needed,-0.007129796320102239
like no,0.05963845420762259
like normal,0.11567963556082604
like not,-0.07066893383501521
like nothing,0.10997445984507725
like oh,0.0009534171453773263
like once,0.08417205700333621
like or,-0.025016722366333906
like our,-0.08981042078440601
like people,0.02338105362416672
like person,-0.02829557975754678
like pure,0.09449469691641747
like really,-0.1004156622631321
like rejecting,0.04901612142058376
like robot,0.0632475256960734
like said,0.08426193708135526
like second,0.09251205457606451
like seeing,-0.012864103538277471
like she,-0.001692910313965964
like shit,0.09352308525195928
like should,-0.0382973537485249
like so,-0.013059527722378946
like someone,0.011455839873054617
like something,-0.00948047683667834
like starting,-0.13350659625765254
like talking,-0.012212717725063592
like that,0.19481989462424198
like the,0.06452039734773164
like them,-0.12721516885110465
like there,0.18689740513986938
like these,0.1199452991030319
like they,-0.075346365595334
like this,0.4130162361645369
like those,-0.12422339873913661
like to,-0.6573075464216271
like total,0.01622314250477052
like us,-0.0794281678032379
like used,-0.12054147706734733
like ve,0.25476305130950777
like was,0.2255901223348554
like we,-0.18336245342094726
like what,0.05830245191627024
like when,0.05014736059392259
like will,0.023263741447118097
like you,0.2414915801298147
liked,-0.4319617954760853
liked her,-0.0782779761589499
liked it,0.06423647825911208
liked me,-0.059723618940869395
liked my,-0.06527316767481965
likely,0.32364800840387975
likely be,0.044946324314631275
likely end,0.07943504953484307
likely that,0.13975223631097222
likely to,0.11640677980791742
likely won,0.014666894662845518
likely would,-0.12110545780792518
likes,-0.20374713610826456
likes me,-0.07860415065162298
likes to,-0.08827411162468622
liking,0.004713863330298975
lily,-0.17039292339985596
limit,-0.06603868939330562
limited,0.030361071914000965
limited and,-0.007579876329590452
limited to,-0.056276913273950166
limits,0.09065986764837362
line,-0.18263360669753667
line and,-0.05541971778784591
line is,0.027353537741932953
lined,-0.041318050612759234
lined up,-0.041318050612759234
linehan,-0.10587863342883307
linehan book,-0.04949784213867973
lines,-0.18765822610738014
link,-0.5994309657627466
link any,0.04605380951720225
link below,-0.1270680839174178
link to,-0.25213574768715963
link url,-0.1623177492961661
linked,-0.09738880532538455
linked to,-0.03710626576707354
links,-0.10380018971200611
links to,-0.045116886321942204
lip,0.08782088534398717
list,-0.1159902473401134
list and,0.023088469994768893
list for,0.08629178782482813
list is,-0.021603112192573867
list that,0.012628916743922962
list url,0.023797648200880307
listed,-0.12227237784446718
listen,-0.08935944022541888
listen to,-0.03501852118864698
listened,-0.09271274131489866
listened to,-0.14959501855585652
listening,-0.0697549163425497
listening and,0.06277687506886787
listening posted,-0.07996473371485904
listening to,0.07352349819791089
listing,-0.1692179877752652
literally,0.7967944423670699
literally cannot,0.0850023550281924
literally felt,0.09413750451234153
literally had,0.09360019801348698
literally have,0.17291384583558675
literally makes,0.06143177070063229
literally never,0.010164162919512503
literally no,0.10534651849860147
little,-0.6772237451251915
little as,-0.11178327414129507
little background,-0.11765931963180994
little bit,-0.24054722227337313
little bitch,-0.11325865853199307
little boy,0.1032018841165149
little brother,-0.033698337329220764
little brothers,0.008436034113109241
little did,0.006180494689577078
little girl,0.1138630868739788
little if,0.003216765089329524
little less,-0.023936146313481305
little money,0.060542505433937396
little more,0.022969780815256052
little one,0.005846032495537865
little over,-0.08678485369219283
little rant,0.07415934840814153
little sister,0.015644875231728007
little stories,-0.03832236404144581
little thing,0.028165316744594018
little things,0.06821872095778507
little to,0.0014889619432818964
little weird,-0.05251638069970312
little when,-0.027152682989475974
little while,-0.15407252361959042
little work,0.0486432126968893
little world,-0.06042167103280494
live,0.3815156517266557
live alone,0.03092999657755468
live and,-0.048308809746911686
live at,-0.07995568352697889
live for,0.0011088687691854292
live happily,-0.04719612752258466
live hours,-0.014169921430848017
live in,0.30604868164680454
live like,0.19040059487051259
live long,-0.08700637941719241
live off,0.03563056288678031
live on,0.000641854656780917
live out,-0.05593341076133717
live that,0.0021789432462492285
live the,0.0038461483619866457
live there,0.07444922935872647
live together,0.10172474217210276
live with,0.1919923455382487
lived,-0.14171767717721243
lived and,0.00838871262435364
lived in,0.05695169933377186
lived on,0.0068531450644624585
lived there,-0.011122968959155509
lived together,0.07284704250208102
lived with,-0.14543748535577805
liver,-0.1220959737898734
lives,-0.14460173674295543
lives an,-0.060195075829451994
lives and,-0.08670169565727831
lives in,0.03209445879355899
lives on,-0.054463989489935645
lives she,-0.014237180384914404
lives so,-0.057445070833539946
lives with,-0.04463717044270144
livid,0.05482507297962218
living,0.384276725967825
living alone,0.0761325201329485
living and,0.02032552755977822
living at,0.06949140526035258
living for,-0.003752242767468303
living hell,0.07172546644620459
living in,0.3746912512961846
living life,-0.07314850511525942
living my,-0.10627449033097375
living on,0.1429841353408934
living out,0.04316419635797057
living room,0.013958633901910383
living situation,0.07802191888666152
living space,-0.11250793399260092
living together,-0.15445751568913035
living with,-0.040350219342926964
ll,-0.28194823620138987
ll all,0.10738415871098647
ll be,0.08894664346045317
ll call,-0.2509685953087506
ll come,-0.017937909508191262
ll continue,-0.009986887966521437
ll do,-0.016279048283975955
ll end,0.0005346770534327211
ll feel,-0.05907498612961387
ll find,0.13386293719064887
ll get,0.05842996127078664
ll give,0.025370047483267166
ll go,0.0005000693334598058
ll have,-0.17971773471907904
ll jump,-0.1324409405742269
ll just,0.016693341581440695
ll keep,-0.09329665597602281
ll let,0.0740855769562889
ll look,-0.03969258102918456
ll make,0.00356631847856261
ll need,-0.06397274992969885
ll never,0.012431880154099259
ll pm,-0.07250161759076326
ll probably,0.10985330119673467
ll say,0.0415004346303916
ll see,0.010882619812364085
ll send,-0.08461152058271491
ll set,0.1457966838925104
ll start,-0.0003575098902835131
ll stop,-0.05278075331886537
ll take,-0.0055591631782117455
ll try,-0.15206484173895923
load,0.08408622649535914
loaded,0.05942532182860774
loaded gun,-0.011295059659668111
loads,0.1645884008299671
loads of,0.1407795429996945
loan,0.07846576007808134
loan debt,0.11744356455696965
loan of,-0.0024223789605206636
loan with,-0.022983241300646814
loans,0.21365680467342757
loans and,0.06939758229117739
local,-0.03042797864756096
local food,-0.014156963272451244
local or,-0.03074105019184583
located,-0.08110565985324478
location,-0.10555937198887377
locations,-0.09093839744915588
lock,-0.05894826893054379
lockdown,-0.14518700598135575
locked,-0.04925137141058
locked and,0.0003721506669633106
locked in,-0.0362780184658746
locker,-0.2019632510282893
locker room,-0.044168357766007076
locks,-0.011892566121793952
logged,-0.14879548130649628
logged and,-0.09247753702828015
logic,0.1346562859901869
logical,-0.0946430063603055
logically,0.0418421965181294
lol,-0.12653880099718387
lonely,0.3077871746204216
lonely and,0.14892395538059905
long,-0.41502443872566974
long after,-0.009401576467165341
long ago,0.026824538392618336
long and,0.06508956298930103
long as,-0.11706317770209507
long before,0.0003899822057929582
long but,0.022663354518842983
long distance,-0.18726321236877105
long for,0.07291112032088393
long have,0.07201610200720211
long history,0.058991103140779357
long island,0.07244348176655825
long it,0.014129155802801212
long period,0.0007750852968027686
long post,0.046621477095800286
long she,0.008866644189926822
long shot,0.016091279095924626
long since,-0.050372417234927094
long so,-0.13837636467606396
long story,0.020867618130694553
long term,-0.2313680037059339
long this,0.06955474976686574
long time,0.07308178640162737
long ve,-0.10147163712042603
long way,-0.07178111557129647
long we,-0.10062249290894557
long with,-0.0907234239880461
longer,-0.06815517903641946
longer and,-0.06285893241321666
longer have,-0.05811435531697778
longer in,-0.009255532026916822
longer live,-0.013392407960828889
longer than,-0.031660949630395605
longer wants,-0.04896800773794442
longest,-0.05801925755975198
longest time,-0.011831271686204188
look,0.0491914640761228
look after,0.09212641612866836
look and,-0.05973661983737406
look at,-0.12071531496991643
look back,0.015210648989243092
look for,0.0716671600601057
look forward,0.08905144986187376
look into,-0.05042671947740635
look it,-0.08210945479403194
look like,0.14527108788961812
look on,-0.059445907283338525
look up,-0.006643316800069313
looked,-0.23296946115005768
looked at,-0.13555118520488424
looked for,0.081683854261188
looked into,0.06537093678225726
looked like,0.10327108363638939
looked up,-0.1734645400490756
looking,-0.4495995702700088
looking and,0.03293103158812357
looking at,-0.05581608248858571
looking back,-0.07976009542379826
looking for,-0.22767173175736846
looking forward,-0.07061167974325659
looking her,-0.009168844028521667
looking into,-0.045897278650340545
looking to,-0.15439611976457
looking up,-0.01588757926442451
looks,-0.31994746711009436
looks like,-0.21196459204819118
loop,0.06297503460335466
loop of,0.04734729764194204
loose,0.13538247341759677
loosing,0.09588221831006763
lorazepam,-0.05590074791524282
lord,-0.15268784766878876
los,0.08577472023266229
los angeles,0.08577472023266229
lose,0.452959908183464
lose all,-0.017831542583714634
lose her,-0.02923346887685242
lose him,-0.022796862094619477
lose interest,0.06279101831231255
lose my,0.18870668716551406
lose sleep,0.06387762734748618
lose the,-0.015539419250875198
lose weight,-0.03526504774999176
loser,0.0302280125645768
loses,-0.030460450452026423
losing,0.6303734231764041
losing control,0.1280339008058401
losing interest,0.08706630398924474
losing it,-0.007642257391792193
losing my,0.22898005899476567
losing the,0.07905854286808171
losing weight,-0.10547152387396797
loss,0.1021167005728681
loss as,0.09604075764700565
loss of,-0.07718758133154559
lost,0.18077940198808168
lost it,-0.03539834502529016
lost my,0.07520276635188285
lot,0.16623400119518875
lot about,0.05252559077231151
lot and,-0.11496483928335853
lot at,-0.018518320183104765
lot but,0.02479288223168725
lot for,-0.16815619564015666
lot going,0.023545905362519524
lot he,-0.09778233278939998
lot it,-0.11573487330711597
lot less,0.07013064132038657
lot like,0.031079090463543332
lot more,-0.1057067725909632
lot of,0.5035434439389795
lot on,0.025823578227476357
lot so,-0.007629098246715097
lot the,-0.009154403343727881
lot to,0.08273441621284593
lot when,0.010985982865604031
lot with,0.08482085782918743
lot worse,0.05642332323811542
lot would,-0.01700512485387389
lots,-0.04208483557661421
lots of,-0.04208483557661421
loud,0.05767376021362414
loud music,0.11223286111942989
loud noise,-0.023064376665735336
louder,-0.05289886213998892
louder than,0.008674334516595206
loudly,-0.10645221019356783
loudly and,-0.12315914578726085
loudly with,-0.0756858792498946
louisiana,-0.0639950084339269
love,-0.21068196523398988
love again,-0.0053436602599358715
love and,-0.02031299323704446
love but,0.006059290236628678
love can,-0.006122602577675336
love for,0.021531363230819698
love her,0.03899413721554262
love him,0.06294429257437553
love in,-0.12484662582207919
love is,-0.02220619149171555
love me,0.18364175181595416
love my,0.026773729189569592
love myself,0.03973059789421338
love of,-0.12929536528420268
love some,-0.08656342773535242
love talking,0.00481419976128801
love that,0.03839406078446315
love the,0.10675141969069027
love them,-0.03681880989988738
love this,0.012873781476755114
love to,-0.360911346769608
love with,-0.24581532212598137
love you,-0.08015949479695524
loved,-0.43777587934011675
loved and,0.04827695266907314
loved by,-0.007207195317152906
loved him,-0.18129030089490175
loved me,-0.08496479826435968
loved one,-0.09373713017739141
loved them,-0.1301472732448346
loved this,-0.0006435605293580714
lovely,-0.06679010140617
lovely people,-0.06679938516823922
loves,-0.22806179292092874
loves her,-0.07913045517972712
loves me,-0.07616100927187318
loves you,-0.01728443844740382
loving,-0.4673111547069891
loving and,-0.05614145641500674
loving home,-0.07933944793070183
loving someone,-0.08446548290245093
low,0.22781272436717384
low energy,0.061980079111419735
low income,-0.09927879849023155
low on,0.13067429739590403
low self,-0.034504832082676115
lower,-0.04547952849757206
lower back,-0.023699481261025675
lowest,0.054785918167111994
lows,-0.07626316035123698
loyal,0.011746833869247278
loyal to,-0.02613109027383654
loyalty,0.01527776396653797
loyalty and,-0.03397599941984031
lsd,-0.10210648385838016
lsd has,-0.10210648385838016
luck,0.007260351515299889
luck and,0.05639162659649473
luck with,-0.06598792284494186
luckily,0.17635777259646587
luckily didn,0.07441292165071392
luckily for,-0.09401276721043776
lucky,-0.03240674499680751
lucky to,-0.002573786232304114
lump,0.23137828143923744
lump in,0.07416078373838615
lunch,-0.07632258846778699
lunch and,-0.06817667040927115
lunch time,-0.004673565109779509
lung,-0.029617172209348383
lung cancer,-0.029617172209348383
lungs,0.11121481335297378
lupus,0.08926705942553075
lying,0.11522021860919238
lying and,0.04298878692238656
lying in,0.08935298041246195
lying to,-0.06967792465065423
lyme,0.0600242998631519
m21,0.01097315184947038
ma,-0.13700998551553056
machine,-0.1818927775234771
mad,0.3406031608071038
mad and,-0.16764023918985685
mad at,0.20326295746652978
mad because,0.06809525623487932
made,0.20870709327830653
made and,-0.008019971303718364
made comment,0.05108073734239608
made comments,-0.0663272879194394
made her,0.06308765465741101
made him,0.0108021498171793
made in,0.06272410913453044
made it,-0.07139378549207076
made me,0.389778985680875
made mistake,0.025886807416413977
made move,-0.1717047659333516
made my,-0.10927457363275889
made out,-0.11379222815608644
made post,0.08634473047656589
made sense,0.06395391305685978
made some,0.0909982671501451
made sure,-0.0030669977097194383
made the,-0.09784812660562169
made them,0.05333238290453157
made things,-0.10724744011302004
made this,0.14901202368443203
made up,0.16721827012055313
made us,-0.07681888257231001
made very,0.008812075888244989
made wishlist,-0.07377617043456687
made you,-0.08497827657183814
mafia,0.017242193127144458
mafia and,0.017242193127144458
magically,0.17347078823154827
magically wake,0.08612677952369974
mail,-0.06937368777371518
main,0.10185755054798859
main account,-0.05253016796972261
mainly,0.08955548306106607
mainly because,0.14333636400124566
mainly the,-0.10911800070037934
maintain,0.03966678276570367
maintain close,-0.05581193537247974
maintain the,0.06971807008949597
maintains,-0.017464408961274828
major,-0.029860558121229158
major depression,-0.012400583693311384
major panic,-0.017477455292144475
major trigger,0.10728618310773128
majority,-0.0507238681337256
majority of,-0.0005894093469550425
majors,-0.0018109473531724865
make,-0.5532605318830824
make an,0.07567858523182099
make any,0.07934832138588473
make decision,0.04996195666411794
make enough,-0.08379134405137686
make eye,0.07984157941726663
make friends,-0.06963452949185873
make good,-0.14940393357168774
make her,-0.09516502609063326
make herself,0.0294486723080953
make him,-0.14121611558673525
make it,0.04050754109797876
make long,0.061749105417231935
make lot,0.10308917028778757
make me,0.3690988845712802
make money,-0.12728005480085056
make more,-0.0268128953589493
make move,-0.09129223500750158
make my,-0.09934648531586253
make new,-0.05084182050956855
make normal,0.06608237611535808
make of,-0.0006334228802553838
make plan,-0.005685418890480725
make plans,-0.10039153607475816
make rent,-0.09912698201918124
make sense,0.03607307083134932
make some,0.03686295345696824
make sure,-0.07714591937213672
make that,-0.10656808296224189
make the,0.16279578542033035
make them,-0.013147761145329832
make things,-0.042736702512323435
make this,-0.4146953082235347
make up,-0.012364063556484244
make us,-0.10326792960941517
make you,-0.040853974082173686
maker,0.06934355548644655
maker and,0.044783699728152236
makes,0.60540283790708
makes good,-0.03832236404144581
makes him,-0.040934084111288224
makes it,0.14534832880897522
makes me,0.46247634518251673
makes my,0.05475788253639688
makes sense,0.12485467342014636
makes you,-0.1793856450771125
makeup,0.0018792497497884468
making,0.42499533867996586
making all,-0.050898725886667946
making an,0.026855020357133264
making everything,0.047913855107677664
making eye,0.002997391861830784
making friends,-0.016742542129728217
making him,-0.011934844110282306
making it,0.15731459234738215
making me,0.23351857561660197
making my,0.04997240452552872
making myself,-0.03608327017347437
making sure,-0.12510165585633837
making the,-0.025691338198766584
making things,0.10750219914581347
making this,0.06059000302604188
making up,-0.005114122189974325
making you,0.06275788898673851
male,-0.07330551113075032
male and,-0.05024004052890651
male had,-0.0831923595562245
male who,0.01844163624124433
man,-0.05902822411247568
man and,0.15001842807767185
man because,-0.0031967088029658114
man fell,-0.10394011663694788
man he,0.04355956507220938
man in,-0.0427729388074466
man so,0.0032742322285062068
man that,-0.014723859375702761
man to,-0.06191894955185472
man was,0.07190807204482487
man who,0.08788320110305645
manage,0.09137253912806664
manage my,0.11034460722236168
manage this,0.09918811773847491
manage to,0.0863090290760121
managed,0.16993095020665722
managed to,0.06650262225770914
management,0.10516254741832479
manager,-0.38997243266086057
managers,0.1065516320014714
managing,-0.14263724677419676
mania,0.061021074006316525
manic,0.014678294020682645
manifest,-0.0406725047526853
manifests,-0.023569645993864168
manipulate,-0.057217659584483174
manipulate and,-0.04949784213867973
manipulation,0.10546213186432914
manipulation and,0.08933870324511851
manipulative,0.22845363937105595
manipulative and,0.1369308623172504
manipulative it,0.11427401809639928
manner,-0.08216818748409258
many,-0.5436757458085875
many different,-0.1810493833153595
many friends,-0.07604247768151105
many many,-0.04792383686351006
many men,0.03537856785015576
many more,0.01044530169199092
many of,-0.10262418141256154
many other,-0.034535626237688535
many people,-0.17849535882097298
many survivors,-0.09061284905862606
many things,-0.13993744843640618
many times,0.04615220365827569
many ways,0.07877571125370049
many years,-0.11946632627077079
march,-0.2571473998621203
march in,-0.00959933207053742
march of,-0.08724623084122655
marijuana,0.057289168905765034
marines,0.0036528381820184934
marital,0.049796298777009064
mark,0.04054022623178495
market,-0.18862214422520718
marketing,-0.07657434592323346
marks,-0.025265486195630894
marriage,0.02995663915330819
marriage and,-0.011681018623776804
marriage didn,-0.08582590228155926
marriage is,0.00566395168491154
marriage what,-0.08457617506808335
married,-0.20219471838607372
married and,0.16488729781542216
married before,-0.10866888613293645
married but,0.0042989210154405115
married for,-0.07817766830994638
married he,-0.0775121055233762
married him,0.00212112967689155
married my,-0.019604081439524083
married to,-0.04644736430159524
marry,0.06297915449717907
marry me,0.12041007668300581
mart,-0.12780106858864015
martial,-0.05656129615523282
martial arts,-0.05656129615523282
mass,-0.01878062852891759
massachusetts,0.0657359134608534
massachusetts am,0.0657359134608534
massage,-0.07226484729621101
massage his,-0.03241140937372372
massive,-0.018866036812451626
master,-0.0070013042468082915
masters,0.10052305483530835
masturbating,0.04743303028387673
match,-0.2084853084983745
match to,-0.0815360390369555
matched,-0.09365923536871104
matches,-0.012198979000903616
matching,-0.020850253263844806
matching pictures,-0.05427865834755191
mate,-0.03275077378854992
materials,-0.12926818514515148
mates,-0.041386555467966935
math,-0.021312046222841472
matt,-0.18165117013780527
matter,0.016794939330280513
matter how,0.011693849363152622
matter if,0.11587845405056085
matter of,0.02776871398239949
matter was,0.004445822124881053
matter what,0.008859020600794984
matters,0.048810140660567505
mattress,0.02057606060115877
mature,-0.12231046195521361
mature for,-0.02315766713333843
matured,-0.11483442262380954
may,-0.3323454500787218
may also,-0.044121858433134445
may ask,-0.051274632311124044
may be,-0.39861465913912686
may become,0.07761653965808524
may do,0.0653485851005283
may feel,-0.0682287095889399
may happen,0.07406837870042791
may have,0.0031698793346489206
may just,-0.014901083183131344
may not,0.01977198655549441
may quickly,-0.04361458378108298
may take,-0.0802587154551808
may think,0.008682979060774167
maybe,-0.17802467143158984
maybe am,0.04829663229425454
maybe do,0.00401048344616732
maybe even,0.025291824764047458
maybe get,-0.010085201574466438
maybe go,-0.014522200680995311
maybe have,-0.08162537996180189
maybe it,-0.2535046460472824
maybe just,-0.03250482152940361
maybe more,-0.11107413853587651
maybe not,-0.004316740422157874
maybe once,0.12733799268379048
maybe she,-0.145352035842223
maybe should,0.020710095990371935
maybe that,-0.018959836612979706
maybe the,-0.05719586662408432
maybe they,0.05652441787335999
maybe was,-0.022710227406126243
maybe you,0.06974838815532629
mdma,-0.17809518618436457
me,3.152550094218158
me about,-0.38792308353413524
me acting,0.08769505253280137
me advice,-0.13292032408090165
me after,0.022839216311627882
me again,0.04896195237671778
me alive,-0.016463493169878964
me all,0.2230823861425147
me almost,0.06757998220039843
me alone,0.08660034973019949
me along,-0.012170214540100798
me also,0.13131479065180224
me always,0.01751357111025949
me am,0.37649325863678196
me an,0.006676486973788721
me and,0.9030393718922639
me angry,-0.006859934157329738
me anxiety,0.023173717223400028
me anxious,0.17471209015758907
me any,-0.038014801935149965
me anymore,0.11315128687818106
me anything,0.02615956303955916
me anyway,-0.062427434309890346
me anyways,-0.001122119955424706
me are,0.04675267535761991
me around,-0.026594127824027976
me as,0.23585496959686836
me at,0.4667928816743159
me attempting,-0.026206656629198105
me awake,-0.020492431988463507
me away,-0.019258576932862558
me back,0.10190598367293911
me basically,-0.12988321934571173
me because,0.1563393015244584
me before,0.01865821940612437
me being,0.2677178879543646
me believe,0.005211512018226111
me beyond,-0.08671879641193893
me bit,0.07944141029676256
me but,0.511811983984111
me by,0.19545506172454408
me calling,0.0733253195235479
me can,0.1888862993061469
me close,-0.023415999280599703
me comfortable,-0.044594329052677434
me coming,-0.09276456579307737
me couple,0.011211097449081947
me crazy,0.04139940342280014
me creeped,-0.0605061454050651
me cry,0.12031584237263393
me decide,-0.013514792504021527
me decided,-0.0386615882719
me depressed,-0.012831874481294149
me despite,-0.010593976546704761
me did,-0.033512453411831504
me didn,-0.018355625381125885
me dm,-0.0395484419386061
me do,0.11027239421722902
me does,-0.09869560830491723
me don,0.021251745355676616
me down,0.15363434629607803
me due,-0.04176171830346271
me during,0.0797886445252273
me enough,0.02647041840626576
me especially,0.10528372582161913
me even,0.21210183476600292
me every,0.15248697972089115
me everything,0.18174879756015486
me fed,-0.1544018809272983
me feel,0.521030163538062
me feeling,-0.01183770268949822
me few,0.053027418772901756
me finally,-0.12019276653912263
me financially,0.11642219690702293
me find,0.15391605303112424
me finding,0.07713411737913017
me for,0.3315666797428052
me freak,-0.09426643660033561
me from,0.33562854420977584
me fucking,0.07796167643023166
me genuinely,0.06575947734715651
me get,0.026139509339974925
me getting,0.05977777725929635
me go,0.11377481985682181
me going,-0.04540010873433526
me great,0.010004840082228992
me guess,0.02184095284550021
me had,-0.09946165750677104
me happy,-0.09753688125907238
me hard,0.007695716790301623
me has,-0.025665739369227523
me hate,-0.01787148912332075
me have,0.24622719613325483
me having,0.05766960219482788
me he,0.24837940103233272
me hiding,0.08876481463121946
me his,-0.03984721199448267
me home,0.01065478479202206
me honestly,0.07783760543287983
me hopes,-0.0012339024096511442
me how,0.03205627608269164
me however,-0.10783373791381255
me if,0.06852836031303469
me im,0.06372965212622389
me in,0.18344503794699987
me insecure,-0.0010817468400067323
me inside,-0.030763920079802217
me instead,-0.004246894457110616
me into,0.14572804844067028
me is,0.3085833918611862
me it,0.15032091646300205
me its,0.08332706209432607
me just,0.26009558719317105
me keep,0.08288465680724086
me know,-0.5662252796655767
me knows,0.06699660821994494
me last,-0.010567242628692124
me lately,0.056109388030561515
me later,0.1346412138738463
me like,0.21466961495909737
me little,0.0798988292121852
me ll,-0.08977405165692265
me lose,0.06735685723270025
me lot,0.04123848514760458
me love,0.05429902983138509
me luck,-0.11716762912436547
me make,-0.01151695288435312
me maybe,0.13199373419004762
me mentally,0.15469874928616054
me money,-0.11594779411331145
me more,0.15039157290803434
me much,0.143771920138112
me multiple,0.04185978041553245
me my,0.10675020280647975
me names,0.12117323472659985
me need,0.09994902055545861
me nervous,-0.018240648963682354
me network,0.08580513407427554
me no,0.01534509909030003
me not,-0.06977584368361027
me nothing,0.06471072080026415
me now,0.040062159777708786
me of,0.3400046100289992
me off,0.176971635001475
me oh,-0.13098709299865938
me on,0.3968394285090994
me once,-0.016144328814111406
me one,0.07149438312777807
me only,0.016150103979085544
me or,0.17271198444699867
me out,0.4181345710133425
me over,0.01538429459592325
me person,-0.007840787125032861
me please,0.0671922854767261
me pretty,0.05460380342250601
me probably,-0.047044030319833216
me process,0.07739957095879246
me questions,0.04897066265240465
me realize,0.06152868074645538
me really,0.2200235587685396
me regarding,-0.07378535716214671
me regardless,0.09137282089948764
me repeatedly,0.09175533715253696
me right,0.047813605553365134
me said,0.011716470185040725
me saying,0.09212007131229276
me scared,0.04786216050121325
me see,0.028333627697646305
me seeking,0.07016623670531848
me several,0.11398996377410547
me she,0.15180686434619334
me shot,0.10799233912529049
me should,0.0044643889690139955
me sick,0.0717335649960861
me since,0.16128205776689633
me slowly,0.047422475938892414
me so,0.34620692286589255
me some,0.2495220655259071
me something,0.061878667437442574
me sometimes,0.03281290967182026
me sorry,0.06170482904748915
me started,-0.07887856119317292
me stay,0.0639244166139658
me still,0.01906433070748401
me stories,-0.09167343881632314
me take,0.04324941399528128
me telling,-0.13624177632298323
me thank,0.04635404055012361
me that,-0.1349056274989961
me the,0.24659934742487064
me then,0.0015719892480092754
me there,0.03456595881658418
me they,-0.08731166773079563
me things,-0.09292410211984954
me think,-0.028407773791001453
me thinking,-0.06522417816190416
me this,0.10413994497565264
me through,0.1543084845862789
me time,-0.0019788846693385783
me times,0.044783699728152236
me tl,0.07990753540381597
me to,0.6024595174716669
me today,0.04844917269204539
me told,-0.10729933696297408
me too,-0.2865835937626367
me tremendously,0.083843814066948
me tried,-0.037509369778447293
me trying,0.08739676356125178
me twice,0.11362525684702993
me two,0.08720676815598362
me uncomfortable,-0.028573122070794946
me unhappy,0.044783699728152236
me until,-0.10938038150997392
me up,0.1600746755781123
me ve,-0.23638053675811235
me very,-0.015421800520158077
me want,0.17677560210545074
me wants,-0.1455921577278405
me was,0.15137946045001785
me wasn,0.06855872066821772
me watch,-0.10457777811630685
me we,-0.07529742332789163
me week,-0.025461491216835205
me weird,0.07055767684545185
me what,0.17010832961697148
me when,-0.06563845649227493
me whenever,0.05000924574750382
me where,0.012931262552010358
me which,0.06452284475656919
me while,0.05694143616089259
me who,0.09831307564426828
me whore,0.11973844011297975
me why,0.13436622414178356
me will,0.15028164709203615
me with,0.15087329599737626
me without,-0.011296866679517018
me wonder,0.062329895967132155
me wondering,0.04438176447421569
me worried,0.17518241626704809
me would,0.07021358467683664
me wouldn,0.05362636869514095
me wrong,-0.15688059520267736
me yet,0.07034549537327431
me you,0.13833919725852764
me your,0.07402668800190325
meal,-0.1347747987458803
meal and,-0.061302903033258464
meals,-0.10196545245662367
meals and,-0.07229465405119301
meals for,0.026970219223363172
meals or,-0.06326050923160913
mean,-0.2181806847817329
mean and,-0.006053330092296456
mean it,-0.051095254319738444
mean just,0.0041933581606715346
mean lot,-0.041623653122792134
mean that,-0.1277733018113143
mean the,-0.04286465650584663
mean things,-0.03937319180461497
mean this,-0.016016862034043865
mean to,0.010397120061181842
mean what,-0.032055661299354665
mean you,-0.061253139360169115
meaning,0.20684039399556534
meaning you,0.07407554956031352
meaningful,-0.003512853198048199
means,-0.21465617571061937
means he,-0.12233358413841205
means of,0.1020294335484801
means so,-0.08627660072119517
means that,-0.01699465273122497
means to,-0.044647910187665105
means you,-0.048306741854765224
meant,-0.08706404359952946
meant to,0.029449137036112922
meantime,0.13811955870915482
meantime this,0.059160008777816964
measure,0.05578935510512238
measured,-0.003627255006973046
measures,-0.011270431888752621
mechanisms,0.07500077575107691
med,0.06917672533411971
media,-0.14375735634901687
media and,-0.02675797765786632
media to,0.047376053615178354
medical,0.28776505169010413
medical condition,0.08546856514494874
medical insurance,0.08461816497110433
medical issue,-0.10537557992308991
medicated,0.13763735295151025
medicated with,0.09209002832589835
medication,-0.17938218118168744
medication and,-0.048332228550226536
medication because,0.04489403191004078
medication but,0.08616572209176379
medication for,-0.12339271152386722
medication is,0.06666585867298588
medication just,0.07807081397992242
medication to,-0.028456681379932715
medications,-0.343339100744138
medications and,-0.09920755309354658
medications for,0.08219349709992925
medicine,0.17292641831214908
meditate,0.01310843285622546
meditation,-0.06804315048970516
meditation and,0.04763788387351135
medium,-0.0893275178246564
meds,0.36453574542618994
meds but,0.051937558204756124
meds don,0.02032731014077627
meds for,0.10178253669223268
meet,-0.09164427834643078
meet any,0.10438175710927337
meet her,0.01153558227049802
meet in,-0.06944281706399104
meet me,-0.0859440327320951
meet my,-0.0220204281452181
meet so,-0.08325497434374325
meet the,0.08281886215147949
meet up,-0.14831729824854917
meeting,0.10337624287113868
meeting and,-0.09819434711652171
meeting her,0.10658963743423223
meeting him,-0.09521871191641278
meeting is,0.0034563549267159713
meeting up,0.06278771396818014
meeting with,0.15944301278798698
meetings,-0.062209997116467186
meets,-0.06667539871986461
meltdown,0.0338518471679887
meltdown in,-0.000927633458164726
member,-0.00212508195734083
member of,-0.07339479229795931
members,-0.0017382792409509952
members and,-0.07238660271391259
members be,0.018903971965396744
members have,-0.07732331941822539
members we,-0.05581193537247974
membership,-0.24363173101254598
membership files,-0.009168844028521667
memorial,0.056548283759956505
memories,0.4714606073970391
memories and,0.28013868943403697
memories are,-0.022125378101926788
memories but,-0.010421903544649174
memories literally,0.07852700425542665
memories of,0.07375105645253287
memories that,-0.03649598701934194
memories with,-0.03542232695176978
memory,0.1897318134384678
memory and,0.0741239681679848
memory of,0.1127368322618468
memory performance,0.05411245080730281
memory that,0.02608899919749795
men,0.09058676013967358
men and,0.06771779539342293
men for,0.012238534871773142
men that,-0.14196854807997855
men who,0.025331570272647562
mental,-0.06357343179269667
mental and,0.04909028059852201
mental breakdown,0.06149364226594344
mental health,-0.3126627271025262
mental hospital,0.04754726948356767
mental illness,0.08075338490627315
mental illnesses,0.07489846183248956
mental issues,0.10618966834844785
mental preparation,-0.10210648385838016
mental state,-0.059216401536720004
mentality,-0.0015010294874495279
mentally,0.5972413952209032
mentally abusive,0.16912940670710533
mentally and,0.25510026794832913
mentally ill,0.1499207348434685
mention,-0.09716096363751942
mention doing,-0.019716673198179813
mention my,-0.007447374294918761
mention that,-0.17989154761029616
mention this,-0.004677906163051286
mentioned,-0.08880456218839186
mentioned above,0.005597185928637919
mentioned it,-0.10071717874909461
mentioned that,-0.06045597536343572
mentioned to,0.07894643675132619
mentioning,-0.14199060039576597
mentions,0.15302973171807388
mercy,0.008203162054278495
mere,-0.0887766565007197
mesh,-0.09687228647609328
mess,0.35124807509964545
mess and,0.0730124315081133
mess it,0.05838504675352353
message,-0.1022608276914536
message and,-0.047523900111736996
message if,-0.04889274569267998
message me,-0.12341175037063169
message on,0.018458270453218815
message that,0.01115924103170889
message to,0.08748015416737587
message was,-0.07044924402326669
messaged,-0.11589957764243253
messaged me,-0.11332993852475938
messages,0.11070690948335503
messages are,0.11743130234127612
messages but,-0.00852653992718094
messages from,0.2177367420679968
messages me,0.0542274602805008
messaging,-0.06607621909666492
messed,0.0660079455051965
messed up,0.004525537851717938
messenger,-0.011907217002288263
messes,0.07398604609923667
messing,-0.01394935996661564
messing with,-0.01394935996661564
messy,0.10647480876683135
met,-1.3270609709615768
met and,-0.12287219552459798
met at,-0.07321559480367006
met before,0.034937752203434896
met girl,-0.10422997205036003
met guy,-0.09047249672009008
met he,0.058518609636442474
met her,-0.2830618247819989
met his,-0.08826375220625017
met in,-0.2116933188035728
met me,-0.008202819027358537
met my,-0.09338347966191377
met she,-0.10166513155113271
met someone,-0.09409536747934746
met these,-0.08194488234489923
met this,-0.12721275541164587
met was,0.08425054795569996
met when,-0.04986809117610537
met with,-0.08146747141058615
metal,0.05298778687037367
meth,-0.017318969373274064
method,-0.06327062874462078
methods,-0.15803211043587018
methods and,-0.1181131795275996
mexican,-0.020237763872736406
mexico,-0.22584082925997456
mg,-0.149866295873817
mid,-0.01493284512652628
middle,0.1588340580127507
middle age,0.06300483433477659
middle of,0.03271356749914087
middle school,0.12093194940036399
midnight,0.029143417306373206
might,-0.20386229993559501
might actually,-0.008506094236816865
might as,-0.019272234428460416
might be,-0.1923136646122306
might have,-0.05973819006301747
might help,-0.03447457935698035
might make,0.0005030756154995716
might not,0.07754454728146677
might say,0.12105639595398338
might sound,-0.062018838137935996
might ve,0.06922516245151895
might want,-0.05015944905011923
migraines,0.1356138248601186
mike,-0.11121958634459607
mil,-0.07413721341132715
mil has,-0.024110727329022412
mil is,-0.08820201010435298
mild,-0.11314858237983409
mild and,-0.02909180111805274
mild anxiety,0.01461895186782273
mildly,-0.04167281525491202
mile,-0.05613422976720372
miles,0.1896990194928117
miles away,-0.04502892368933347
military,-0.030676712147798237
military is,0.01667332384700256
milk,0.16915728012899783
million,0.13171876329066018
million dollar,-0.06407478251560594
million times,-0.000535937376677615
millions,-0.012956050028732789
millions of,-0.0345833021063742
min,0.0784497898483076
mind,-0.0004651145297356455
mind and,0.08021255086191875
mind can,0.07595667541747143
mind doesn,0.06298566417933033
mind don,-0.03564716492389174
mind for,0.01835032244522933
mind if,-0.03915727055704729
mind is,0.08252625714275193
mind it,-0.009544754710516747
mind just,0.09169585828415927
mind off,-0.0009199154029069981
mind or,0.03755224383420935
mind that,-0.18117552189247263
mind the,0.08839863754153353
mind to,-0.1093313054239338
mind will,0.0596836127423845
mind you,-0.0665269136728228
mindfulness,-0.11816821092283707
mindfulness meditation,-0.07135562163544848
minds,-0.040344102747628785
mindset,0.18502248403024973
mindset because,0.06699989715025102
mine,0.17539204579692244
mine and,-0.028544936621199446
mine but,0.07988768409721378
mine from,-0.09608068742916631
mine in,0.0030602911078205066
mine that,0.03527167563972281
mine who,-0.02485764372310327
mini,-0.10273183453901182
minimal,-0.026017651984425298
minimizing,-0.05294818121304757
minimum,0.12715327937228646
minimum wage,0.10052462647881527
minor,0.16371114253147873
mins,0.03485308147002784
minus,-0.03954294304667364
minute,0.1656148745887242
minute and,0.18006841400074142
minute of,-0.12229279192881651
minute survey,-0.05427865834755191
minutes,0.09061068888533558
minutes and,0.03417859811441303
minutes away,-0.1384410965790404
minutes before,-0.02247908723314608
minutes later,-0.10034468453437227
minutes of,0.15122290823797654
minutes or,-0.003923069460970547
minutes to,-0.028483256445913575
minutes until,-0.08753645693654895
miracle,-0.004944896621684389
mirror,0.08531728633094604
mirtazapine,-0.12375683725920836
misdiagnosed,0.0136618078979534
miserable,0.11687149541070098
miserable and,-0.0271172034007307
misery,0.08571584025681
miss,0.07947762919047786
miss having,-0.025444187307303336
miss him,0.058338890335569805
miss my,0.07300235716641043
missed,0.02674178002065443
misses,-0.04019789806563546
missing,-0.11192926260854033
missing out,-0.11887465265900295
missing something,0.03632575660062703
mistake,0.03345962110969989
mistakes,-0.0877312419654688
mistakes and,-0.06870674131353884
mitigate,-0.03875592179455369
mix,-0.09245181901739849
mix of,0.047032841401093546
mixed,-0.054449754965520666
mo,-0.09782526269216894
mobile,-0.19327570812984884
mobile phone,-0.06375340098317321
mobility,0.01424316180912007
mocking,-0.014415019646286208
mocks,0.0881712577462976
mode,0.02220554355745224
mode and,0.0006988922817152004
model,0.08090583125475877
moderate,-0.1684209216577973
moderation,-0.13147699089709083
moderators,-0.13164709089490773
moderators present,-0.05581193537247974
mods,-0.1483177738023399
mods pleasure,-0.052360604150883464
modules,-0.06560331201982174
molested,0.07710065282949535
molested by,0.08766273736153149
molested multiple,0.07055767684545185
mom,0.3063690218649575
mom about,-0.014401750817757563
mom also,-0.1232224240277541
mom and,-0.1252773060093532
mom but,-0.03779769461292101
mom car,-0.08300197056482446
mom dad,-0.10076126315998749
mom didn,-0.10103193806017415
mom doesn,0.1250572110970764
mom for,-0.09731486420336699
mom had,0.06234871079578295
mom has,0.15455957718616853
mom head,-0.02791805639013349
mom in,-0.0002610328953934321
mom is,-0.019425526842502754
mom it,-0.11469284433028944
mom just,0.011835302188713735
mom left,0.02313392862231605
mom room,0.09940477614249293
mom said,-0.05189706786147856
mom that,0.11141596293172783
mom the,-0.008026473387517628
mom then,0.0074461676036101975
mom this,0.02114933014272536
mom to,0.01862294218850768
mom was,0.009589316304741233
mom who,0.08091951527622483
mom will,-0.02721855554720685
mom would,0.10426997461281248
moment,0.07854973734269434
moment and,-0.07828873167576321
moment but,0.007032335491047665
moment have,0.09342150023061965
moment it,0.08086590733007137
moment my,-0.042892236183402065
moment of,0.01328089187221223
moment so,-0.01947719230936653
moment that,-0.014331387626679192
moment we,0.011103689598849668
moments,0.03413775238430481
moments of,-0.05018035378229113
moms,-0.028481580451642376
moms house,-0.13252184326504382
monday,-0.11315261424992867
monday at,-0.06908303988533553
monday morning,-0.00977575932902473
money,0.49985457281236373
money and,0.08021221013748134
money because,0.07650014647835396
money but,-0.05545610600591514
money for,-0.024959500769236115
money from,0.044330590919778444
money have,0.08780061613538373
money he,0.04289823222053032
money if,0.027710581483276143
money is,0.012803181557450643
money my,-0.08335061022004261
money on,0.08481538408052994
money or,0.08530337239247661
money she,-0.00048296344588546976
money some,-0.04361458378108298
money than,-0.020384452789562465
money that,-0.014971900848498523
money the,0.06433784336109429
money to,0.3280311990363283
money up,-0.0010894187957901018
money was,-0.047163076486419625
money we,0.010207768820754737
money which,0.04823124545351429
money while,-0.07167603586838803
monitor,-0.0753422581771152
monitoring,-0.0070402759008251214
monogamous,-0.05710478172362795
monster,0.12188153617324121
monster and,0.05488329271101637
monster for,0.039794795907686885
monsters,0.1022267747452016
month,-0.08526797920717123
month ago,0.23929604460433612
month and,0.02780106594378756
month before,0.1036483376861561
month but,0.048328072414282164
month have,-0.0020954835039850533
month in,0.05311206795085703
month it,-0.09412172749136566
month later,0.06473318278324994
month lease,0.09025179421350969
month my,-0.11976570935069092
month now,-0.09446878478101126
month of,-0.1626424460335504
month old,0.052972460037531366
month or,-0.12820785908010038
month period,-0.014651866993777938
month that,-0.10081380244592425
month to,-0.015008224172409556
month ve,0.10053458464301354
month was,0.07027839451070461
month we,0.03593468413004279
month with,0.008205863759444635
month without,-0.08059948551796378
monthly,-0.13925022432956233
months,-0.39514805976867856
months after,0.024791365652758194
months ago,0.013723093555763137
months and,-0.09110090050877177
months apart,-0.06756838496807444
months at,-0.084800821009249
months back,0.09935109194089746
months because,0.029237033589525285
months but,-0.0010862403892494222
months depending,0.001847518719710286
months don,0.10072110341675793
months finally,-0.023022019095857944
months for,-0.08215637609591668
months got,0.008306307326158599
months have,0.14623878252770245
months he,-0.10831296681625875
months in,0.1208097324030088
months into,-0.01412630338791109
months it,-0.1275485337747623
months later,-0.09647140462203362
months my,0.008814630434562758
months now,0.027343720470701625
months of,0.06718230647824891
months old,-0.004686060449125302
months on,0.03674724992405757
months or,-0.013221713755844758
months she,-0.08225912942979402
months since,0.017475634618168413
months that,0.017852467429867992
months the,-0.13131211210432758
months to,-0.029996408598005998
months ve,-0.03307457165850047
months we,-0.2238890631280183
mood,-0.050117395790397735
mood for,0.0622573509389217
mood swings,0.01911303675580693
morbid,-0.12488361084047622
more,-1.2013480457925332
more about,-0.16428514639104838
more and,-0.24330571789050787
more anxious,0.05927383502756301
more as,0.027598311581112797
more assertive,-0.12103698446971932
more at,0.06307633073665735
more attention,-0.003509285636241746
more awkward,-0.05435665401126008
more because,0.07053000081958628
more books,-0.019456428156619306
more but,-0.001199661009742764
more comfortable,-0.11785489434945115
more distant,-0.010521586487780631
more enthusiastic,-0.06002440616374519
more for,-0.0902809258895413
more friends,0.11907485011133141
more frustrated,-0.11513819332098194
more in,-0.14304130749341906
more information,-0.1485228528613457
more infuriated,0.06361312671532199
more insecure,-0.017593058509456982
more isolating,0.052471128275711314
more like,0.02528674367082056
more mature,0.01604449663977034
more money,-0.03967125835747696
more more,-0.05598257237256388
more my,0.04896295119942989
more natural,0.012993869612629832
more of,-0.2933432241250561
more often,0.09820171399413542
more on,-0.12671366605392956
more or,-0.020723152751062186
more people,-0.08484758024789334
more positive,0.023767530381552687
more private,-0.039640081437487575
more productive,-0.048447188244450455
more recently,0.0709005742741152
more self,0.011687990685827512
more serious,-0.10504213257212347
more severe,0.00013516042220597575
more she,0.07431881310936736
more so,0.07020890897015578
more solid,-0.004873321394635088
more stress,0.019965492313191873
more than,-0.2928473234037678
more that,-0.06195889886265752
more the,0.010205495373486619
more then,0.050003579555344325
more time,-0.1680151081638342
more tired,-0.0729648411307111
more to,0.09636649329474255
more trouble,0.012359748087619724
more upset,-0.04021321907803737
more violent,0.09423620856143738
more with,0.1011739703885019
more years,0.060755056373188766
more you,-0.13229246813293666
morn,-0.12701243583494698
morning,0.06669546688167771
morning after,-0.0721203367479721
morning and,0.12156106788910996
morning because,-0.0017999461738277644
morning he,-0.006552300507337751
morning so,0.09515485691917479
morning the,-0.0021236534943785876
morning to,0.04844667315396554
morning we,-0.0018617900881710745
morning with,-0.06766070368628385
mornings,-0.10515317442014574
mornings and,-0.06154988281199936
most,-0.17471073960001798
most amazing,-0.09787415432584168
most but,-0.06434114008271502
most days,0.2163044803606224
most diagnoses,-0.05116124148560803
most important,-0.08700823798740712
most importantly,-0.07821739917397764
most likely,0.0339571818308058
most my,0.032469617709660045
most nights,0.08486397759087097
most notable,-0.08016219542567825
most of,-0.08065948067830406
most part,-0.07898359896703834
most people,0.024917843301614433
most recent,0.018706196883260112
most recently,-0.01332465042561315
mostly,-0.2300901956283882
mostly because,-0.011719473670816802
mostly just,0.08519284235495873
motel,0.07862450784361591
mother,0.11752979151869412
mother and,-0.019475299381489303
mother as,-0.06303551749144912
mother being,-0.007041351377566177
mother can,-0.0738784489803997
mother has,0.07119917299508055
mother he,0.061769303966264566
mother is,0.03082225536809472
mother isn,-0.0036259807787232187
mother my,-0.1661636967700666
mother of,0.051731718899760984
mother she,-0.011661704934711612
mother was,-0.040946918650473264
mother which,-0.10245813904400085
mother who,-0.012872819043958237
mother will,-0.005165493215208029
mother worked,-0.0400631978909677
mother would,0.02568044211553113
mothers,0.21165653876962517
mothers house,0.07419722913282192
mothers side,0.09646710063448616
motivated,-0.14231790815436998
motivation,0.17867202547431418
motivation to,0.06150598758929949
motto,0.013920767251779705
mountain,-0.024986534608679875
mouth,0.05706385548633059
mouth and,-0.004727024814541477
mouth is,-0.037916594862342015
mouth she,-0.001214855499362136
move,0.4538960053967266
move across,0.015849628587797853
move and,0.013613651897117718
move back,0.019697225155233433
move forward,0.04958493152856362
move here,0.03508085199419823
move in,-0.12979166639183637
move just,0.029590131742273172
move my,0.1296149357229943
move on,0.012387789713501058
move out,0.3698395373924459
move to,-0.07236305448797414
moved,-0.4254774143118844
moved away,-0.07464043843816535
moved back,-0.08072446814168197
moved for,-0.11213332190259445
moved in,-0.07594016449618067
moved into,0.0862676688257225
moved it,-0.026439467294961997
moved on,-0.11452925021418331
moved out,-0.09197751230309548
moved to,-0.032136000647382604
moved with,-0.09117455134453699
movement,0.078734690830827
moves,0.08985056900828328
movie,0.005691621548387369
movies,-0.1318513450077514
movies and,-0.03186119161752746
moving,-0.1916015625101955
moving again,-0.040360573423767504
moving and,0.0005395034212919669
moving back,0.045413858288988966
moving forward,-0.05802156604294558
moving in,0.007410179674905506
moving into,-0.004019473702973766
moving out,0.018150778714220998
moving to,-0.1666656937152943
mres,-0.2185499130419054
ms,-0.10925628180445775
much,-0.16807012380580783
much about,-0.09960855092517899
much again,-0.07946617129229423
much all,0.05033189120787609
much and,0.14856706505153866
much anxiety,0.12297133374984448
much appreciated,-0.19059511546355146
much as,-0.04464603570013673
much at,0.048098510106640305
much because,-0.006850456378712286
much better,-0.0317883822948645
much bigger,0.0975678028958245
much but,0.055420557809251654
much can,-0.05474271681860047
much detail,-0.0038033314989501924
much don,-0.01626513193368171
much everything,0.05718327186723513
much for,-0.05452910386589604
much from,0.08336901363508326
much fun,0.01926031706834096
much good,0.046936040553931344
much had,0.07232139405083815
much haven,-0.06962784092723465
much he,0.0667187151795756
much help,0.028480931583458186
much if,-0.00996148076484888
much in,-0.07492131740471356
much it,-0.017762189216215248
much larger,-0.09849928773149975
much less,-0.08197291798123564
much liked,-0.002325923599995612
much longer,0.08549364013665744
much love,-0.10231713375463915
much money,0.07541192349558695
much more,-0.10810566906347299
much my,0.0790174164681174
much normally,0.016515275163573453
much of,0.002461301983596333
much on,0.11960489316962136
much or,-0.08533612336644841
much pain,0.08926508238629133
much room,-0.07326861103753302
much she,0.047816348585991424
much sleep,0.144135082910002
much stronger,-0.06562803745983777
much thank,-0.05575901784158123
much that,0.049757816787362734
much the,-0.026666808240564936
much they,0.027372864504319798
much time,-0.0254288772529265
much to,-0.04531581646131366
much ve,-0.12135064347494477
much was,0.08933971561831636
much we,-0.006386207288187093
much with,-0.0732439298650121
much worse,0.17973177631437193
multiple,0.02321335301747187
multiple days,0.04162836447940269
multiple jobs,0.008680040162752258
multiple times,0.09081379715961137
multitude,0.04157595414108898
multitude of,0.04157595414108898
mum,0.13920937903109804
mum and,-0.05419388670270342
murder,0.05668617250344831
murdered,0.08547623167472818
muscle,-0.10384875294215878
muscles,-0.05515466983893666
museum,-0.08224785873571937
museum exhibition,-0.03172256879923077
museum is,-0.03172256879923077
music,-0.24699843124974144
music and,-0.05487950358435801
music on,0.021229601971814078
music up,-0.10533318133120141
music videos,0.004142426836823477
musician,-0.07194457408650841
must,-0.055748961863758675
must be,0.07429312575754368
must have,-0.033129982153834614
must see,0.04342995292392697
mute,0.20913371760778168
mutual,-0.11738390134625284
mutual friend,-0.1549492067777926
my,2.679207739398309
my 2nd,0.016888395384725485
my 3rd,0.10614477404984352
my ability,0.16232524598820003
my abuse,0.08462023362219814
my abuser,0.1780650391129717
my abusers,0.0807613262359438
my abusive,0.157246849991291
my account,0.07433228781393728
my actions,0.0846718156767827
my actual,0.012966667734999819
my adoptive,0.1108412143803004
my advisor,-0.10754191676569656
my age,-0.17904498464516833
my amazon,-0.11651870138072346
my and,-0.07807996876084114
my anti,0.10338353124139599
my antidepressants,-0.11318795367689413
my anxiety,0.4195778435899162
my apartment,0.1413069612855155
my appointment,-0.06808451932644279
my area,-0.09070869592500361
my arm,0.06545290762302927
my arms,0.008161158891597724
my ass,0.1948964706281359
my attack,-0.002612047689260797
my attempts,-0.130123942767924
my attention,0.05686832665169123
my attorney,-0.004473038029622715
my aunt,-0.07846583660937005
my back,0.20969198850540907
my bad,-0.00142720270115043
my bag,-0.009345111197520685
my bags,0.09579176967706227
my bank,-0.1388014072926628
my bed,-0.22248800458461326
my bedroom,0.250099670984328
my behavior,0.07162361435255506
my belongings,-0.03530279137438003
my best,-0.18070285835773567
my bf,0.23763526303861532
my biggest,0.13789072568380323
my bike,-0.0654536219374877
my bills,-0.10648351173352755
my biological,-0.04207449123873537
my birth,-0.03511765674334773
my birthday,0.058074667994407254
my blood,-0.05109091463247689
my body,0.05201294077501265
my boss,0.11711232789686402
my boundaries,0.008225609907474249
my boyfriend,0.4825916804828267
my brain,0.5933705893456748
my break,0.1051448853972022
my breaking,0.04963266063219587
my breath,-0.010050894956015409
my breathing,0.1278720794178841
my brother,0.4130514942075421
my brothers,-0.02688864362154751
my buddy,-0.05329042055070126
my budget,-0.07922629344002217
my business,0.08462389332987791
my car,0.2855983899182596
my career,-0.030557934618932598
my case,-0.051661063572602466
my cat,0.12742640637557232
my chances,-0.02557554665500429
my check,0.1467354198188579
my checking,-0.012375455446844798
my chemistry,0.00026661928731010274
my chest,0.28865617821008976
my child,0.24001843686110846
my childhood,0.04930782125422817
my children,0.02951594947338452
my chronic,0.05320775713272896
my church,0.08054322010090588
my city,-0.0015310671732409605
my class,0.1060165612800293
my classes,0.02386974245881563
my close,0.057054664659686276
my clothes,0.05378256182211408
my cognitive,0.1200987575039064
my college,0.11500708619276662
my company,0.1949243810571966
my computer,0.03609530650255282
my concerns,-0.08208933626252742
my condition,0.05468163287095529
my confidence,0.06825688677258819
my confusion,0.0880394222071239
my country,0.1094949538633463
my court,0.013424138868879713
my cousin,0.039854543042681316
my coworkers,-0.11998936993221263
my credit,0.07592390498001657
my current,-0.24228141998333325
my dad,0.17561251346423912
my dads,-0.08644262873616906
my daily,0.0939862538771486
my daughter,-0.13873408881723687
my day,-0.16747964652552136
my days,-0.036614332268084505
my dear,-0.0016311262728199265
my depressing,0.05411245080730281
my depression,0.045723043981222025
my diagnosis,0.0639415559154114
my dilemma,-0.10576197243872433
my disabilities,0.06841037619207402
my dissociation,0.10193700083325338
my doc,-0.044586205572179106
my doctor,-0.012996281395489931
my doctors,0.026855722652286466
my dog,0.039440383393152374
my door,0.03108283783510718
my dorm,-0.03134102843527132
my dream,-0.04395316316669223
my dreams,-0.0777311823686243
my driving,0.12049940441936394
my early,-0.16676321855991608
my ears,-0.11230409647962573
my eating,0.007152138715521573
my elbow,0.07505707672554042
my embarrassment,-0.03855213099576686
my emotional,0.08563148860107726
my emotions,0.2078892146450202
my entire,0.0560723696771751
my environment,-0.18550315959731023
my ex,-0.09183965581490629
my existence,0.1048372927550032
my experience,-0.040917575685945055
my extended,0.02308203271199265
my eye,0.06884825426825758
my eyes,0.133291778556617
my face,0.11788550627917505
my fair,-0.08861897428866591
my family,0.3285944329166256
my father,-0.0025661385310801225
my fault,0.4150017438890119
my favorite,-0.12375078382124939
my fear,0.06914615924760377
my fears,0.019039950367987984
my feelings,0.32584595232609426
my feet,0.008358356140326147
my fellow,-0.09363735330217457
my fiance,0.11529499398910269
my fiancé,0.08153198041653514
my final,0.045171691627208244
my finances,-0.045180162880007424
my first,-0.11632917601556916
my flashbacks,-0.07798873632500285
my food,0.02640921805162705
my foot,-0.0855738280666129
my four,0.09406449274583409
my free,-0.01040892359656951
my freelance,-0.08327433954379405
my freshman,0.06945021270768716
my friend,-0.16593516838859662
my friends,0.1642435993249959
my friendship,-0.0025970199455266794
my frustrations,-0.13023499751934206
my future,0.10232463270698752
my ged,0.07769611564840129
my genitals,0.07356795625068473
my gf,-0.10502983840561551
my girl,0.12419220740217088
my girlfriend,-0.29781573894063934
my girlfriends,0.09281154982987631
my go,0.005465547593160062
my goal,-0.059838344087344564
my god,-0.010825588261263482
my gofundme,-0.003963859191049907
my good,0.08057360710355373
my gp,-0.10990546451434831
my grades,0.16469379549840327
my grandfather,0.10633947899365565
my grandma,-0.326011287479108
my grandmother,-0.047522768242909526
my grandpa,0.12660084441672317
my grandparents,-0.06242164230485922
my great,-0.04661380748732684
my greatest,0.06883592035143818
my gut,0.01459755408145055
my hair,0.05378492118640089
my hand,0.000995471848815759
my hands,0.25942197953436796
my hard,-0.08700236574090167
my head,0.7408315081864326
my headphones,0.03450460534314472
my health,0.16526922083963932
my hearing,0.07675990820724063
my heart,0.34631913736359776
my high,-0.04771074801398706
my home,0.19070134141517125
my homeless,-0.01145327672939022
my hometown,0.01468345307549231
my house,0.1884410809316236
my household,0.07143810699507498
my housing,0.08580513407427554
my husband,0.3073670157029452
my husbands,-0.12893323829695275
my immediate,0.044798434900789
my immune,-0.00367641483309703
my in,-0.09108880541873338
my income,-0.06154353405036111
my independence,-0.0037189839003720373
my initial,0.09762017572678448
my inlaws,-0.0901192558765534
my inner,-0.009195413478393246
my innocence,-0.06159639103472672
my insecurities,0.1641038648278265
my insurance,0.029442813724634146
my interactions,0.02198862500283087
my intuition,0.061018814208566544
my iphone,0.06486671662330569
my issue,-0.05490111004513917
my issues,0.013294680663724207
my job,0.42101586785749423
my kid,-0.08649660501449472
my kids,0.2051792763113325
my knight,-0.09398722043290896
my knowledge,-0.07284511133992737
my landlord,0.1477458294497475
my laptop,-0.2731350154214352
my last,0.2698489657018025
my laundry,0.05381261787604728
my lease,0.09698761438788775
my left,0.13118601542364916
my legs,0.11465260575924002
my level,0.0839278859478271
my libido,0.11068961488384176
my license,0.10041219100106061
my life,0.768572938955486
my lifestyle,0.008640194332477095
my limited,0.09943310886101012
my lip,0.08782088534398717
my little,-0.013969236549410699
my living,-0.11185082631945385
my long,-0.0803468688885161
my love,-0.07893932603671207
my lower,-0.023699481261025675
my lungs,0.09980577999670677
my main,0.051260206469035195
my major,-0.08162034962587136
my marriage,-0.05326427868188061
my medical,0.043447069172728184
my medication,-0.03061804047856748
my meds,0.15076007444310882
my memory,0.1345162226666835
my mental,0.027704224833864508
my message,0.09604866699623425
my mid,0.012014776396156437
my middle,-0.0010192641515206894
my mil,-0.1410614791070679
my mind,0.3656408566886256
my mindset,-0.026899245433122315
my mom,0.5591205286211649
my moms,0.04692929731514769
my money,0.07362254075419658
my mood,-0.03607555102050715
my mother,0.01921365465455604
my mothers,0.15956230372679245
my mouth,0.14330242303649207
my mum,0.15724568453599103
my nails,0.13827338701382913
my name,0.2681185146426637
my nan,0.05049587330355141
my native,-0.029815394716738833
my neck,0.2686398133367757
my needs,0.08933311367889168
my negative,-0.022385435579489334
my nephew,-0.0037689435238642357
my new,-0.15677371064517578
my next,0.10292233227433034
my nightmares,0.06911251350610834
my normal,-0.07999821953338479
my nose,-0.07460102269130513
my now,-0.049116119388034264
my number,-0.001986808097614339
my offer,0.07913576789905585
my old,0.03421249627291032
my older,-0.0634414679503607
my oldest,0.026630167322924544
my one,0.10207355751862175
my online,-0.006174301828990572
my only,0.019535357984896137
my opinion,-0.10576707312673794
my options,0.04338618546885678
my original,-0.052476497401200396
my other,0.2367677913170041
my own,0.27656068614206686
my pack,-0.01497774063386486
my pain,-0.19611569884299873
my pants,0.0766623411602798
my parents,-0.22490148842870747
my part,-0.10780013038999194
my partner,0.3051839503301945
my passion,-0.022694631496124613
my past,0.23701091274758906
my peers,-0.12580183952934898
my people,-0.03217098531937615
my personal,-0.018144309776516262
my personality,0.05170217114136777
my perspective,0.08582900084509676
my pets,0.012936753504691643
my phd,0.0069946232181669205
my phone,0.0010915249908247096
my pillow,-0.0034019165461734776
my place,-0.10374591430029441
my plan,0.1536199608280719
my plans,0.02902089457001567
my point,0.028821490545827815
my portfolio,-0.07860010665915203
my post,-0.09876845630893258
my prediction,-0.06655026477653447
my present,-0.016697912349614496
my previous,0.006145937018255791
my price,-0.034890500860242826
my primary,0.01895611390130577
my problem,0.15128859569725583
my problems,0.1543204873765821
my psych,0.08546803719007291
my psychiatrist,-0.042855106752896645
my ptsd,0.007377213527946783
my punishment,0.0720839018449341
my puppy,-0.07834005648945945
my push,-0.06146220154852433
my question,-0.10356357968238283
my questions,-0.018318719059106064
my real,-0.0640737467918353
my reality,-0.04728022440254033
my recent,0.011687268305361237
my relationship,0.04428465145915746
my relationships,0.0170914891121474
my rent,0.042271775475295405
my research,-0.05427865834755191
my resume,-0.08871744118897947
my right,0.12971240415218915
my room,0.06104029898075812
my roommate,0.0026842331543466824
my sadness,0.005452084521513292
my safety,-0.020919414978393783
my sanity,0.10859606187664861
my savings,0.024101418101020504
my school,0.19488548726853597
my scrotum,0.05973195804847268
my second,-0.08684099874217703
my self,0.11804332500864896
my severe,0.07365054072554812
my sex,0.0665587837794946
my sexual,0.08180506701267821
my shit,0.09774752541974885
my shoes,0.05240301257951692
my short,-0.04684344800355121
my shoulder,-0.0919253089688577
my shoulders,0.04085281809528494
my siblings,0.06668744622512207
my sick,0.05052157841165679
my side,-0.004410100444033992
my sister,-0.07421479065767128
my sisters,-0.0856685466934697
my situation,0.006105349044174878
my skin,0.01815221908065875
my sleep,0.04362179667882536
my sleeping,-0.09693031496378954
my small,-0.12838754677085545
my so,-0.02439489694546308
my social,0.1439711307994583
my son,0.22189383339026875
my spouse,0.010851335684843944
my step,0.08134949289354756
my stepdad,-0.0318111879067439
my stomach,0.08317350239812711
my story,0.08938482865097865
my stress,0.14548811657540503
my student,0.07025661876704442
my studies,0.1589575636667069
my stuff,0.22154303816720186
my suffering,-0.023003165041678996
my suicidal,0.14354127805938877
my surprise,-0.14215922790818267
my symptoms,-0.08684099206389936
my system,-0.11169814656320125
my teacher,0.08297527205718831
my teen,-0.0397501685633347
my teeth,-0.08529347994833766
my that,-0.12647379435155168
my then,-0.017487437304305208
my therapist,-0.08261112870505323
my things,-0.023533541925065425
my third,0.09595402318751539
my thoughts,0.3628927280783718
my throat,0.04635545875275851
my thyroid,0.00950925255447733
my time,-0.088938403848259
my tooth,0.07380363063000904
my town,-0.017759740942462948
my trauma,0.029555372938232034
my traumas,-0.10982696248987513
my travel,-0.026231445573982597
my treatment,0.00796079551849233
my troubles,0.09988474471971903
my true,0.03421589566132999
my trust,0.07458491355335331
my tuition,0.17914720700230274
my tv,0.06947408966290855
my twitter,-0.09241053467937885
my two,0.17981003049034758
my uncle,-0.05170223476024318
my upper,-0.008761697884176824
my username,-0.006550271658088585
my vision,0.0788434114324727
my voice,0.0820303647864867
my wallet,-0.02861240664027571
my way,-0.026572374673302923
my weight,0.032625244119313855
my whole,0.18482671079294227
my wife,0.2941789195581877
my will,-0.11380685080669255
my window,-0.02166063990355308
my wit,0.05894386804938177
my wits,0.10153763831854354
my words,0.08257248033126509
my work,-0.0018898474073556983
my workplace,-0.009871647715452347
my world,-0.06440547234647347
my worries,-0.03648910233792864
my worry,0.07113014363324248
my worst,-0.031634933649924896
my wrist,-0.0009053664177441989
my year,0.0052326920998265304
my younger,0.04404309306670635
my youngest,0.22942386395158024
myriad,-0.0760179881220248
myriad of,-0.0760179881220248
myself,1.5561174445183297
myself again,-0.029172009542597126
myself against,0.08201857372801169
myself all,-0.029435339648540598
myself almost,0.06281304494169242
myself am,-0.0025743887661965237
myself and,0.10861075230815766
myself anymore,-0.030377168514028587
myself as,0.09216028797755281
myself at,0.08566023762675679
myself back,0.09528510332179772
myself because,0.11650132254277354
myself before,0.07009163606254275
myself but,0.255912141369535
myself can,0.05897371333442387
myself doing,0.06251606135224694
myself don,-0.02749907630780304
myself enjoy,0.02809359284060238
myself for,0.28385563358106985
myself from,0.029490414129255984
myself getting,0.06321066460367317
myself have,-0.004891165127962335
myself if,0.0868994598545762
myself im,0.06026039212778643
myself in,0.21206749855199558
myself it,0.10528216179610649
myself just,-0.006095425490937953
myself know,-0.041191076192922914
myself like,-0.09229418780555809
myself maybe,-0.018953441494911294
myself my,-0.041002689091913624
myself not,-0.05211924092977188
myself of,0.08900274404812158
myself off,0.02100409840288392
myself on,0.24806320230791018
myself or,0.026743393576618434
myself out,0.02964950504554085
myself over,0.058296695185003376
myself permission,-0.1440651341877216
myself she,-0.07153712156919306
myself so,0.02412962689568251
myself that,0.042996527448351265
myself the,-0.008010022837521566
myself thinking,0.09890178786018036
myself tl,0.12725345725769674
myself to,0.12337353296404753
myself together,0.10110727665962974
myself up,0.06691434176983298
myself when,0.019671701351378704
myself who,-0.03074105019184583
myself with,-0.05818792516314591
mystery,-0.06790498677826957
myth,-0.04949784213867973
myth nonexistent,-0.04949784213867973
nagging,0.0706660487075756
nah,-0.13124622795357752
nails,0.13635663883110444
naive,-0.13554626699042394
naive and,0.01617878082729775
naked,-0.14499181816457724
naked and,0.03615910306465931
naked in,-0.015704729115543187
name,0.1705576410153902
name and,-0.08200030727483906
name as,-0.01706092924095353
name for,0.13202674556691518
name if,-0.039640081437487575
name in,0.0840220630359427
name is,-0.052693662123771356
name it,0.05979358343543947
name of,-0.02921530124171524
name off,0.1229438009809023
name on,0.00020878403680804457
name that,-0.0957123087461264
name the,-0.09763980697381648
name would,-0.0395484419386061
named,-0.2607484390115555
names,0.09442095351637401
names and,0.06461880765177438
names of,-0.010305378944160419
nan,0.05049587330355141
nap,-0.001217802567158814
narcissist,0.17337541283031432
narcissist and,0.09605240216882527
narcissistic,-0.002550233495964332
nasty,0.021383206036917225
nation,-0.0506393915402158
national,-0.0749008329032528
native,-0.11246010751129897
native language,-0.029815394716738833
natural,0.044236694848783564
naturally,-0.06583514933685254
naturally to,-0.027475346775405633
nature,-0.2431900303594973
nausea,0.15966331637346873
nauseated,0.07433389943904219
nauseous,-0.057203473251833774
navigate,0.02364945828467853
navy,-0.03078435586200243
nbsp,-0.4571684512945229
nbsp this,-0.11145325531324343
nc,-0.09109803383689086
near,-0.11024574132537504
near as,-0.002401967401995103
near future,-0.028035079262046042
near me,0.14898683409485833
near panic,0.0716213427317746
near the,0.007452872652393859
nearby,-0.004286767931853715
nearest,0.0009559383151914268
nearly,0.03451965312583674
nearly as,0.03511572613427258
nearly two,-0.005154888299415236
nearly year,0.008504051133650253
nearly years,-0.07357255069669764
necessarily,-0.12588876968962576
necessary,0.17676911890934213
necessary like,0.08054241794240742
necessities,0.09136370004931542
necessities is,-0.06262408064630544
neck,0.32870784914596674
neck and,0.056930941115574764
neck while,-0.006328501332334399
need,1.0159495804896892
need advice,0.1620465104890235
need an,0.005799513291721906
need and,0.042567521100676874
need as,0.08580513407427554
need at,0.029779924175035673
need break,-0.057367715650642956
need for,0.032904373185726615
need help,0.36152136897946563
need it,-0.19803611420730857
need money,-0.03559130858846336
need more,-0.19305320385591235
need my,0.017493616985513955
need of,0.07390742653400781
need place,0.0927916617585424
need some,0.09211341665613457
need someone,0.05155974203327596
need support,-0.025535474862656022
need the,0.12075111302551368
need to,0.8004718334203027
needed,0.044626777040511136
needed and,0.07702597104113221
needed emergency,0.06314273023806201
needed help,0.033453897763669825
needed place,0.052471128275711314
needed right,-0.12330517873965327
needed some,0.008997137288457474
needed to,0.029703987514918838
needing,-0.02107741747390914
needing to,0.03959594705160024
needles,0.1197164156687033
needless,0.22540949502067703
needless to,0.22540949502067703
needs,-0.2814809739368242
needs help,-0.020552519391252504
needs mental,-0.12064897029052957
needs new,0.003979364864269315
needs she,0.02411771521491447
needs to,-0.2784744796055953
negative,0.06776273646543475
negative and,0.04880168563792749
negative thoughts,-0.033918230228093656
negative to,-0.044232671318923104
negatively,-0.0793370957949915
negativity,0.006189108116394773
neglect,-0.0032226555193296657
neglected,0.1289794345546641
negligent,0.06875239661023748
negotiate,0.020280573114001537
neighborhood,-0.0759077460778924
neighbors,0.08195165830041615
neither,-0.24435996838323065
neither did,-0.12990641173771528
neither does,-0.025427535934050324
neither my,0.0020797750199836036
neither of,0.016593386392536068
nephew,-0.08380653074551137
nerve,0.07545420370180644
nerve wracking,0.04283253716850433
nerves,-0.029883026942653074
nervous,-0.000553954299668435
nervous and,0.12055137809727003
nervous but,-0.05508946127291548
nervous uncomfortable,0.05918624586287146
ness,0.013819780087477751
net,0.027105500976816386
net and,-2.5489880269024854e-05
netflix,-0.07694445646808339
netflix and,-0.0725626865021596
nets,-0.013548420543562778
nets me,-0.013548420543562778
network,-0.10489792866961806
network help,0.08580513407427554
network of,-0.09189698642317992
never,0.2619745306482146
never an,0.01989747823580985
never asked,0.14211638846784794
never be,0.1278390394741153
never been,-0.06731006165491267
never before,-0.017703809476284423
never came,-0.029014338182198816
never change,0.17552448694559317
never did,-0.11509555929661447
never do,0.024037845569054046
never does,-0.002448221492386712
never done,-0.0993409784626422
never ending,0.05667751644586268
never even,0.045179958178127755
never ever,0.20318790638943365
never experienced,0.0006451960047997037
never expressed,-0.04398929445889884
never felt,0.20463393221771664
never forget,-0.07270968439926345
never get,-0.05518301148358683
never getting,0.00916205217937252
never given,-0.03135426828257076
never go,0.1709849294424253
never gone,-0.02302661550848825
never got,0.006475398170841933
never had,-0.03769259432745186
never happen,-0.005770629216070127
never happened,0.05586326665952395
never have,-0.047263304714755205
never judge,0.062114255694895065
never knew,-0.11290459134973171
never leave,-0.010305049943176752
never like,0.11049801311126191
never made,-0.11355441443526393
never met,0.11686940163859268
never realized,-0.06289551529966399
never really,0.08366791636540316
never said,-0.05269180571107176
never searched,-0.09398722043290896
never see,0.11524412673955543
never seemed,-0.018040101466451155
never seems,-0.05522000372457774
never seen,0.03640990768568721
never spoken,0.08631602783781384
never stop,-0.09479537451422392
never take,-0.07144755170596544
never talk,0.08628939905655579
never talked,-0.05933477300102433
never the,-0.01698498155626821
never thought,-0.05853889012104889
never to,0.051305140017256855
never told,0.13874226838119982
never took,-0.03834891884685217
never treated,-0.0011606190746316811
never tried,0.07059163766301324
never used,-0.1916216216631971
never wanted,0.06268518633519338
never went,-0.10292638463672653
never would,0.014784399236726916
nevermind,-0.13103469228035414
nevertheless,-0.047744408694361154
new,-0.17856291474774008
new boyfriend,-0.03496133625648626
new but,0.052878917967883535
new city,0.10627456906729615
new clothes,-0.0545445742777941
new doctor,0.1332322803944004
new experience,-0.12208704502208069
new friend,-0.1572054223807587
new friends,0.08793388798234236
new glasses,-0.0006730218356946611
new home,0.022734325158411662
new job,0.07169927479397148
new life,0.1398176178142678
new one,0.15796560872736862
new partner,-0.07665655744032844
new people,-0.09582802686864693
new person,0.06370304165565435
new place,-0.12698051343823497
new psychologist,0.08449234401075482
new relationship,0.08741998530586567
new skills,-0.09091759226476268
new state,-0.04111876924162967
new to,0.004174469322564183
new ve,0.07890693833071007
new year,-0.008694703836368986
new years,-0.1948076447508031
new york,-0.16316943184220253
newly,-0.10475339767981347
newness,0.08314308362603418
news,0.3629367576731874
newspaper,-0.022243553497707423
next,-0.06456425809604212
next and,0.07431852955126829
next couple,-0.044837891340104075
next day,0.08503308847022806
next door,0.08450654629863054
next few,0.034005124795036853
next monday,-0.09005464329196188
next month,-0.13172605653189018
next months,-0.01464977374253985
next morning,0.021544762863278034
next session,-0.1203537053779103
next step,0.023752418119943317
next thing,0.08366989602386403
next time,-0.17280202415364004
next to,0.054325781339704476
next town,-0.0008191030833893857
next wednesday,0.02809359284060238
next week,-0.1379192862117058
next year,-0.1277364564575097
nice,-0.6322794002695804
nice and,-0.051776309548518994
nice but,0.029260099936097416
nice day,0.05845639698264634
nice enough,-0.06882071522406627
nice for,-0.039459855770967014
nice guy,-0.003515975351256949
nice person,0.11392709631513293
nice to,-0.21671091611363288
nicely,0.03570836505605955
niece,0.09242354984271492
night,0.1575751720931631
night after,-0.0016393109771168834
night and,0.3159899600917787
night as,-0.075071324515462
night at,-0.07533853029383983
night because,0.001386933981298368
night before,-0.10504619037939011
night during,0.016996543198463738
night even,-0.025825615824652256
night had,-0.12632548677203817
night have,0.08751584130250065
night he,0.05349504996282798
night in,-0.0013771937419925413
night just,0.016229397239853754
night my,-0.12115794735701582
night see,-0.12610216688809955
night she,0.098246286433976
night sleep,-0.015244378414042402
night so,0.03320126460659217
night terrors,0.10292422226428044
night that,0.09045765605306987
night the,0.08966158135054947
night time,-0.011526143832055085
night to,-0.014485529610357123
night was,-0.11063662947965006
night we,-0.01998670945282842
night when,-0.028209324436681775
night with,-0.046133858360869036
nightmare,0.011623476426916626
nightmares,0.4540166045654548
nightmares about,0.11248383647809333
nightmares again,0.08618293220006805
nightmares and,0.05833150709798894
nightmares are,0.06911251350610834
nightmares of,0.08702066127938354
nightmares to,0.11214187569162233
nights,0.21010429658814933
nights ago,-0.009205782920962781
nights and,0.06300414048335899
nights in,0.10749713718737854
nights like,0.13603608361480904
nilly,-0.10210648385838016
nilly it,-0.10210648385838016
nine,-0.025404380194284686
nine months,0.046941004999319795
nipples,0.08626030583198396
no,1.2554795632629294
no access,0.05827549736558165
no and,0.18072206327678317
no anxiety,0.12061845682248991
no apparent,0.07119891697397229
no avail,0.08972221850907829
no big,0.023260930745822826
no call,0.08898288911459172
no car,0.04700797989967567
no chance,0.11192448997319387
no child,-0.028343234834989878
no choice,0.08556191819893041
no clue,0.006343688735656171
no contact,-0.1980069529274013
no control,0.08422768951727376
no criminal,0.04368890097301442
no current,-0.06589914647739595
no family,-0.03470587466098481
no food,-0.0006226402951873138
no friends,0.270499142419049
no fucking,0.04298978556726139
no go,-0.03881816445834022
no good,0.18816340405037135
no guarantees,-0.11132899988034008
no have,-0.11948078821490093
no he,-0.07613075884950796
no help,0.28169897563631574
no hope,-0.01689776251119684
no idea,0.3237235783637025
no insurance,0.08572247853613905
no interest,-0.03658827415440187
no it,-0.034158017494338694
no job,0.23221458147586838
no just,0.07962155344026459
no licence,0.0981771315065978
no longer,-0.1198704740679446
no luck,-0.08980510822558131
no matter,-0.05849538441765963
no money,0.25365639784171945
no more,-0.038605665420589866
no need,-0.04586784132161224
no not,-0.03365099846984821
no one,0.39276990472283146
no options,-0.00698383981658503
no other,0.137962495191361
no pain,-0.11414233931712935
no physical,0.005328267631431366
no point,0.04321308604531067
no problem,-0.0678059868451013
no questions,0.10524781098223898
no real,0.031037059602786306
no reason,0.05597020704158622
no resources,0.08251078062408808
no response,0.034059525343673666
no responses,0.05502035680144404
no right,0.0830971288835062
no romantic,0.07422936970439595
no room,0.04721819662056413
no savings,0.07447302901582142
no she,0.01931484791843589
no social,-0.011779424079112037
no such,-0.00263607735485516
no support,0.11652908758733675
no that,-0.044454305068801984
no value,-0.04454316122886395
no way,-0.1449078486984385
no where,0.03884954585861545
no wrong,0.01265473200416244
nobody,-0.11735882222435208
nobody else,-0.11720539676973736
nobody is,0.07705906810331052
nobody should,0.06849704152951504
noise,-0.04980567878950144
noisy,0.11227495346012387
non,-0.08098651181762859
non existant,0.09669224533875566
non profit,-0.03220550999422197
none,0.26870717759354057
none of,0.20411078281220518
nonetheless,-0.045729363648847415
nonexistent,-0.04949784213867973
nonexistent the,-0.04949784213867973
nonsense,0.057101051199692124
nonsense bullshit,0.057101051199692124
noone,0.1367274899803505
nope,-0.011200168936820751
nor,-0.06781111907252765
nor did,-0.023562229133159446
nor do,-0.07468073061705077
nor have,-0.022516703396392418
nor my,0.03442505170028407
nor should,0.042251000047522594
normal,0.3143910838743777
normal 23,-0.0605061454050651
normal and,0.0527830624604126
normal for,0.10395935766706904
normal life,0.09394945559120586
normal or,0.009159224432240109
normal person,0.053682286732758815
normal state,-0.018380494610854888
normal the,-0.01016858945710676
normal they,-0.022454199869009157
normal to,0.18063456848173967
normally,0.32278433336917123
normally have,-0.04025777521227854
normally my,-0.021784197889063467
north,-0.21088687887473376
north texas,-0.06318390136461079
nose,0.049250760627550454
nose is,-0.07891108393374816
not,0.014386211792994878
not able,0.11846514272856927
not actually,-0.025816696094006362
not afraid,0.05973243516892213
not against,-0.015731143247637146
not all,0.12669260739942823
not allowed,-0.08819037087628966
not alone,0.07740284140632595
not always,-0.04550665376158259
not an,0.21418573655467305
not and,0.018428152945515107
not anxiety,0.0669644720420751
not anymore,-0.027705474957639316
not around,0.0753978540312139
not as,0.10408882453971353
not asking,0.07070695664863609
not at,0.1370212268435292
not bad,-0.09950993873169436
not be,-0.008616720035317908
not because,0.0835283477757623
not been,0.15100209360016725
not being,-0.015360473604174541
not believe,0.05779395124641632
not big,-0.05451542431247131
not blame,0.06704261588896426
not breathing,-0.12315914578726085
not but,-0.07552891816257756
not care,0.09888526747834196
not come,0.023211017972631046
not comfortable,-0.021640718260863938
not coming,0.08548323752062058
not comprehend,0.06892176712182797
not constantly,0.06544970766608646
not do,0.0039377202292247525
not doing,-0.1943096172623685
not drug,-0.17080912653147173
not easy,0.12719273372356718
not eating,0.07680940430262538
not eligible,-0.03632146800876842
not enough,-0.16103882174482817
not entirely,0.11754094301364483
not even,0.19010545769594928
not everyone,-0.13408526419062042
not exactly,-0.10292619570585791
not expected,-0.017856566850486158
not fair,-0.014678366410989914
not feel,-0.01916198076887676
not feeling,0.05180833138876789
not fighting,-0.11646478010133944
not find,-0.014238074326588865
not finish,0.001930435895809246
not for,-0.052213703387195304
not get,0.1495379489159854
not getting,0.1426753014495872
not give,-0.022301808608936304
not giving,-0.04901183241997658
not go,0.08426084477836673
not going,0.3895547168715047
not gonna,-0.05405579797113894
not good,0.029622017396544017
not guilty,0.10776974778240732
not had,-0.12343411553091294
not happen,0.047315512375558776
not happening,0.1271737014833662
not have,-0.04592695716906412
not having,0.11491812584247459
not help,0.06651871217001416
not helping,0.04215364775237513
not her,-0.055087107677375874
not hiding,-0.04756567357708416
not how,0.07063067949100614
not huge,-0.054521626117592155
not in,0.016225593679678595
not intended,-0.07377304512964132
not interacting,0.048301691259831
not interested,-0.10046044458809433
not just,-0.06573733088040885
not know,0.1396481370499731
not knowing,0.10886891527456805
not leave,0.08002928028395391
not leaving,0.04593577658869457
not let,-0.09180285835588832
not like,0.08738375088917766
not listening,0.0645526799301345
not living,0.03702731243342063
not long,-0.012119707391381195
not longer,-0.04509382103789202
not looking,0.0713111535250589
not mad,0.0805846609398271
not make,-0.09263487431051282
not making,0.11285465807006018
not many,-0.028663899004749173
not me,0.0782035256496999
not mean,-0.00903421615325201
not mine,0.10040599898222421
not more,0.00924533376250559
not much,-0.06495801100794439
not my,-0.21361540186876202
not necessarily,-0.14143241540589307
not need,-0.16012459566796886
not needing,-0.014036854180380576
not now,-0.10992103810358766
not often,0.07600195150183278
not okay,0.11820400942413048
not on,0.1739580367945881
not one,-0.09921582437892112
not only,0.04698162203858961
not opposed,-0.11971847248581344
not paying,0.08724493706892121
not physically,-0.14198453916836493
not posted,-0.052360604150883464
not precise,-0.04989070848110661
not problem,-0.16317455122705565
not put,0.06874657939985165
not read,-0.028680470168676638
not ready,0.04014388586995466
not real,-0.1066158300416709
not really,-0.15341143713625585
not respecting,0.07094134147978413
not respond,0.004450622350802382
not responding,-0.036016940425328735
not satisfy,0.16944790724323897
not say,-0.023576311777301625
not saying,0.09349873981498358
not see,0.03477013152389955
not seeing,-0.141381094743468
not seem,-0.10022033236818129
not share,0.11859241616290694
not sleeping,0.11614421476343814
not so,-0.12023132873730932
not someone,0.06947102937365839
not something,-0.24067269611513686
not start,-0.005767853256172824
not starting,-0.1506359394359994
not strong,0.055690472617641866
not super,-0.049271482011495726
not sure,0.21400242910349865
not taking,0.11819752155365548
not talk,-0.033857919362169864
not talking,-0.029703275440000735
not tell,0.07181567525309841
not telling,-0.1307075211446275
not that,-0.04051347200747847
not the,-0.2197771412662754
not there,0.10369718095562458
not think,-0.14590645792948637
not thinking,0.15923959257938533
not this,0.0785166807317108
not to,0.20778221843949674
not too,-0.015255441957084852
not true,-0.10325840657489962
not try,-0.002646845111990483
not trying,0.08492762527594358
not understand,0.09685163325167194
not understanding,0.10365310682542192
not up,-0.04659572948458286
not using,-0.006208351972889966
not very,0.15977248360259386
not want,0.00046803400640173785
not wanting,-0.19597943692037634
not was,0.004248492641472625
not well,-0.07436225162817547
not what,0.04194234205776722
not willing,-0.046146535207390815
not work,-0.06127909842229868
not working,0.09577009396817962
not worry,-0.12178475955471346
not worth,-0.006022352533424345
notable,0.03681096358372816
note,-0.3801797859003201
note and,0.030052534343719007
note if,-0.03632146800876842
note she,-0.0514806414344791
note that,0.0013381301184305083
note we,-0.0395484419386061
note with,-0.08318664037407701
notebooks,-0.018086445539962658
notes,-0.07597860005289017
notes of,0.01898767634595264
nothing,0.7849237075680888
nothing about,0.15354669264485962
nothing and,0.07058778142515647
nothing at,-0.05473519279773817
nothing but,0.15826735786561832
nothing else,0.0009215069870387938
nothing ever,-0.06246978226701161
nothing for,0.048487475695569396
nothing from,0.10759748638511393
nothing happened,0.16052688209668078
nothing has,0.05666314444020349
nothing helps,0.11240242840714632
nothing however,0.07405218815118558
nothing in,0.07802963768275403
nothing is,0.15064742544000043
nothing major,-0.166267094629202
nothing more,-0.024586706690917892
nothing of,0.01810988912098164
nothing or,-0.03099084167895502
nothing said,0.022061762828442327
nothing that,-0.09228608312119295
nothing there,-0.02019456161041796
nothing to,0.010204381975283831
nothing was,-0.0216813093804298
nothing we,0.0807808930188744
nothing wrong,0.06977678539816214
notice,0.43475309681540314
notice it,0.10917364701462563
notice that,0.1340702738016434
notice the,0.061202261269726145
noticed,-0.33153949629966895
noticed and,-0.01102373263512622
noticed it,0.03685873481328872
noticed she,0.01043154501987456
noticed that,-0.21348698181524128
noticed the,-0.2410332846239736
notices,-0.12245107574647647
noticing,-0.07539702485476671
noticing pattern,0.04901612142058376
noticing that,-0.11824918936478816
notifications,0.002202118129107615
notified,-0.015065626382436909
nov,-0.01481681093054547
novel,-0.17530702009324078
novel as,-0.03832236404144581
novel based,-0.04989070848110661
november,0.150192703717515
november and,0.07070803101666913
now,1.0752920695204256
now about,-0.014319737229466325
now after,-0.04655916072479344
now am,0.23985879061829973
now and,-0.14789546865113284
now are,0.06869861853149704
now as,0.03431880281997863
now at,-0.05883537512673844
now back,-0.07578639237342917
now because,0.07463868030259091
now been,0.010986212755082107
now both,-0.008488909607690744
now but,-0.0100119022702491
now can,0.11629598807118663
now don,0.029014265773775836
now feel,0.2520487781345887
now feeling,0.060097440541262
now finally,0.006537310826716871
now find,0.0494468399989655
now for,0.054687189736137246
now guess,-0.0676063631826608
now has,-0.06634675133447149
now have,0.19690841618138083
now having,0.008452739971585152
now he,0.19201203991451815
now her,0.00021539773621377341
now here,0.05377383830893161
now in,0.031041579393143545
now instead,0.07133735087931646
now is,-0.054804958974046435
now it,0.2527061979180673
now its,0.10938822990655508
now just,0.06277684179343228
now keep,0.06227574616209299
now know,0.08135878778899429
now looking,-0.0050673508968294735
now maybe,-0.09105308968802082
now my,0.15893971667606774
now no,-0.00359672391977268
now not,-0.07107325326024327
now nothing,-0.026962310560458114
now on,-0.020540871346832038
now or,-0.013967970868450256
now over,0.050908024127861336
now really,0.07866195571659788
now scared,0.09172746827786263
now she,-0.008060012365239165
now should,0.054587822281157716
now so,-0.009816932570884814
now starting,0.11614130390234718
now terrified,0.04875861575639041
now that,0.0758331844092419
now the,0.10721157588893235
now then,-0.1002146082957459
now there,-0.05758295131822785
now these,0.0012430094566146118
now they,-0.05221831751234668
now this,0.03300801527416191
now today,0.0647930892472067
now too,0.0004312299881616111
now trying,0.06258990175781619
now ve,-0.07180547082373741
now want,0.06534315552645466
now was,-0.1392711444945279
now we,0.03314822687114847
now what,0.07594015188458067
now whenever,-0.026827887283049787
now where,0.0999520717490446
now will,0.012827954785750249
now with,0.016173642822985407
now wondering,0.07789139681325975
now worried,0.0744518193833463
now would,0.005536671620839012
nowadays,-0.011521462687726863
nowhere,0.4354538769613714
nowhere and,0.09160369048170666
nowhere it,-0.017616397682992196
nowhere to,0.24837037339923862
nsfw,0.03751314518105745
nude,0.07490987343872955
nudes,0.04906902006963212
nudge,-0.09909025560205104
numb,0.26460274431773134
numb after,0.03059631589485472
numb and,-0.0248513718512345
number,-0.26169574107040405
number and,0.1515903502651243
number because,-0.009168844028521667
number for,-0.03591865039729896
number of,-0.16297951163577837
number to,-0.009511136443990265
number up,-0.009168844028521667
number was,0.02857396222060323
numbers,-0.04172873163065201
numbness,0.0011718073829010839
numerous,0.022611748274594067
nurse,0.11092296083917351
nurse and,-0.021608773626118783
nurses,0.06134616089040408
nursing,-0.15860365805308824
nuts,0.006133039332235727
ny,0.03599225753813769
nyc,-0.1411965087879537
oaxaca,-0.12252035097436964
objectively,0.06578725930743705
objects,0.04312451514358963
objects that,-0.06892858911627305
objects we,0.014977318776218974
obligation,0.04114949514877972
oblivious,0.014419146516253487
observant,0.03309349914088752
obsess,0.08104683132294138
obsess about,0.044783699728152236
obsessed,0.07760569878258296
obsessed with,0.1838176734500906
obsessing,0.08176580724714834
obsessions,-0.003966184404720435
obsessive,-0.08765729296379707
obsessively,-0.061607655474258484
obtain,-0.06289860581016246
obvious,-0.25795276324370975
obvious reasons,-0.15485258647560066
obviously,-0.03973494149032046
obviously is,-0.09788243098229858
obviously mentally,0.057101051199692124
obviously so,-0.01830002044945121
obviously they,-0.0068165032950726345
obviously this,-0.07693572855704942
occasion,-0.06832415713966723
occasional,-0.14900746870748507
occasionally,-0.3504681078614047
occasionally and,-0.08292276651168282
occasionally his,-0.11736241603754252
occasions,-0.26647316834105683
occasions and,-0.040844871175001865
occasions in,0.0021420730087026636
occassion,0.12197231370394143
occur,0.10229300326334796
occured,0.059618753841708
occurred,0.019161344886100627
occurred in,0.11831434510586854
occurrence,0.02102735986695958
occurring,0.01799386114436449
ocd,-0.10287540376220415
ocd and,-0.048423807400967786
ocd myself,-0.0395484419386061
october,0.21826278244602898
od,0.08381640999911112
odd,-0.10115254307631694
odd to,0.1022162178622295
odds,0.008780473973375091
of,0.16211252085700661
of 10,-0.01312746423539901
of 100,-0.09096938305397521
of 12,0.045025344525696905
of 15,-0.021475943961517897
of 2017,-0.01024169035021425
of abandonment,-0.025128819302342554
of about,-0.0642801682117934
of abuse,0.10165691514697299
of academics,0.0657359134608534
of adding,0.0025851953845444147
of advice,0.020550337804385237
of age,-0.22059712574463486
of alcoholism,0.061859992974514076
of all,0.17636985092420585
of almost,-0.01609409447074616
of an,-0.30314673680508664
of and,-0.009561370529044455
of anger,0.04536589018467293
of another,-0.1128669442178327
of anxiety,0.3207242190359423
of any,-0.03734932325696919
of anyone,-0.0050513140484131445
of anything,0.013176187767636264
of asking,-0.14486185511754227
of august,-0.008142161230136889
of avoiding,0.017713149120021903
of back,0.07618686124489872
of background,-0.12492409651122525
of bad,0.09969476234120493
of becoming,0.07420058227853076
of bed,-0.015844034578042034
of behavior,-0.09609983868825787
of being,0.4632911940751803
of blood,-0.05463084898636012
of bojack,-0.030586427592916007
of breaking,0.12876341200318656
of broken,0.09727271300028333
of business,0.010668343834373092
of but,-0.03050490728080748
of by,-0.02482147786553796
of cancer,-0.04054454541427694
of car,0.0928143299462185
of care,0.07099393034365603
of cheaper,-0.08610894943820765
of child,-0.03547000235109552
of childhood,0.07957537242310639
of children,-0.09853580502846206
of clubs,-0.003019298977039333
of cold,-0.010741667836923374
of college,-0.022846462699093625
of comfort,-0.10539507286408924
of commitment,-0.002417023488035329
of communication,0.1065319954428349
of concerns,-0.04509382103789202
of confidence,-0.0037814388590214996
of constant,-0.020712763738687686
of continuing,0.010052422626940566
of control,0.18394702379074718
of couple,-0.01241333562482842
of course,0.01452074988729192
of crying,0.055568167381435635
of curating,-0.03172256879923077
of daily,0.010786808161165007
of day,-0.017061800114600637
of days,0.12001433827875717
of deal,-0.10266268539233547
of defense,0.06578819069685804
of depression,-0.034615610714234135
of desperation,-0.0031153636832157404
of developing,-0.10599450554829984
of different,-0.10514970690788156
of dishes,-0.028659143673779894
of distance,0.07357971339569995
of doctors,0.09798335171680746
of doing,-0.11754814978362356
of dollars,-0.11611849157491129
of domestic,0.0408254842910046
of don,0.06071005501931479
of downvotes,0.041627712691157996
of dread,0.08414988298097946
of each,-0.17111262831886087
of effort,-0.01068985499548791
of emotional,0.002941295137501159
of energy,-0.03937581064729051
of events,0.05668009472334572
of every,-0.03451062537451672
of everyone,0.028364706709390612
of everything,0.08230986642950985
of examples,-0.10911800070037934
of experiences,0.09683608404001022
of face,0.08235059973888674
of family,-0.00262131295561442
of fear,-0.08180326308391389
of feeling,0.11094264663192872
of few,0.05131748070042701
of fighting,-0.02778752719849961
of financial,0.07819698899107945
of fine,-0.03014250000166849
of freaking,0.03212507546244082
of friend,-0.11391468422387917
of friends,-0.09042341694662576
of frustration,0.049134807986549
of fun,-0.12611584123771494
of getting,-0.12420345239034268
of girls,0.018361154760602242
of going,-0.006757839262912457
of good,-0.15651419825642782
of government,-0.00585097836282753
of great,-0.06355217210515139
of groceries,0.07088860755095798
of guilt,0.00893078160922731
of guy,-0.047230433761357264
of hand,-0.02067588104854459
of happiness,-0.09251531120520484
of having,0.18962408262162625
of head,-0.1840729825968499
of headaches,0.07508656719645958
of healing,0.014912177384232379
of health,0.0790261263958589
of hearing,0.007359319237126963
of heart,0.08072029510709001
of help,0.03866146112546854
of helping,-0.06368121413995599
of her,-0.08689332915635177
of here,0.20843948353156222
of hers,-0.06429418222188893
of him,0.2540848749127718
of himself,-0.09540069976021377
of his,-0.38022691532347913
of homelessness,-0.01237132507701675
of hope,0.06718195686464795
of hours,-0.016877448961267052
of how,-0.023739558953812995
of hr,0.02001046631268983
of human,0.054223323951969986
of humor,-0.10402295017818478
of ideas,-0.035852913255632585
of income,0.0960774221543295
of interest,0.035477745183915284
of is,0.03995236015689835
of it,0.11342052929873565
of itself,-0.026360251844543527
of jail,0.04405914579885265
of january,0.038158724719966196
of jobs,-0.030491478195553205
of joy,-0.12676136397047322
of july,-0.08212912367704213
of just,0.0812871590024551
of killing,0.0590648205135213
of knowing,-0.07666280590131086
of last,0.030642598604290975
of late,0.07343284412500992
of leaving,0.16098697921811725
of lexapro,0.04692152530573469
of life,-0.04723259157163419
of like,0.005448528948361119
of line,0.11569991107940221
of linehan,-0.04949784213867973
of living,0.02263369467533325
of long,0.07342840187351875
of losing,-0.058673357144978205
of loss,0.01556626763094662
of love,0.03586510744597193
of loved,-0.06211110464025525
of low,-0.12602682087590314
of lying,0.06778425467257503
of making,-0.02782583054966429
of march,0.06915747146995174
of massachusetts,0.0657359134608534
of may,0.004036850224582494
of maybe,-0.015192728442587901
of me,0.3618712123919158
of medications,-0.09127500158397453
of mental,-0.17061859182339462
of mentally,-0.09235832217247943
of mess,0.09943548380497624
of mind,-0.17492193280901214
of mine,-0.04040687437474797
of money,-0.02025454152344601
of months,-0.19564233607921702
of more,-0.09810895156886829
of moving,0.05753312507684889
of my,0.5204369415099007
of myself,-0.06199165279018452
of new,0.012768610769407907
of night,0.07563701732302368
of nights,0.03690807019483463
of no,0.020488280539419756
of normal,0.08799022547316221
of not,0.18555812780560688
of nothing,0.020727308473057465
of now,-0.013768560584940148
of nowhere,0.15094291886897354
of occasions,0.0021420730087026636
of ocd,0.02005348494591146
of october,0.0005700449129621606
of on,0.08380642697460945
of one,0.008558789703027987
of ontario,-0.08288993180367991
of options,-0.03908661837437275
of other,-0.051204972485297096
of others,-0.1861273382525297
of our,-0.09690020760005622
of over,-0.02622504528627049
of pain,0.19904760963914486
of panic,0.11068910336055725
of paper,-0.1288813246895656
of paranoia,0.006073964202554231
of past,-0.01826406775302478
of paying,0.0039435187733656615
of peace,0.07116667299735517
of people,0.17178000890297263
of person,0.005975278941211777
of physical,0.12748766799339975
of place,0.06604013058349618
of pocket,0.006808004960957277
of post,0.11720078167406753
of pot,-0.01072579690289982
of poverty,-0.01451881202418832
of prison,0.12253762686474379
of privacy,-0.009168844028521667
of progress,-0.020220026441633662
of protection,0.11683242817408629
of psychiatric,-0.010156304119851915
of psychological,-0.07495153770640081
of ptsd,0.06767847827665226
of questionnaires,-0.03571177968025058
of questions,-0.04457371702293766
of rage,-0.013429429526287283
of raw,0.0018082184159375013
of really,-0.010033897591759955
of reddit,0.005398385924510268
of relationship,0.08673712727489769
of relationships,-0.02487465396370642
of relief,-0.10388290716935718
of research,0.0657359134608534
of response,0.012011530389763363
of responses,-0.08570508241879238
of responsibility,0.0054914166432881995
of rice,-0.06489993083133713
of right,0.016768568465602592
of sadness,0.0024848893420566518
of salt,-0.11327717104257562
of scared,0.0863831803295587
of school,0.12678650550880685
of screaming,0.0032231712886438206
of seeing,-0.002512610668297978
of self,0.037279270449992054
of sense,-0.01122899394776204
of series,0.005550786516883283
of serious,-0.08489320087859213
of sex,-0.1135859222878567
of sexual,-0.10730931391781548
of shame,0.054724086332477044
of sharing,0.08140055661714257
of shit,0.18660881655885342
of short,-0.10436639800184808
of shorts,0.00976167321027609
of side,0.09209002832589835
of similar,0.025315092386254713
of sleep,-0.004099852539529486
of sleeping,-0.058424783347799714
of small,-0.07791689721154235
of social,0.10696553748575084
of some,-0.038774551687722605
of something,0.18812175030054012
of space,-0.029786873941279924
of starting,0.054065987568296746
of state,-0.0674413736352619
of strangers,0.03438094290612224
of stress,0.10974644745867128
of stuff,-0.10879187019226665
of such,-0.0698690781759624
of sudden,0.12459091784948449
of suicide,-0.0013581256803012803
of support,0.008563945407643863
of taking,0.03848797116871067
of talking,-0.09697911019624329
of tears,-0.0453257082132039
of ten,-0.005372945620985074
of text,0.10752965881226025
of that,0.10329603272930908
of the,-0.4017902917968994
of their,-0.15068568000063137
of them,-0.06801930478071654
of therapy,-0.08517000578217628
of these,0.004265907506372285
of thing,-0.07570682152919175
of things,0.20743950234705041
of think,0.0881290939570554
of thinking,-0.029578955634591564
of this,0.571246197133803
of those,-0.2755737393694445
of thought,0.06874327043677009
of thoughts,-0.016103769974830557
of three,0.05852965201176403
of throwing,-0.07521703232987602
of time,0.09031112773629567
of times,-0.07642061481926353
of to,0.046698957299445606
of total,0.057235587907341574
of town,0.007457489339951425
of transportation,-0.006740094244904077
of travel,-0.10043755779915249
of traveling,-0.0116883432104391
of tried,0.07654779281493035
of trying,0.06184631933422961
of two,0.06455214417945739
of uncertainty,0.013937566271304195
of understanding,0.11513314006911855
of university,-0.005613944027712207
of us,-0.20267561545185245
of value,-0.0762921502712947
of very,0.03586804673739181
of view,-0.053091902832668805
of violent,0.1148740035029931
of want,-0.1325253448985009
of wanting,-0.015637584922100694
of watching,0.07183641128378734
of water,-0.019485029173886118
of way,0.03038696975469291
of weed,-0.015563518344864781
of weeks,0.053133533689040544
of weight,0.07360873398895347
of well,-0.0038740844216512585
of what,0.42136146327189505
of when,0.11790519969798356
of where,0.005539909412459129
of which,0.005483129579137182
of who,0.07047575631542126
of whom,0.008079121416457651
of why,-0.0815145608365889
of will,0.07861771291701246
of wine,0.0074352431432149636
of withdrawal,-0.02138998057868241
of women,0.011647491010948837
of work,0.11186726278028229
of working,0.06588891925204476
of worth,-0.002082810119443019
of year,0.20238283383526695
of years,-0.14569724972427836
of yet,0.001199570025641837
of you,-0.26810348311061033
of young,0.028410782839445953
of your,-0.3588732654399838
off,0.10009030928092429
off all,-0.06104746112623346
off and,0.09414104440037299
off any,0.009830697810365923
off as,0.0056115835010085045
off at,0.10951383689534612
off because,-0.10890153884766143
off but,0.03204276615083026
off by,-0.13818451309466853
off for,-0.0021973294379720055
off from,0.15707649160969625
off he,0.29310808658641163
off her,-0.06547274015842583
off his,-0.03658060029396733
off is,-0.11356589885037498
off it,0.12508866588512235
off just,0.05502035680144404
off lease,0.11725732168632874
off lexapro,-0.07776387203656139
off me,-0.06067028018711249
off my,-0.06491119254120366
off myself,-0.11058100326029796
off not,-0.09475670782951205
off now,-0.03023206488544798
off of,-0.10326279900896898
off on,-0.02292580643361324
off or,0.14003381024571665
off so,0.06877313455658397
off started,-0.023991606791342858
off than,0.05653177915189506
off that,-0.16931459270747654
off the,0.004101227170566978
off to,-0.0900540827345437
off today,-0.030570309974837232
off we,0.09462669951656658
off when,0.06612637647672305
off with,-0.019714016521598453
off work,0.03445906524705584
offended,0.024620581319072476
offensive,-0.03749199448503654
offer,0.03259109486513788
offer any,-0.06589252102237475
offer but,-0.02771804522623138
offer similar,-0.07378535716214671
offer some,-0.05322885940659607
offer to,0.025771640883487962
offered,-0.20670782255245496
offered to,-0.10144831470725212
offering,-0.03892142248165679
offers,0.03588084893023222
office,-0.1257129792471293
office and,-0.017942717162761832
office when,-0.08596434114277514
officer,0.1072110915422994
officer who,-0.0042244270377596975
officers,-0.03951745480506444
official,0.005848398164848944
official diagnosis,-0.01855642741378457
officially,-0.10388523954495986
officially dating,0.016055943879844794
officially diagnosed,-0.14706932903415804
offline,-0.07656793386338069
often,-0.04446105387158353
often and,-0.16067079957484076
often as,0.11232875435677811
often don,0.006284649132337926
often feel,0.04052922654903639
often have,0.0062103630402839
often my,0.10932654844644267
often not,-0.004181263267850719
often the,0.08249383605589984
oftentimes,-0.032405036626652686
oh,0.045382733364475854
oh boy,-0.026626738289412318
oh man,-0.013136581968710558
oh my,-0.12134259889093234
oh well,0.015655427087352323
ohio,-0.08068190650341918
ohio really,0.0657359134608534
oil,0.04268017590012638
ok,-0.1456331702174888
ok and,0.14592757271922194
ok but,-0.0677929103514568
ok he,0.057285133062904135
ok if,-0.038409560445968584
ok so,-0.007649639575749923
ok sorry,-0.03272543253150858
ok with,0.06506043357171515
okay,-0.03369467007557699
okay and,0.01064525798904939
okay but,0.06252711623427383
okay do,0.13334097437278963
okay for,0.002332462078649155
okay so,-0.09831610450720103
okay to,-0.12976324508833975
okay until,0.03531392522722756
okay with,0.09111834465125446
okcupid,-0.0032375059395167963
old,-0.3863054420339799
old after,0.07055767684545185
old and,-0.16796087441726432
old daughter,0.09895922383013939
old friends,-0.10836312672800456
old girl,-0.09013283878829734
old going,-0.0605061454050651
old he,-0.11683446878225803
old kid,-0.013028686470225289
old male,0.18551861531450212
old man,-0.007107456761609729
old my,0.001876082222893079
old self,-0.006167397579442213
old sister,-0.011922673369451294
old son,-0.15898886103852125
old that,-0.0799642630594027
old was,0.003675549920764787
old who,-0.020108341361813505
old with,-0.11889393131877106
old woman,0.002052491562686452
older,-0.6382792766901069
older and,-0.21626658646028785
older brother,0.005643600659753458
older men,-0.01499098821264362
older please,-0.04889274569267998
older than,-0.24238328617211255
older who,-0.04509382103789202
oldest,-0.014192448927704441
olds,0.1265713888523308
olympia,0.010740886996444834
on,0.22166481119571074
on 10,-0.002965859415598983
on all,0.18931574159660194
on amazon,-0.11345302111674758
on an,-0.06296980101108758
on and,-0.08048664488526085
on another,-0.039755155054804626
on any,0.03313738257539154
on anything,-0.12181891791189502
on anyway,-0.0012339024096511442
on asked,-0.0605061454050651
on at,0.022658165645776857
on autopilot,-0.04357720250773341
on because,-0.020019531483795677
on bed,7.90264202858956e-05
on before,-0.043142812657148505
on being,-0.01464266432738291
on bills,0.09472201092131144
on board,-0.03402032078213151
on boosting,-0.06655026477653447
on borrow,0.03257864760719747
on both,0.1090381552738169
on bunch,0.1065195420063022
on but,-0.11364476088658787
on by,-0.03988549294600735
on christmas,0.10973364565904292
on coming,-0.073042451123645
on conversation,-0.04130426401270045
on daily,0.13513389614561966
on date,-0.033690835323942736
on dates,-0.07009257769354649
on dating,0.01189332492211206
on day,-0.0722241605572036
on discord,-0.05581193537247974
on dozens,0.0021420730087026636
on drugs,0.015240574321692662
on each,-0.07033297085430291
on earth,-0.0063113839639408024
on edge,0.1393577703803654
on end,0.15991352291161465
on everyone,0.053604635894446424
on everything,0.16653679160428705
on facebook,-0.22095792143742635
on few,-0.05876045902520957
on fire,0.08919175454723446
on first,-0.012686230987165549
on fixed,0.07280994824272821
on fixing,-0.0917055372927274
on food,0.011695939290431305
on for,-0.05135186961658785
on friday,0.1413954939826366
on from,0.024384074565458158
on full,-0.11313386431824722
on getting,0.117804133884642
on going,0.01697439352578962
on hand,-0.09078386949690186
on he,0.009579793096594609
on her,-0.048701172349719754
on here,0.08380070986048502
on him,0.2896096457342746
on his,-0.06460522965648534
on hold,0.023900720889973946
on how,-0.040655747010206265
on if,0.11865950703803345
on in,-0.019973569517017203
on instagram,-0.06360754726274433
on it,0.27245420529121034
on job,0.05503659282028328
on lexapro,0.05474469427150948
on life,-0.05829641969346129
on like,0.07869623671108034
on me,0.5074642184742156
on medication,0.14129348639398315
on medications,-0.028243184514757637
on medicine,0.042944881880580425
on meds,0.07386923366484625
on mental,-0.07674170927982452
on mobile,-0.05254494601969287
on monday,-0.0005666177781649829
on month,0.08084288772941899
on more,-0.1028670492530761
on my,0.5412088237550075
on myself,0.10155344492248661
on night,0.01777237618396876
on not,0.13498679532187233
on one,0.19374510669165299
on opening,-0.039640081437487575
on or,0.022678627916468925
on others,-0.008525700413434801
on our,0.11593827064246857
on over,-0.09619453490090953
on people,-0.0250630903493466
on probation,0.07176706796689081
on raising,-0.07282561251439436
on random,0.01546536250059188
on really,0.0059530999482584526
on reddit,-0.12449355416202491
on regular,-0.0070493710916469405
on saturday,0.12074902801944179
on school,0.003903174388663771
on second,-0.13152418340586042
on several,-0.12474528700578284
on since,0.06693468092177436
on snapchat,0.02056917122537253
on so,-0.16960246847949575
on social,-0.1514622885733669
on some,-0.20302814652955145
on something,0.06207995790659379
on staying,-0.08354166751782044
on sunday,0.08028680984164985
on that,-0.06803611467470444
on the,0.18589706151085655
on their,0.003147886046514898
on them,0.20541564576069316
on these,-0.23710215600985707
on they,0.05622917069380364
on things,0.08892151402628812
on think,0.00959737900960595
on this,-0.19463710056976458
on those,-0.020841718729070032
on time,0.08305544778613658
on to,-0.12749872049893318
on top,0.250538155592228
on twitter,0.07225284795268623
on us,-0.029755602460818476
on ve,-0.040716546334684904
on very,-0.09429100082692601
on violent,0.06450571727015075
on waiting,0.08629178782482813
on ways,-0.10382737036135595
on we,0.013796725432074523
on wednesday,0.10525342289871512
on weekly,0.0004194382807648472
on what,0.11457952559218773
on when,0.0775392143491757
on where,0.1632712929404606
on whether,0.09947677433682149
on with,0.12182881370657354
on you,-0.048265616189708774
on your,-0.3469057508843238
on youtube,-0.06822926581316872
once,-0.07157777972284732
once again,0.002579823215119981
once and,0.11083175109594211
once before,-0.09205310846523923
once but,0.012267341238151326
once day,-0.04407829823922078
once every,0.014178025538144819
once for,-0.009265533742916155
once get,0.14976469477055723
once got,-0.018587368187098472
once had,0.04512140985116585
once he,-0.01318769266738586
once in,-0.06724749490619136
once it,-0.03217209522626302
once month,-0.104188451971263
once my,-0.19608704689259707
once or,0.07755300331907933
once she,-0.017730762643268165
once the,0.09871045315251113
once there,0.02809359284060238
once tried,0.07633966596142128
once was,0.10517532697073695
once we,0.07434364393055388
once week,0.005340378538477749
once when,-0.05278447898083111
once you,-0.12180366324911243
one,-0.09280418258303894
one after,0.02281987837929717
one and,0.03231991853097805
one another,-0.11575140142202364
one as,0.09290179950096439
one because,0.09205179637088848
one being,0.07441861431568346
one but,0.03795289532007589
one can,0.11922263465928451
one cares,0.00774016830180419
one close,0.08994323625537932
one company,-0.05253703171198375
one could,-0.015157144760553564
one day,0.09072813610179681
one does,-0.027938372520136714
one else,0.10520235351382823
one evening,0.09523647872157419
one friend,0.049261713614444536
one from,0.08683117351366328
one guy,-0.04345277854413367
one hand,0.18656725444187233
one has,-0.08999077171837146
one have,0.05766931404715842
one if,-0.006805047741832513
one in,-0.019720203809413712
one instance,-0.017543308471144204
one is,-0.018089842344859244
one last,0.007916867018752117
one leg,0.07795952913568727
one memory,-0.023034088570011196
one minute,0.049268050711672555
one month,0.00012775369995746355
one more,0.045340266930341606
one my,-0.058358408384592386
one night,-0.10433499991528038
one of,-0.05507320048693584
one on,0.00459818683006935
one or,0.037427625447428434
one other,-0.07134955504349379
one person,-0.2661791943011026
one place,0.08726476548629615
one point,-0.10090812607376454
one reason,-0.05351520844638924
one she,-0.0037210854668503755
one so,-0.00012005621866829848
one that,-0.20799937332340562
one thing,0.04819318472889637
one this,-0.05937273215143264
one time,-0.2092762947418364
one to,0.20640163524402647
one two,-0.09005356730592448
one understands,0.0839753769169993
one url,0.023714551887432347
one ve,-0.10737421200786514
one was,0.1905099050912634
one we,-0.11504291808117693
one week,-0.17837513382536957
one well,-0.08607151764706976
one who,-0.08649144627013677
one will,-0.03872121441640397
one would,-0.020276378213512882
one year,-0.06731008490212936
one you,-0.050679570802553406
ones,-0.19000365078893677
ones are,0.012548672771071218
ones can,0.07633254391372186
ones that,-0.0725716816625879
ones who,-0.031034223191640474
ongoing,-0.014750228619247603
online,-0.5800935553977677
online and,-0.06838003464725823
online assessments,-0.03571177968025058
online but,-0.050766932670697644
online dating,-0.09280085692179121
online friend,-0.11161669109938484
online gift,-0.03571177968025058
online the,-0.03571177968025058
online to,0.02784783931820621
only,0.38084355041390716
only 18,0.08403327635369112
only about,0.014173654630537415
only after,0.06913684478911557
only asked,-0.006211219625023451
only be,-0.08422489180854036
only because,0.055877544465305455
only been,-0.09546787798648179
only do,0.11460160714065065
only ever,-0.07012058698795924
only few,-0.08260048619061743
only for,-0.06497939242386692
only getting,-0.11409274344324659
only got,0.06549429027003538
only had,0.04756798408373916
only happened,0.08471264001310953
only have,0.2040189294049758
only help,0.012793715235628582
only helped,0.014103286123217564
only hope,0.010696385932247008
only hours,-0.006820249158610241
only if,-0.047266529241381874
only in,-0.03413831187425463
only just,-0.05015380380601361
only made,-0.012000112540366228
only me,-0.046452345254304965
only my,0.09563850193236345
only on,-0.023268957476231887
only once,0.07687558449626297
only one,0.1522124005139901
only option,-0.003861663316565301
only other,-0.0004373912674208594
only participants,-0.04889274569267998
only person,0.030507592849657785
only problem,-0.03089381994039071
only real,-0.11627284594235866
only really,0.02378611335333677
only reason,0.08815015551820449
only recently,-0.043900927159294494
only so,0.12217971139154883
only started,0.024734770689663354
only take,-0.0308349002593056
only talks,-0.014479654530064084
only the,0.09304631451130407
only thing,0.19767080728064018
only things,-0.01598369268650436
only think,0.050233350967561395
only time,0.1277313002551878
only to,0.014489847261432792
only want,0.01986817489490553
only wants,0.005225162740541134
only way,-0.04906691722591506
only went,0.11265747243666735
only when,0.06767307466484843
onset,-0.09725320894612643
onset dementia,-0.024251183764752136
onset of,-0.07976870899719796
ontario,-0.13055224590804054
onto,0.04222333963893892
onto me,0.022932750393686363
onto the,0.0955298710637572
op,-0.14932284044764904
open,-0.3169355084689548
open about,-0.0829297281589108
open and,0.07848043800767047
open ended,-0.055211081681451855
open for,-0.08882877823738314
open it,0.04229191023498243
open relationship,0.026046799010029154
open the,0.03383904541545798
open to,-0.2995034328144584
open up,-0.07743925329814187
opened,0.05384900536384354
opened my,-0.021073048799831157
opened up,0.057548384585861714
opening,-0.07699891491104335
opening up,-0.000521553939275694
openly,-0.010499824628112548
openly in,0.08990250124809848
opens,-0.07688911101493409
operates,-0.03492636647616291
operating,0.03114924092394481
opinion,-0.09021359785749379
opinion on,-0.008539866517488347
opinions,-0.057288465954049995
opportunities,-0.04891376311389461
opportunity,-0.1142800853129552
opportunity but,0.014977321261256516
opportunity to,-0.13049518018299427
opposed,-0.19207292057453812
opposed to,-0.19207292057453812
opposite,-0.10520353025167822
opposites,-0.03348834554620889
optimistic,-0.04576348129727861
optimistic person,0.06895614440102132
option,0.2699935495637675
option at,-0.02314179445612042
option of,-0.010684932403513685
options,0.1448660540615594
options are,-0.02491096994462077
options do,0.0008804719194388138
options for,0.00295943419144026
options if,0.05866022669452747
options on,-0.00996148251062442
options that,-0.02799608705302445
options what,-0.0374247547780641
or,0.3980188868794208
or 40,0.08275547338053105
or about,0.02939439250836356
or accidentally,0.09970848598446409
or advice,0.07234340595896793
or alcohol,0.08473945995080431
or am,0.14579854875233647
or and,-0.10791738482014532
or another,-0.3175053938829062
or anxiety,0.05482085406556745
or any,-0.07059647752895207
or anyone,0.013066573742346653
or anything,0.1328865950590414
or are,-0.03469405741932342
or ask,0.14086887887747365
or at,-0.022655657689376527
or bathroom,0.0846530099878195
or be,0.012355931615715039
or become,-0.04361458378108298
or before,-0.06175395262862699
or bipolar,0.034059794758280665
or call,0.002367646179406633
or calling,0.08518608209666159
or can,-0.03843609240688742
or cbt,-0.08847063809857456
or check,-0.014868545465083064
or completely,-0.05022359609013852
or depressed,-0.10757236040579805
or depression,0.05143480612994793
or dm,-0.047993531178654236
or do,0.1387901464230266
or does,0.030368412337841377
or doesn,-0.008046691480458756
or doing,0.018871190175735828
or don,0.016560379783099603
or dramatic,0.001795629377450346
or drink,0.032247441351924346
or drinks,-0.059511801271663056
or drivers,-0.001981572633900524
or equivalent,-0.05427865834755191
or even,0.3417005693775793
or express,-0.03172256879923077
or family,-0.049232322857561586
or find,0.12489361043942358
or finding,-0.01181461671651429
or for,0.009555695216427955
or friend,-0.02424778560382312
or friends,-0.02920731246929544
or get,0.08399433277865319
or give,-0.01264287437235486
or go,0.1260077277274219
or going,-0.0033764781128012462
or had,-0.15529613919735483
or has,-0.09729145769061907
or have,0.056718532173377155
or having,0.053814644332540476
or he,-0.019993152529032873
or help,0.11217850728469685
or her,-0.010542497681284225
or his,0.06727521156595509
or how,-0.021341130835435197
or if,0.30292514742120247
or in,-0.01926305815455101
or information,0.011463951123704358
or is,0.0530434873972455
or it,0.10050286974192461
or just,-0.00753949046863946
or know,0.022625229046861203
or later,0.0413256154634295
or less,-0.07101382214358279
or let,0.052183266816935615
or like,0.08357443920021645
or ll,0.07367000919658101
or look,-0.1169350002266443
or make,0.02983484355861808
or making,0.05822913676016671
or maybe,-0.1098001664938556
or me,-0.16786134147834886
or medical,-0.0811255880875955
or mental,0.08581106863070166
or message,-0.039640081437487575
or more,0.1441526988088481
or my,0.0555065335064733
or never,-0.018514086912117422
or new,0.09183317733957964
or no,0.04297426074409262
or not,-0.32297663072210225
or older,-0.06494560457664666
or on,-0.03863927398418943
or other,0.015297435823575832
or our,0.14255424279816703
or pass,0.016087818375087253
or past,-0.03172256879923077
or pay,-0.002382582795084523
or people,0.01591777408070613
or ptsd,0.027347525539067042
or put,-0.004348880387268062
or reading,-0.011266652153131121
or resources,0.08349102704506678
or room,-0.03555961098497836
or said,0.0921410057125553
or satisfy,0.0900132492087903
or say,-0.09983841491995203
or self,0.08955786082925103
or she,0.12479630934264453
or shelter,-0.08626044399929492
or should,0.05475563802618934
or simply,0.00016924150004817798
or since,-0.09003140205735796
or sleeping,-0.06655026477653447
or so,-0.41587969167387867
or some,-0.04195803438683778
or someone,-0.09700814979755003
or something,0.25319685522513474
or start,0.11775366137278721
or stores,-0.07378535716214671
or take,0.07569657918689389
or that,-0.0875433024025717
or the,-0.2293782942448038
or therapist,0.05902107184271775
or they,0.08423660622216539
or think,0.04116465921981273
or three,0.027434400454625793
or tips,-0.129562185372224
or to,-0.04473606231478755
or too,0.14609449533475596
or try,-0.00014300028159660308
or trying,-0.1941126336245055
or twice,0.07755300331907933
or two,0.04550528117214164
or under,-0.05100830595853686
or units,0.08580513407427554
or until,-0.11211894858527856
or wanting,0.03599709660778735
or was,-0.001946393854049397
or weed,0.0924338636851423
or weeks,-0.02004447218691053
or what,0.10131255876210397
or whatever,-0.06260199094135434
or when,0.07368451414963664
or who,-0.08000411207934509
or why,-0.0002524119896777364
or will,-0.10031265793000196
or with,0.07890343297764973
or words,0.06453569561087473
or would,0.004215382935027988
oral,-0.10276782706512563
orange,-0.09867724728985226
order,0.04080371791624636
order and,-0.09588539659320043
order before,0.07455743864733966
order for,0.052697957563391316
order of,0.13875275803479198
order so,-0.010492011195347943
order the,-0.01788246279022022
order to,-0.21321986738126533
ordered,0.04236450603634069
orders,-0.12466631035389768
ordinary,-0.1548962625972357
organic,-0.09571916679120576
organization,0.027941618002842835
organized,0.017573942902288087
orgasm,-0.0054205445307418994
oriented,-0.05581193537247974
oriented atmosphere,-0.05581193537247974
original,-0.06795471089066317
original post,-0.04262211790702137
original trauma,0.07561044814595888
originally,-0.22890081729479547
originally posted,-0.15278875551434862
other,-0.24259990548138133
other about,-0.07410855113072622
other again,-0.14178542404504726
other all,-0.08429651189319516
other and,-0.12713554192277687
other bills,0.07705421429624733
other brother,0.10091608254093029
other but,0.11708511798838434
other choice,0.09449968832861036
other city,-0.14153359052544276
other countries,-0.07378535716214671
other day,0.06920754139876346
other days,-0.17473316688069782
other family,-0.009774688738092221
other for,-0.1833584036867921
other girl,-0.01453791464729376
other girls,0.04730435234806881
other guy,0.03739835320807015
other guys,-0.008737274017559726
other hand,-0.05659350393637512
other homeless,-0.07735201780768311
other ideas,-0.06361995708202482
other in,0.018121898628430028
other income,0.012573004872280106
other inmates,-0.018899756304421415
other is,0.026633010107471263
other issues,-0.009660506163462429
other kids,-0.12153243086743255
other mental,0.03845161000373501
other multiple,0.10278630339439304
other night,0.13527517030696776
other often,-0.0004128330431915428
other on,0.010717877261693405
other one,0.006846438480195076
other ones,0.02674494621302087
other options,0.03583593395355379
other people,0.2095940323727108
other person,0.026525374994925716
other places,0.011171060730620578
other ppl,0.06805374943093336
other problem,-0.08596117016757307
other she,-0.055737948165867385
other side,0.031199237365243663
other struggles,-0.052473188428080235
other subreddits,-0.050775065122304786
other than,-0.1779135553551979
other that,0.023849590407585178
other they,0.002837799627075049
other things,0.14633121480869402
other times,-0.11299709030205769
other various,-0.0272013828899427
other very,-0.009924912043976164
other was,0.06159138200293737
other ways,-0.004050530540595008
other we,-0.04939630836266847
other women,0.04826152319291834
others,-0.8229136194677829
others and,0.06907214053380221
others are,-0.08559543512312107
others but,-0.1322195406671009
others can,0.014164692938721735
others experiences,-0.03172256879923077
others fear,-0.07996473371485904
others feel,-0.08540527307567579
others have,-0.0034506974166016854
others he,-0.10265810516998951
others here,0.014536088680982343
others in,-0.04918313845487141
others mentioned,-0.07043103784480838
others she,-0.07115558810514368
others so,-0.08922886764404453
others stories,-0.04989070848110661
others to,0.020310104396777728
others what,-0.03172256879923077
others when,-0.06816609100932045
others who,-0.2192280995120219
otherwise,-0.09380310318265221
our,-0.22223066874832959
our 13,-0.027547453310445995
our apartment,0.03666063638042934
our breakup,-0.18049948338742666
our car,-0.0025092904158865986
our conversation,0.031724429321521266
our conversations,-0.141366396638133
our country,-0.08466308664630183
our current,0.04017190447855304
our daughter,-0.11271466947219559
our dog,0.10865078189431691
our electric,0.009332194479002623
our entire,-0.026206964587309357
our family,0.09858712280438156
our finances,-0.07791390422388855
our financial,-0.009957428749412758
our first,-0.21113896651961717
our flat,0.006039375587481494
our friend,0.0735411964970232
our friends,0.06958117696007836
our friendship,0.011092257292398634
our home,0.0350120048081903
our house,-0.1021869134643754
our instagram,-0.043742767955615464
our larger,0.10081886638772229
our lease,0.10904815166673984
our life,-0.06307709669169101
our lives,-0.05156459251067358
our marriage,0.23522081211548293
our most,-0.0018633144165651986
our neighbors,-0.005185984649693086
our new,-0.10197329967351927
our old,0.0984239149057026
our own,-0.0931790586279045
our parents,0.05598901723959269
our previous,-0.006811830279101304
our receipts,-0.009168844028521667
our relationship,-0.05637568516721043
our relationships,-0.05693010825100933
our rental,0.019795146928175838
our room,0.13443177675587126
our schedules,-0.1201364877795072
our second,-0.12787064704188011
our sex,-0.024669288188489024
our site,-0.043742767955615464
our situation,-0.08647524538991984
our small,0.10003564374724545
our son,0.19413451603195417
our trip,0.02809359284060238
our two,-0.08028393914385758
our year,-0.10692335093255824
ourselves,-0.010706957427077694
ourselves and,-0.08462238357898653
out,0.6532962273162768
out about,0.26143494423726654
out after,0.032109847634987525
out again,0.0485469246282704
out almost,-0.006081144865502909
out also,-0.000999471475665823
out am,-0.011074932903954155
out and,0.5105996203715375
out any,0.07917442485334614
out as,-0.023461221776798484
out at,-0.13938030923381384
out because,0.06791098574628937
out bit,-0.043206675452002574
out but,-0.13200040029589652
out by,-0.0726373730599443
out can,-0.012484688068605851
out don,0.11571796646108239
out drinking,0.005391047283023723
out etc,0.045934951580468085
out even,-0.04108509296085134
out every,0.03678500287623201
out few,-0.0692179001848002
out for,-0.06206155402729081
out from,0.16071474247832393
out got,0.09962285034554344
out have,0.033753199500444274
out he,0.22235269558643925
out here,0.08162195905219638
out his,-0.13004686544721036
out how,0.07803353833089495
out if,-0.15235358678490665
out in,0.22938795026892295
out is,-0.09535460609219273
out it,-0.04292658090106243
out its,-0.027641471273285194
out just,0.1305401605910914
out later,0.07645501542797295
out like,0.06630566077003121
out little,-0.14110841755176523
out looking,0.09113840736626104
out loud,-0.021231743119621203
out many,0.051074967643159656
out my,0.018112609201036516
out no,0.01080955569586701
out of,0.3959779786696597
out on,0.16144293573028268
out once,-0.050577041424396584
out or,0.06564091227100106
out our,-0.08273619577721844
out over,0.11193091828939576
out partying,-0.0605061454050651
out pretty,0.0844790742616299
out several,0.01402512729895501
out she,-0.1304541523332877
out so,0.02909872525538487
out some,-0.04818514253857997
out that,0.05665338287263014
out the,-0.001878892620062463
out then,-0.05424909783975859
out there,0.06094803004206491
out these,-0.047934095937862034
out thinking,0.05526713928380505
out this,-0.033286019175864
out through,-0.0815448404802079
out to,0.08131208323537745
out today,0.0937346206282581
out tonight,0.07529381085197319
out until,0.07623528874198224
out ve,0.007626809692818094
out via,-0.1166115093069617
out was,0.08410859701904355
out we,-0.1404403796051543
out what,0.21601325360264303
out when,0.02014011930408558
out which,-0.014819300317561443
out will,0.04978184623188665
out with,-0.11792044755889569
out yet,0.06962735190300848
out you,-0.0256324206600795
outbursts,-0.02753153643656183
outcast,-0.03422986449400227
outcome,0.045350419096720274
outcome of,0.0022237374191851253
outlet,-0.1281171519844031
outlook,-0.15285882216275
outlook on,-0.15285882216275
outside,0.10804716965324246
outside and,-0.01972543357365183
outside don,0.053148907224460154
outside of,0.09328431108309876
outside the,0.21977479884091367
outside to,0.015023017913328784
outside what,-0.15810780348299092
outside work,0.09600620241627814
over,1.1022220795411304
over 10,-0.06444200473481147
over 18,-0.07664188217905947
over 30,-0.010837439876728134
over again,0.15823594367077573
over all,-0.005881312961307734
over an,-0.016342801164614035
over and,0.21853103429563145
over another,-0.05253703171198375
over at,0.054996187439087706
over christmas,0.014622787871354384
over decade,0.04438176447421569
over everything,-0.011088213797497116
over exaggerating,0.0777146417368776
over five,-0.03518761758110361
over for,-0.13591007777771877
over he,-0.04423404115921468
over her,0.12490075684098928
over his,0.00834732233162075
over how,0.08921878163656893
over if,-0.07378535716214671
over it,0.1936392449639967
over me,0.11250265600125468
over month,-0.01696316801666228
over months,0.10504260654074345
over my,0.24469518311261343
over nothing,0.10451222065865463
over on,0.07212041138258836
over or,0.07468353545192007
over our,0.017699965672785763
over some,0.13916785991255481
over something,0.08296140135525812
over text,0.11843380852160268
over that,-0.05936297771245615
over the,0.07155741769401167
over them,0.08294620792383899
over there,-0.04240547886213227
over this,0.2807992066961967
over those,-0.09679042266982667
over time,0.08036619202421856
over to,-0.07040860321049768
over two,-0.0316998459770761
over when,0.09133268090586333
over with,-0.048191579340275306
over year,-0.06831041662535821
over years,-0.16399034283632322
overall,-0.0470105475967267
overcome,0.18351022506835693
overcome it,0.04006100130409201
overcome this,0.11988848248740072
overcome with,0.048108147727066765
overdose,-0.03188668611588331
overdraft,-0.030917862364195206
overdrawn,-0.059492915575325794
overdrive,-0.14875299793973848
overdue,0.1452246306338577
overflowing,0.023981751567006947
overheard,0.05967359219893399
overlook,0.10221399734310968
overly,-0.1465200075588369
overnight,0.0007847093837800745
overreacting,0.005660026023184626
overseas,0.1375108596551897
overthinking,0.15617666300861544
overtly,-0.005903457224641761
overwhelmed,0.39844028629328376
overwhelmed and,0.08318922417953814
overwhelming,0.14014109702051067
overwhelmingly,-0.07512002160307704
owe,0.09997643696816448
owed,0.009231700596544358
owed me,0.0124764180178044
own,-0.09094786488481324
own and,-0.009316358007368953
own any,0.10365876853752021
own apartment,6.36310611750273e-05
own at,0.15513827030976626
own brain,0.0439602365074368
own car,-0.10656474318732899
own experience,0.047145096238682065
own father,0.11164702404332152
own fault,0.08904152446544408
own food,0.020852297248057233
own for,0.06978040785613017
own he,-0.0070225588111004125
own home,-0.028643874436593348
own in,-0.013326409027763263
own inspiration,-0.052473188428080235
own issues,-0.08244370406104276
own life,-0.06653122954571179
own mental,-0.06325686895202817
own mother,0.07167417208602182
own parents,-0.0024498632316720236
own personal,0.004021220063376377
own place,-0.1055035992226066
own problems,-0.008117952166071194
own room,-0.08811265375573098
own self,-0.05136635860683979
own set,-0.00818155258497037
own she,-0.06397191956241387
own skin,0.024659381812737226
own space,0.10801273548931259
own that,-0.019914479723701035
own thing,-0.010907829383260726
own to,-0.10502383852146886
own together,-0.03172256879923077
own up,0.08438641640073555
own way,-0.07948114017543555
own words,-0.05435111595233295
owned,0.027850826871554785
owner,0.029238637263298624
owners,-0.1532622283996039
owns,0.12591352541186848
oxygen,-0.1327996441954137
pace,-0.23053673306445577
pace and,-0.08972236572704079
pack,-0.052144515471289926
pack and,-0.01497774063386486
package,0.06771472926360915
package of,0.020068502247650274
packed,0.24660012372880946
packet,0.008460133562009715
packing,0.10931795633326875
packing up,-0.006835420282363831
pads,-0.009000388559131349
page,-0.2741763578042787
page asking,-0.04457371702293766
page is,-0.06417057000977755
pages,0.04199600966220791
paid,0.16601624118894323
paid back,0.029772494214317612
paid for,0.05950534676264769
paid off,0.014571430798003712
paid until,0.06486640445886185
pain,0.5979094339898468
pain am,-0.012175423988275076
pain and,0.11746631805904592
pain but,0.019027371991672728
pain for,0.13264681381252483
pain he,0.07478036150373839
pain in,0.084182547546984
pain it,0.07903802513124897
pain or,-0.04103580671720267
painful,0.3118268784103213
painful and,0.1283322941942247
painful don,0.05760013478354984
painless,0.14405511011307837
pains,0.13506229576027035
pains and,0.08804261985216631
paint,-0.13793330467792095
paint picture,-0.06262408064630544
painted,0.0036892125136764654
painter,-0.06262408064630544
painter just,-0.06262408064630544
painting,-0.15186704487292438
pair,-0.078590373950174
pair of,-0.08777440656182937
paired,-0.10657863711998808
pairs,-0.06536716504811022
pairs of,-0.06536716504811022
pale,-0.062469237079352216
palpitations,0.02451832368229398
panhandling,-0.07949756515344922
panic,0.7654608061519592
panic and,0.13369347092160516
panic attack,0.4587785321672541
panic attacks,0.5235444270690153
panicked,0.11123424210685386
panicked and,0.088890159261336
panicking,0.3311895427511083
panicky,0.211636939350216
pantry,-0.046555011461957466
pants,-0.05044065752234929
pants and,-0.006524544785279627
paper,-0.0052445452029429955
paper my,-0.017654241993813536
papers,-0.024243531488506977
paperwork,0.06092941091808298
par,-0.08344381894178521
par with,-0.10615913170465185
paradoxical,-0.04949784213867973
paradoxical intervention,-0.04949784213867973
paralyzed,-0.10358916351864027
paramedic,0.020674288318651184
paranoia,0.13552268972402476
paranoia that,-0.012134755661103823
paranoid,0.2764634523631531
paranoid about,0.08321970197964222
paranoid and,0.06314313712683388
parent,-0.1267551751505
parent and,-0.08773164850341451
parenting,0.022974819903591924
parents,-0.24431201481719472
parents and,-0.08415425950761979
parents are,0.18979094659218362
parents booked,0.007842962414851684
parents but,-0.011249977870210726
parents can,-0.04168903057134248
parents don,0.040480674692436866
parents for,0.10135838533981104
parents have,-0.132353109420622
parents house,-0.0546812506136667
parents or,-0.1525873689894149
parents parents,0.08391628560937228
parents place,0.005062168062213621
parents take,0.021368657633171514
parents they,0.1865361580179578
parents were,-0.1840925042673319
parents who,0.0681768054550778
parents would,-0.08897643224372533
park,0.06642605162279011
park and,0.0044108590209416265
parked,0.011129060662614237
parking,-0.06372788539881295
parking lot,0.04319609046591496
paroxetine,-0.014448858164227897
part,-0.058618200751444034
part and,-0.10365169884847938
part because,0.08036355920415
part but,0.10476589480411659
part due,-0.016464859521608793
part is,0.2069125412483346
part isn,-0.10508423983259547
part of,0.21434224006660407
part time,-0.11194070158767454
part where,-0.04949784213867973
part with,-0.0012339024096511442
partial,0.12404061425344523
partially,0.021855625213806473
partially for,-0.04989070848110661
participant,-0.0032183295375646
participants,-0.07897161404338474
participants who,-0.04889274569267998
participate,-0.3370755248980879
participate again,-0.03632146800876842
participate in,-0.2083220462191317
participate it,-0.020430901918932813
participate to,-0.043742767955615464
participate you,-0.04509382103789202
participated,-0.03632146800876842
participated in,-0.03632146800876842
participating,-0.0469369331995487
participating once,-0.04889274569267998
participation,-0.15264160704049518
participation at,-0.04457371702293766
particular,-0.1740437487222051
particularly,-0.14415071975236787
parties,-0.0018161259278347069
partner,0.13179343983355965
partner and,0.10955238982886072
partner in,-0.012384422425289865
partner is,-0.02712996618271407
partner of,0.03091870632100797
partner to,0.08320084792678524
partner was,0.1025104533306161
partner who,0.07960971380939344
partners,0.2101941600242942
partnership,-0.12801575741217877
parts,-0.30614418044088404
parts of,-0.053896584891334504
party,-0.13510060478601552
party and,-0.024043417354692426
party or,0.005437983887933388
partying,-0.06954481187770026
partying saying,-0.0605061454050651
pass,-0.05164625584789196
pass it,-0.02921530124171524
pass out,0.15424212491424552
passed,-0.18447530476338533
passed away,-0.018474868771789235
passed her,0.03415937446712224
passed out,-0.009030508293386481
passed the,-0.10132937690697819
passes,-0.031032711923676896
passing,0.01979333623697034
passion,-0.11711750617110135
passionate,-0.10647930417062106
passive,-0.13926542469738717
passive aggressive,-0.13926542469738717
passport,-0.058124717763495544
password,-0.02142401981019668
password to,-0.08026776840863614
past,0.967035784534969
past 15,-0.027955996401654772
past and,0.1441650162705366
past but,-0.033204546254554275
past couple,0.13702489796750594
past days,0.05176432687791989
past experience,-0.04740603619372108
past experiences,-0.048130276417102186
past few,0.06068064261012198
past he,0.14496351442843752
past it,0.08825139846563027
past month,-0.11373732468942233
past months,-0.023971674913805988
past my,0.025093411571846587
past or,0.002314451255405531
past relationships,0.01751631650122313
past several,0.12337891847681873
past summer,0.047737514063955426
past telling,0.07055767684545185
past that,-0.05138374812938306
past the,-0.12502327749199768
past this,0.08000135664972718
past three,-0.014566813315878223
past to,-0.0023687138123089473
past two,0.0042422802974588485
past ve,0.08176389676576519
past week,0.11445519416766194
past year,0.08395847192688898
past years,0.12423883205354384
pasta,-0.2073846841373009
patch,0.053938826262610415
path,0.02085477363786967
pathetic,0.21536487610137786
patience,0.11355798668082896
patient,-0.25354431335604355
patient and,-0.0789603618698298
patient perception,-0.04509382103789202
patiently,-0.03916526309084936
patients,-0.05789899902156276
pattern,0.1874560715668661
pattern where,0.04901612142058376
patterns,0.07660404599756322
paul,-0.09676224743845642
paxil,-0.09663411412457774
pay,0.26280425460960943
pay and,0.09504829673470266
pay attention,-0.02614385996196237
pay back,0.26182396192166785
pay bills,-0.04577767580993094
pay for,0.0629398787487545
pay him,0.06227347624448418
pay it,-0.06198858525982414
pay lot,-0.031453644070951955
pay my,0.06287712527332284
pay off,0.00339265183968729
pay our,0.0045557259052948305
pay rent,0.01078556408973051
pay some,-0.10304098497353366
pay the,-0.020728348988681485
pay them,0.04625060443976876
pay this,-0.0002405330698142243
pay to,0.0025542173148566986
pay you,0.1576851204096729
pay your,-0.09287867500570589
paycheck,-0.1704082284899843
paychecks,-0.04269956564042594
payday,-0.041568963472170005
payday loan,-0.012031841218487603
payday loans,-0.032429407612857675
payed,0.042256712797299485
paying,-0.0014296474360831327
paying for,-0.08082313219107286
paying her,0.021577774009021774
paying it,0.014311482809783041
paying job,-0.06655026477653447
paying more,-0.002709059506584159
paying my,0.10835993667119129
paying the,-0.01831516227460708
payment,-0.200567149854676
payment plan,-0.16668606021494184
payments,0.17661764251514503
paypal,-0.108252168439209
paypal and,0.06045636463975523
pays,-0.057269090318000516
pc,-0.16146700681078666
peace,-0.17596406533261402
peace and,-0.03822157011721522
peace was,-0.005424355112370787
peaceful,0.04716555315740535
peacefully,-0.12301885906223038
peanut,-0.18904742886081716
peanut butter,-0.18904742886081716
pedo,-0.11534273634754087
pedo had,-0.08377187272991754
pee,0.06915284116060606
peer,-0.12087440836141458
peer support,-0.09228366336779523
peers,-0.07014014628395131
peers and,0.004252887895176781
peers the,-0.11372431983094913
penis,0.020551215384517263
penniless,-0.07399448660838755
penny,-0.05763617474191924
penny to,0.011521741001228235
pent,0.05401495851918448
pent up,0.05401495851918448
people,-0.6428131760186323
people 18,-0.05581193537247974
people about,0.03443333857150732
people across,0.009295872191901677
people actually,0.07422258633838577
people and,-0.2393526013788167
people anymore,0.07031608516676077
people are,0.04281182710082112
people around,-0.16587975114548126
people ask,-0.07821898209319156
people at,-0.10272441597795555
people but,0.1222537695333148
people can,0.03509047232027997
people come,-0.134718825256825
people days,0.0028593566034557137
people dealing,-0.10053370347335165
people do,-0.09358750771857237
people don,0.0319179103531139
people during,0.026058104441414962
people for,-0.08148755926452977
people from,0.05861252091099904
people go,-0.006447203050816331
people have,1.5516685596547936e-05
people having,0.057318644440471286
people here,-0.017362475113654498
people if,0.07117928002224473
people in,-0.07450117050425625
people it,0.1124992693750782
people just,0.07686225152690544
people know,-0.11916243656498661
people like,0.002139646931348635
people may,-0.08759634026790976
people my,-0.06596685476707864
people not,0.06382427973015502
people of,0.13374678626454728
people on,-0.1429171735155068
people or,0.07264142590446021
people out,-0.063561809440205
people please,0.0028364275856509326
people say,0.0019367484097439131
people saying,-0.016744725823511268
people she,0.015108027788314108
people since,0.07062321377539472
people so,-0.050307490642725265
people spend,-0.04361458378108298
people stories,-0.039640081437487575
people suffering,-0.07970693684836339
people talked,0.003579023059976493
people that,0.025364872961285166
people the,0.15093098239560215
people think,-0.02606369778036046
people thoughts,-0.12277243477012639
people to,-0.2601636073938181
people too,0.007795892883259726
people trying,0.023001410314959767
people ve,0.09736376462500648
people was,-0.00465241238794449
people we,0.12053845144411032
people who,-0.22178422574131523
people why,0.06700273882317134
people will,-0.07056731713983481
people with,-0.19820854192280246
people work,0.07778727065834908
people would,-0.07689066509515434
per,-0.10867613614638626
per month,-0.012516709518304352
per week,-0.004198905278916455
perceive,-0.0005929066463027338
perceived,-0.13627415901959905
percentage,-0.08918961155032736
perception,-0.11115484545861355
perception of,-0.06604169352608498
perceptions,-0.08193622421755242
perfect,-0.29504833305158895
perfectly,-0.0004923491683224164
perfectly calm,0.11103867784118913
perfectly fine,-0.08422808686810977
perfectly normal,0.11398813733782909
perform,0.08080949195870127
performance,0.0034629269701844777
performance but,0.05411245080730281
performing,0.07662412145819891
perhaps,0.1254076913765426
period,0.04458233943349747
period and,-0.008198029938996858
period in,0.012629119371264532
period of,0.0748712456915663
periods,0.02635176926421803
periods of,-0.02835335911317167
permanent,-0.1498786281381668
permanently,-0.006681553952523306
permission,-0.023428554855958378
permission to,-0.0719236344199794
person,-0.7203407967445833
person am,-0.014738675780403686
person and,-0.054891617222861525
person but,0.03454265801542317
person can,0.020314430956224174
person could,-0.0740067025765584
person doesn,-0.07874880804929453
person ever,-0.14174077665629944
person for,-0.03620771489446549
person group,-0.06326174345795864
person he,0.020339266935765318
person hope,-0.050799442499433155
person in,-0.18022565916866876
person involved,-0.02907302468965904
person is,0.039347399148862275
person now,-0.052806254202973496
person on,-0.10196178095584947
person or,0.0004486954269263734
person seeing,-0.08355812590917741
person she,-0.061090343619156856
person that,-0.1386821214781703
person the,-0.0045353455218940615
person to,-0.050393147505779376
person ve,-0.030400073739551548
person was,0.05135380469821464
person which,0.0013293440644734473
person who,-0.12903691399778508
person with,0.010932634846430011
person would,-0.16281776730147546
person you,-0.109246646351134
personal,0.019062792660020797
personal and,-0.017413159272108465
personal care,-0.06946030097997852
personal experience,0.07717833048425296
personal information,-0.006968204420208944
personal loan,0.08825876474238369
personal reasons,-0.0037605871514849966
personalities,-0.11681215352865405
personality,-0.05000226593484437
personality and,-0.07207383896211336
personality but,0.07335657775739345
personality disorder,-0.06858157545384314
personality disorders,-0.09202880549249741
personally,-0.2733246965066603
personally and,0.05660576349942379
perspective,0.0024316676103536923
perspectives,-0.06684374840335303
pessimistic,-0.029507404173451414
pet,-0.08136907859646426
pets,0.11867732710574273
petty,-0.1149984410535645
pharma,-0.1216479724789027
phase,-0.17157003338824028
phd,-0.06255609581337508
philosophy,-0.10258147615289212
phobia,0.16712219963404654
phoenix,-0.07396005858193277
phone,0.12060214427327816
phone and,-0.016803323263132663
phone away,-0.017968607443426498
phone bill,-0.01168004098878438
phone but,-0.09979229594865754
phone call,0.022020775662466588
phone calls,0.05043143104876153
phone even,0.005994558322739995
phone every,-0.06053267272548861
phone he,0.07487031985152051
phone helping,0.029265884242114903
phone in,0.10901733352630465
phone my,0.0026061914249319923
phone number,0.0030777340214389825
phone or,-0.005551697781068274
phone through,-0.10739386631590844
phone to,0.12288645546466498
phone was,0.008618522998070399
phone with,-0.1265531872221162
phoned,-0.025064880980836503
phones,-0.05596501718755737
photos,0.16722176902760272
photos and,0.13133080479151277
photos of,-0.018417568649234897
phrase,-0.25297360316209
phrases,-0.029246383977274103
phrases like,0.008810115372977923
physical,0.22400590234879306
physical abuse,0.09916187758398634
physical and,0.0793049681927271
physical contact,-0.07622317889399224
physical health,0.012112633021376468
physical pain,0.06791691199146804
physical symptoms,0.14941605871210384
physically,0.4246044986503456
physically abused,-0.0013259758017966576
physically abuses,0.0517720924931412
physically abusive,0.14731472176381408
physically and,-0.011878305442805659
physically be,-0.08326151680856499
physically but,-0.01321111886754658
physically exhausted,0.11111324889805997
physically sick,0.08239160968186159
physically violent,0.08635648027000543
physiologically,-0.05573106564087658
pic,-0.03162127713723087
pick,0.07098914994633795
pick him,0.051180324107898315
pick me,0.06777306234144677
pick up,9.840335890401972e-05
picked,-0.01552299875309832
picked up,0.0026384088443292897
picking,-0.02947919991792961
picking up,-0.08294832693441619
picture,-0.3130998713603905
picture but,0.07564340733395154
picture for,-0.06262408064630544
picture of,-0.1492263991677464
pictures,-0.1740145859572018
pictures of,-0.052493260359141265
pictures ve,-0.05427865834755191
piece,0.02285667709551233
piece of,0.08440351436553029
pieces,0.19296142163907018
pieces and,0.08865822724464914
pieces of,0.07185097257006375
piecing,0.07061226407721445
piling,0.09565302779807672
piling up,0.06820312789893036
pill,-0.15168569068779578
pillow,-0.1998666618686038
pills,0.1858832899272342
pills and,0.12054572351750827
pills that,-0.026527264810747173
pilot,0.11204579335976768
pilot and,0.11204579335976768
pin,0.017488645050864456
pinned,0.053524481003673685
pinpoint,0.09091444417215015
pipes,0.07403466230731502
piss,-0.008599222775867896
pissed,0.2516838292869579
pissed off,0.1084694477269544
pit,0.04522348566334599
pitch,0.046527923001424346
pity,-0.0606191755518874
piv,-0.06615629839693876
pizza,-0.2170192378216075
pizza with,0.03762831179572155
place,0.182086730190982
place and,0.11531906746247515
place any,-0.014765250512350636
place as,-0.10120370394842841
place but,-0.012863543194611127
place for,-0.33267555733631493
place in,0.15012593739441177
place is,0.04852780708892389
place like,0.04966748364956834
place my,0.08137990711715613
place now,-0.11318795367689413
place of,-0.15817937698755838
place on,-0.025918082028314405
place or,-0.016962097604126043
place she,-0.10419218065939832
place so,0.06905651159977035
place that,0.016463328412809862
place the,0.015631575405458124
place to,0.2814778227874705
place ve,0.07379479941383113
place where,0.11526454139030423
place with,0.05373717363369298
placed,0.18714843086773786
placed on,0.12892992653741517
places,-0.08564246738883878
places and,0.025961927438327027
places but,-0.009960427722735752
places don,0.0398086991037596
places to,-0.12282954823826991
plagued,0.10952680543160426
plagued by,0.06810676411910868
plain,-0.00043613326105594895
plan,-0.2526660513426664
plan and,-0.1457254506861085
plan but,-0.028496786635752683
plan for,-0.039820715434609334
plan is,0.11758862286963447
plan on,-0.12704865029622534
plan so,-0.030219944674429705
plan to,-0.03067609814588961
plane,-0.0766055033744691
plane tickets,0.02809359284060238
planned,-0.05218790444739915
planned for,0.02999382377104411
planned to,0.004414329683060576
planning,0.1797516896292779
planning on,0.01931024921088728
planning to,-0.004916387698062183
plans,-0.11934325060507697
plans to,-0.0711513981454514
plans with,0.03103632965404015
plant,0.02255658385588277
plasma,0.12348649067425745
plastic,-0.08101365556836118
plate,0.1387397386549337
platform,-0.1840772888961743
platform for,-0.061797903252555374
platform with,-0.03172256879923077
platitudes,-0.035125983727739785
platonic,-0.08516879659284542
play,-0.11592063916934126
play it,-0.011478448072126337
play on,-0.14080435731368227
play with,-0.10848155372052325
played,0.13391707791806315
player,0.02593506805089039
playful,-0.12215877650458669
playing,0.02008936767357376
playing games,0.07721650262082554
playing with,-0.07917028197423741
plays,0.028135446280997796
pleading,0.05872432287420467
pleading for,0.01107407339700825
please,-0.2514425978644219
please ask,0.07374876182331995
please be,0.0019471132309116996
please can,-0.016810461007826606
please click,-0.07528219099714044
please consider,-0.05544524315979512
please do,-0.12414443346476008
please don,0.1404372197561766
please everyone,-0.008969557800653977
please feel,-0.11467410669314053
please forgive,0.1041700498726089
please get,-0.022209497102554654
please give,-0.0898550321875803
please go,-0.049372993560963606
please help,0.23193624984091218
please if,0.01228930924711684
please include,-0.13223026125895296
please iso,0.08580513407427554
please let,-0.1775809294331709
please need,0.07731967575891996
please note,-0.060765713449633454
please pass,-0.02921530124171524
please select,-0.02921530124171524
please send,-0.08193314871385253
please share,-0.17614493431360098
please take,-0.10037443505222582
please tell,0.0872031446592217
please treat,-0.08875167201691944
please use,-0.06957693334042768
pleasure,-0.048408886153550386
pleasure __who,-0.03543990645231114
pledge,-0.10961465277303542
plenty,-0.1372966301344629
plenty of,-0.1372966301344629
plus,0.275873622736091
plus know,-0.07996473371485904
pm,-0.05075941547684778
pm me,0.04378293263065639
pm you,-0.07250161759076326
pocket,-0.02715346989234294
pocket for,0.006808004960957277
point,0.37153837870442497
point and,0.036008050957413544
point but,-0.10916459348372351
point can,0.0532151203301682
point for,-0.016635665268098593
point home,-0.10911800070037934
point in,0.058365468511879896
point is,-0.022666932375557704
point it,0.07685410346665848
point just,-0.01911802066848203
point my,0.11548176334139958
point never,0.0674260766758296
point now,0.05105523177978993
point of,0.07667120567520877
point one,0.07210812631152944
point out,0.006882351333711969
point so,-0.14369943806172913
point that,0.07768049876166884
point the,0.020339785366738486
point to,-0.0065919242617119645
point was,-0.1719794991558163
point we,-0.08853525711703837
point where,0.1563226214939014
pointed,0.024245925632012923
pointing,-0.0005264696517826694
pointless,0.12699598021957195
points,-0.2672484893967595
polar,-0.07581039157409239
polar opposites,-0.07581039157409239
police,0.41343163582255754
police and,0.009017682020338248
police are,0.047811036429762234
police came,-0.10628571810969499
police got,0.011696082424091191
police report,-0.08133824696130189
police station,0.07223182641610293
police to,0.12748424410777437
police were,0.07156651108426529
policies,0.08035494152987338
policy,0.08928174542178301
polite,-0.03284423986120617
polite and,-0.05706004227818832
political,0.07687396193589996
politics,-0.02533682316533015
politics and,-0.0019573031702958842
polyamorous,0.024778742096277364
poodle,-0.024463975733562727
pool,-0.18605443370266334
pool and,-0.08890535853472929
poor,0.26666185992534
poor financial,0.11685054347986112
poorly,-0.013321777013482921
pop,0.13208953653340655
pop up,0.042620791401599294
popped,0.1855459046099257
popped up,0.12126675842782741
popping,0.13779943404164458
popping up,0.07596520501623792
pops,-0.09651312693689308
popular,-0.2336854537112588
population,0.0066920412551831655
porch,0.13985892071290942
porn,-0.04141520216006127
pornography,-0.0148608267674677
portfolio,-0.07860010665915203
portion,-0.0018008231795798595
portion of,-0.0018008231795798595
portray,-0.07479368962292023
pos,0.0975693504998266
pose,0.0689829445990218
position,-0.029027227101698215
position to,0.08332875156678755
position where,-0.17720712210255235
position with,0.10653682114648774
positions,-0.05392077176622442
positive,-0.16395251828407018
positive about,0.05841502559212138
positive regard,-0.04949784213867973
positive the,0.0275587106047362
possession,0.03352193921206514
possessions,-0.017088567767033276
possibility,0.052440580843776834
possibility of,-0.07265779337289267
possible,0.08481635438772564
possible and,-0.005485104725048379
possible but,-0.02711019586137638
possible dealing,0.08580513407427554
possible for,-0.09115807454916844
possible in,-0.010025303258926189
possible looking,0.08580513407427554
possible that,0.16813070874959732
possible to,0.09994368163165845
possibly,0.35249183264523887
possibly the,0.08810503344793166
post,-0.5379069373715418
post about,-0.08850842106010255
post anything,-0.10919375267823334
post but,0.12857066435987602
post can,-0.039640081437487575
post don,0.05143620393590218
post for,-0.141435612511505
post have,-0.10124669959759573
post here,-0.022338923502188766
post if,0.012871222296974344
post in,-0.0029793991813227734
post is,0.08254804536039916
post it,-0.20667349765235232
post just,0.00875341304632263
post my,0.01908570187325052
post on,0.1607177989622966
post really,0.12533870758994836
post this,-0.12308482303814743
post tl,0.04438176447421569
post traumatic,-0.10651072414648252
post was,-0.05977559851778839
post what,-0.08769718232926899
posted,-0.3515972112641205
posted about,0.008686468288662624
posted here,0.021299196105451577
posted in,-0.042271729669337774
posted it,-0.036848047051413396
posted on,-0.10876617305866201
posted the,-0.06837464188351285
posted this,-0.19659435176768253
posted to,0.011686349467238661
poster,-0.06598419053959162
posting,-0.3690259600593176
posting here,0.09892833906257195
posting in,-0.12739716840396004
posting it,-0.1595625795189919
posting on,-0.09039366326938988
posting something,-0.10322334427504089
posting this,0.006153066825355519
posts,-0.21692464201603537
posts and,0.012661826588515187
pot,-0.06815385053709576
pot and,0.08265511106306123
potential,-0.21776598192731678
potential new,-0.023221322507280213
potential of,0.02403895904003585
potentially,-0.08259481470116667
pots,-0.13539538608141188
pound,0.11310513786986409
pounding,-0.0424040919796304
pounds,-0.031445321641544545
pounds and,0.06622875414219666
pouring,0.08119248910782291
poverty,-0.01451881202418832
power,-0.18163921979423506
power of,-0.06979953749755441
powerful,-0.11031250355720366
ppd,0.012809380363507329
ppl,0.12139814242498893
practical,-0.020804429537658268
practically,-0.05233945452727056
practice,-0.01692256438146701
practice at,-0.07605681195887844
practising,-0.08885096242059036
prank,-0.049327893152780064
pray,-0.05439824465703893
praying,-0.03663298332486773
praying that,0.08462735001041362
pre,0.05112368819380598
precious,-0.08918686831855374
precise,-0.008595634479298456
precise retelling,-0.04989070848110661
prediction,-0.06655026477653447
prediction is,-0.06655026477653447
prefer,-0.11003906888042311
prefer to,-0.14082933106470452
preferably,0.09029736921729811
preferences,-0.04652611790591392
preferences among,-0.04509382103789202
preferences for,-0.07635047595098161
preferences is,-0.04509382103789202
preferred,-0.14334646510186555
preferred thanks,-0.06891734683509833
pregnancy,0.12701121092884626
pregnancy and,-0.07182363539978853
pregnant,0.10186998297556482
pregnant again,0.10691330503419942
pregnant and,0.1245816094827972
prepaid,-0.006431986637776539
preparation,-0.10210648385838016
prepare,-0.017345207649871686
prepared,0.13762242039618303
prepared to,0.07369738590417357
preschool,0.03840837847428175
prescribed,0.15701209909284655
prescription,-0.26266055569850316
prescription for,-0.1728536107880299
prescriptions,0.08053519378853465
present,-0.2816755749113746
present and,-0.08024928628101351
present at,-0.05581193537247974
present day,-0.07798655069752186
present or,-0.03172256879923077
presentation,-0.02882124883544593
presented,-0.0507102960608974
press,0.22587798880045
press charges,0.1775864518898464
pressed,0.0864583372865433
pressing,0.0796663719187238
pressure,0.24961179536288006
pressure like,0.11141185109494274
pressure on,0.10651785165577725
pressured,-0.019442499123263842
pressured me,0.007936050766131814
pressuring,0.04105125995983504
pressuring her,-0.005464599255983965
pretend,0.056286931792710805
pretend to,0.013478746696879127
pretending,0.06615279010906686
pretending to,0.06250213506142965
prettier,0.1466000547078682
pretty,0.07249032072691212
pretty bad,0.15454977953271876
pretty badly,0.0007435487949844252
pretty clear,0.09361800708741096
pretty damn,-0.06363884264461467
pretty easy,0.10340740583297786
pretty empty,-0.03907357267459493
pretty fucking,-0.1042896568002708
pretty good,-0.10271636211446018
pretty much,0.16445265918094193
pretty normal,-0.017995168571355302
pretty quick,-0.06968981003625933
pretty quickly,0.10914806956943093
pretty scary,0.09126048221194641
pretty shy,-0.07062140590698587
pretty sure,-0.08062137786777691
pretty well,-0.07917411476167632
prevent,0.05930393482404089
prevents,0.10109174014996108
prevents me,0.10109174014996108
previous,-0.0891625364968465
previous relationship,0.0702745591870934
previous relationships,-0.0708054228211192
previously,-0.32904070070778985
previously been,-0.060890165103624695
price,0.08793759244411233
price for,0.10122503191073234
price range,0.1303774272371166
prices,-0.24534044339166153
prick,0.07345207767388164
primary,-0.06421232105448996
primary caregiver,-0.059075232664663496
primary concern,-0.08847725948363468
prime,-0.0988766661335242
prime pantry,-0.0988766661335242
principles,-0.0026330225839272877
printed,-0.018249939918985113
prior,-0.16997058748344013
prior to,-0.15987327541797183
priority,-0.03662046835888268
prison,0.19898288061480293
prison for,0.04006621485836046
privacy,-0.08682051516743862
private,0.03600650423494097
private bathroom,0.0657359134608534
private message,-0.14986275480840403
private thanks,-0.039640081437487575
prob,-0.0033023917454337963
probably,0.23508816304861402
probably around,-0.09001015216592198
probably be,0.03507987388210991
probably end,-0.0031227543583078705
probably get,-0.13614696291227557
probably going,0.08137360210019852
probably have,-0.03824445558118669
probably not,0.10448494900002855
probably still,0.0651713697530105
probably the,-0.039419659546087164
probably won,0.11644322726662512
probation,-0.22872018771796712
probation and,-0.08058554169819096
probation but,0.07176706796689081
problem,0.01917696349794188
problem and,-0.021101884367672148
problem at,-0.04686386015366446
problem child,0.05073794400822373
problem for,0.061145599065022274
problem had,0.0005432129157465894
problem has,-0.020948343820427064
problem here,0.10732396932315477
problem in,0.08221883766553088
problem is,0.13593806714983675
problem of,-0.14821848164760953
problem she,0.12146098754970294
problem to,-0.007837065973821042
problem we,-0.015433506925193723
problem with,-0.15157993697304856
problems,0.256772721989834
problems and,0.009442334385861787
problems as,-0.07815336070579115
problems at,-0.11679770409698584
problems but,0.07060603861625041
problems for,-0.0044611991692717415
problems have,0.015889368661096536
problems if,-0.06912447939157552
problems so,0.08695123331690943
problems started,0.09541700081327989
problems with,-0.12403868304348935
procedure,0.013927428235730052
procedures,-0.10243736281748628
proceed,-0.014148953821787505
proceeded,0.03011673453453379
proceeded to,0.03011673453453379
proceeds,0.09844028246746515
proceeds to,0.09844028246746515
process,-0.06092474309898777
process and,-0.029727109937440085
process but,-0.004734524261214516
process of,-0.016042410437041785
process to,-0.01873357604779529
process works,-0.020430901918932813
processed,-0.004744222784798097
processes,0.10911244687038395
processing,-0.05453606448073281
procrastinate,0.05411245080730281
procrastinate everyday,0.05411245080730281
produce,-0.08317467861079503
produced,-0.058031318663859466
product,-0.08542178991712183
productive,-0.019949773835423002
products,-0.0013470565722935475
professional,0.058576365469364344
professional would,-0.039640081437487575
professors,0.04204737591181701
profile,0.04150502868762999
profit,-0.03220550999422197
profusely,-0.0210317396639507
profusely and,-0.0210317396639507
program,-0.015936517753808003
program that,-0.0565503671907377
programming,-0.07283324681515521
programming jobs,0.0657359134608534
programs,0.004629303310388001
progress,-0.09976859675310167
progress my,-0.11541136944953469
progress ve,0.042834080556412045
progressive,-0.024087901145757967
project,-0.266023259522987
project designed,-0.04509382103789202
project to,-0.11255985766286349
projects,0.14885105248460453
projects and,0.07614632075811453
prolonged,0.03708012851748889
promise,-0.04426611084076608
promise to,0.001987935825652754
promised,0.08163830722779608
promised me,0.11035713034812858
promised my,-0.038874132550958264
promised to,-0.04391862680750713
promising,-0.022365010048603928
promotion,0.011307887612074852
promotions,-0.07378535716214671
promotions in,-0.07378535716214671
prompt,-0.059463390423496826
prompted,-0.02921530124171524
prompted for,-0.02921530124171524
prone,0.06198187503080674
prone to,0.12333030057012007
proof,0.012872322789939047
proof from,0.025294322258858987
proof of,-0.10843525332572708
proper,0.18092649236150368
properly,0.026804887848270384
property,0.0947959420424425
property was,0.016934394476768012
prosecutor,-0.023985228183373047
prospects,0.1390662495383552
prostitute,-0.1346735919204394
protect,0.19490827882558528
protect her,0.09664444227706283
protect me,0.10455401620078685
protect my,0.003119901429489668
protect myself,-0.0612724470351059
protected,0.04258176003848745
protected thank,-0.020430901918932813
protection,0.0053806491954792625
protection and,-0.020430901918932813
protection order,0.015892787235709752
protective,0.04850903580988163
protective services,0.08987164599734228
proud,-0.287590152562029
proud of,-0.2046709716487924
proud to,-0.10837343743916415
prove,-0.04560421285758592
prove he,-0.023182982352871306
prove it,0.014863287570112267
prove my,-0.005742175117612807
proved,0.01614449215781316
proven,-0.08442323392233297
provide,-0.19130602781112405
provide and,-0.04457371702293766
provide any,-0.07598758361377517
provide for,-0.015950358912565403
provide some,0.004709795832947585
provide temporary,0.10448166008363653
provided,-0.26775472742758805
provides,-0.04858595063040538
providing,-0.10047525027922719
province,-0.12405084674865761
provoking,0.00035245548545372827
prozac,-0.0028094900067258937
ps,0.008598637509485156
pseudo,-0.039640081437487575
pseudo name,-0.039640081437487575
psych,0.24413281579804785
psych ward,0.1423412885690517
psyche,0.07704580068589671
psychiatric,0.014937023085178238
psychiatrist,0.005431326533226401
psychiatrist and,0.027166501545062324
psychiatrist who,0.026960603080557144
psychiatrists,0.015204606315705263
psychic,-0.061775803186551945
psychological,-0.07633460565142851
psychological abuse,-0.030131269232867942
psychologist,0.23536731468250732
psychology,-0.1548495815302747
psychology department,-0.04509382103789202
psychology then,-0.04949784213867973
psychopath,0.017587666226107187
psychosomatic,0.09631905077386191
psychotherapy,-0.03787892816390625
psychotic,0.03772318516897328
ptsd,0.10931677862041356
ptsd after,0.05433100145695075
ptsd and,0.03093174419797023
ptsd anxiety,-0.10041283172270193
ptsd at,0.052471128275711314
ptsd because,0.019271575421481633
ptsd but,-0.16427223180685546
ptsd depression,0.09658518680683603
ptsd due,0.030982221942859725
ptsd for,-0.012773075917395784
ptsd from,0.16508145110395206
ptsd got,0.073466065827493
ptsd has,0.05971934687212513
ptsd in,0.08435031783843328
ptsd is,0.023647572636598706
ptsd it,-0.05214707377464561
ptsd or,0.03629529542490935
ptsd service,-0.06294086098580161
ptsd so,-0.08537609421781574
ptsd sufferers,-0.10678796962034352
ptsd symptoms,0.03310690947335955
ptsd that,-0.08374860529914215
ptsd this,0.05746710991613905
ptsd though,-0.08400294247786401
ptsd triggers,0.07048669942361964
ptsd ve,0.14025532459381593
ptsd was,0.0637046004539276
ptsd when,0.012832828930495017
ptsd which,-0.043421362167295446
ptsd with,0.12713791162358065
pub,-0.04391152895848706
public,0.10810586715584376
public and,0.0386387624730984
public places,0.08562818662646722
published,-0.10449454148642366
published in,-0.0395484419386061
pull,-0.005560741798881589
pull me,-0.030278515878714704
pull my,0.07688626647699127
pulled,-0.14180065300583436
pulled out,-0.09935484367950109
pulled over,-0.01571072395396293
pulled the,-0.017288470573560824
pulled up,-0.08253419698837686
pulling,-0.08945855963364097
pulling away,-0.05359421701242277
pulls,-0.10698706078772763
pump,-0.005710972665173822
punch,-0.07280098719294457
punched,0.13140820241723272
punched me,0.09638436974607718
punches,0.054286854458788926
punching,0.03929869075460547
punching bag,0.14102042655075495
punish,-0.007773193129916195
punished,-0.09451788814808648
punished for,-0.12363953108950285
punishment,0.16873925391376948
punishments,-0.016630237030614337
puppy,-0.07834005648945945
purchase,-0.21124484520204398
purchased,-0.07418515250193027
purchasing,0.007916602164776246
pure,0.11637820415137089
purely,0.00025127534342310215
purely anxiety,0.07727780395811117
purple,-0.09987570828232686
purpose,-0.06191625297513987
purpose of,-0.0485460695661809
purposefully,0.059932463986349084
purposely,0.042750382471302674
pursue,-0.24181383493819847
pursue my,-0.09991767401235677
pursued,-0.08483080088441491
pursuing,-0.0618184882235831
push,0.05822592497268839
push her,0.03939900481449949
push him,0.11369868130334237
push me,0.004214758345109704
push the,0.09503574752298953
push to,-0.0012339024096511442
pushed,-0.05293909527659206
pushed back,-0.04176420747114887
pushed him,0.027498155578686304
pushed me,-0.11834690585427846
pushed through,0.09313426122142597
pushes,-0.04818904174441174
pushing,0.14438777843126224
pushing her,-0.08067646267198193
pushing me,0.19988031311982352
put,0.15348863840270327
put all,-0.052354229946657886
put an,-0.015158803532333991
put any,0.07783777890952366
put her,-0.027215046998400105
put him,-0.10968722562410907
put his,0.04621549848826705
put in,0.05377003106065041
put into,-0.007459670563038626
put it,-0.09592994061781869
put lot,-0.1427916069526705
put me,0.27539358147530085
put my,0.14694881268924442
put myself,0.10195521812525729
put on,0.1359607542234439
put out,0.006434184760198129
put that,0.008698968073243097
put the,0.00546452713870139
put this,0.029482240297605964
put up,-0.048252651043718335
put you,-0.020802778690612218
put your,-0.07295219011209678
puts,0.028773396448279732
puts on,-0.010964529860086515
putting,0.016857883507200133
putting in,-0.004644402452514479
putting it,-0.00011207433243417804
putting my,0.0668421092303152
putting myself,-0.024136559480132307
putting off,-0.0067394569763883265
putting pressure,0.09284123241286732
putting these,-0.11315501122039578
putting up,0.0021933409078798856
qualifications,-0.0709186091848005
qualify,-0.24561054724981624
qualify and,-0.04889274569267998
qualify for,-0.18473089003757961
qualify you,-0.03571177968025058
qualities,-0.03025975583623188
quality,-0.15540422941995843
quality of,-0.04751339276372298
quarter,-0.038169040287228055
question,0.1805983603028584
question and,0.07466750854763118
question because,0.11017235702949568
question is,-0.013911856919229504
question it,0.14980322651052205
question my,-0.026917884396048832
question of,-0.0046073357756246745
question to,-0.06042560697189083
questioned,0.03125352992473297
questioning,-0.0843037745063635
questioning my,0.0818147921319103
questionnaire,-0.0613260651146447
questionnaire to,-0.04889274569267998
questionnaires,-0.06466630135813711
questionnaires online,-0.03571177968025058
questions,-0.3465424342414717
questions about,0.10134221057548794
questions and,-0.06324818380293164
questions are,0.06896846385070854
questions asked,0.10524781098223898
questions but,-0.05905623753096028
questions in,-0.07481921112773088
questions please,0.02847633863307709
questions that,-0.055211081681451855
questions to,-0.01976580891324112
questions you,-0.12651997909685325
quick,0.11967643184761782
quick and,0.11134730987459023
quick update,0.021728461100492157
quicker,0.09657011188921748
quickly,0.07052980708671368
quickly and,0.10148068919717049
quickly as,0.010275904650034506
quickly became,-0.05190407252285924
quickly got,0.002892863050300277
quickly think,-0.03764582090144781
quickly turned,-0.09357300234199484
quiet,0.16153162477915356
quiet and,0.09225439016668512
quiet down,0.06872320820417814
quiet that,0.09279274448132428
quietly,-0.015203826688471443
quit,0.00012773264443304792
quit my,-0.12785705018347435
quit smoking,-0.027777689744778376
quit that,-0.010538348287890296
quit the,0.016636157178664283
quite,-0.2933000198105389
quite awhile,-0.00609940407213781
quite bit,0.006776159825858455
quite few,-0.1444370582162249
quite high,-0.0008014079382768431
quite lot,-0.00797146735458298
quitting,0.005304702351820496
quiz,0.0874189977376564
quote,-0.06592541742139188
quotes,-0.16699128359694942
rabbit,-0.04284432560766434
rabbit hole,0.09222728873193799
races,-0.01716752185928752
races and,-0.05217216265355329
racing,0.19294686750320866
radiator,0.004395876258181073
radical,-0.024335391599197415
radical genuineness,-0.04949784213867973
radically,-0.04949784213867973
radically accept,-0.04949784213867973
radio,0.12420188147058912
rage,0.1577367220361916
rage and,-0.01808993169205831
rage at,-0.03328947890368943
rain,-0.07549089914740417
raise,-0.09563861498402064
raise awareness,-0.04100630167355072
raised,-0.21493057453387168
raised my,-0.08687184494082677
raises,0.014091491216917856
raising,-0.17191909092463897
raising and,-0.04361458378108298
raising awareness,-0.03172256879923077
rambling,0.18334459268236308
rambling just,0.05720865009869228
rampant,-0.09043244818717405
ran,-0.05941148770100896
ran away,-0.034716908153201
ran into,0.04525867339800479
ran out,-0.08217365913566928
ran to,-0.03088106951193528
ran up,-0.054225929877401706
random,0.07889094666006431
randomly,-0.058166342106087565
range,0.13519154012061826
rant,0.18059540367044855
ranting,-0.09459367322962009
rape,0.3618169364009638
rape and,0.0808067604071978
raped,0.26899871034713474
raped by,0.1300655980386975
raped me,0.06979427441165591
raped on,-0.04949784213867973
raping,0.09860353713600804
rapist,0.004869012649441714
rapists,-0.03415775776319461
rare,0.002222239200847903
rarely,0.17486968859858792
rate,0.1921108490323752
rate and,-0.01688724604923726
rates,0.1092239444409263
rates of,0.05309975533413336
rather,0.16329335762007036
rather heavily,-0.07467062158408601
rather just,0.017432731560555397
rather not,0.004495383027270116
rather than,-0.03657536786725007
rating,-0.11984386029535526
rational,0.06327474489655208
rationally,0.16454367757363533
raw,-0.0177901428026369
re,0.38843074334104044
re all,0.13431679127036164
re being,0.07458094849234399
re booking,0.02809359284060238
re both,0.041692144207674385
re close,0.013486976327229819
re comfortable,-0.07055991138063047
re disgusting,0.09019608908903212
re doing,-0.10172152838320382
re going,0.08381793519186405
re gonna,0.07358475292070009
re having,-0.05373665563807445
re homeless,-0.06537356228049755
re in,0.03907011832545663
re interested,-0.06210805232320371
re just,0.14886446483369353
re like,-0.013290899588930682
re looking,-0.06624069523424163
re losing,0.22703670900602982
re more,-0.05059635090132346
re not,-0.07551608160348161
re probably,0.12741169262602295
re reading,-0.09493812158758855
re really,-0.1615155886424879
re so,0.07632523542764832
re still,0.12503633276496118
re struggling,0.10516925898723045
re talking,-0.10445817891699115
re the,-0.12192498117533415
reach,-0.15051899783469072
reach out,-0.07632750561463422
reachable,0.055291654660498506
reachable and,0.055291654660498506
reached,0.07214557793695689
reached out,0.1635669301368866
reaching,0.11516891562496728
reaching my,0.014256136275117856
reaching out,0.14220801863019386
react,-0.1792125181330232
react but,-0.07867124655111639
react to,-0.025690286609685465
reacted,-0.02718806030836066
reacting,-0.004089274767443977
reaction,0.23453961344596594
reaction is,0.06565049841611804
reaction to,0.11545247275438938
reactions,-0.11884873446908689
read,-0.22092480158501288
read about,0.14413660847479912
read and,-0.03172256879923077
read it,-0.06428656621029818
read my,-0.011683673124271326
read of,-0.03172256879923077
read that,0.016466593254819202
read the,-0.052903895797348575
read their,0.006054782879794224
read them,-0.020831535280860312
read this,-0.02519766892332127
read through,-0.04540698148277734
reading,-0.07953230492001653
reading about,-0.023569645993864168
reading and,-0.14103475131742607
reading but,0.06155536562665196
reading more,-0.019456428156619306
reading my,0.17966188859042528
reading or,0.01190183386868973
reading other,-0.052473188428080235
reading the,-0.07427828655315835
reading this,-0.14381029727295347
reading through,-0.09608188450453413
reading what,-0.09963921058721692
reads,-0.20181828662451026
reads this,-0.10736873673095255
ready,-0.4081519135857007
ready for,-0.006795505577575555
ready to,-0.32780682585465876
real,-0.1801364130779661
real and,-0.035772753838871546
real art,0.05502035680144404
real he,0.010839897904727024
real life,-0.07547218036698865
real problem,0.08555010816159307
real reason,0.0603786685073811
real thing,-0.11850101050057252
real world,-0.07442259894449288
realise,0.0704861303126243
realise that,0.071821417883104
realised,0.18650351557835818
realised how,0.03612309811660836
realised it,0.1032098154308365
realistically,-0.11735246373044599
reality,0.10410732460027644
reality and,-0.08394532063105548
reality is,-0.1025585078611733
reality it,0.07928074189095392
reality that,0.0882865606362473
realizations,-0.10743380625923286
realize,0.07025874017386
realize how,-0.028240127990960175
realize that,-0.13352109825479164
realize the,0.02187638597635472
realize there,0.07727468095278668
realize this,-0.11105976425472128
realize was,-0.005701479145827402
realized,0.0672330861821448
realized how,0.07524107157487508
realized it,0.11220191482254832
realized that,-0.11051542368728666
realized the,-0.055847467701338686
realized what,0.06424077887197896
realized would,-0.07943371729929555
realizes,0.06347497547124788
realizing,0.10924619361509529
realizing how,-0.09161542894798229
realizing that,0.1688460363734411
really,0.13401131981036313
really affect,-0.002617615979914247
really afraid,-0.07897677755508813
really am,0.05688878158505391
really amazing,-0.07931055650765728
really anxious,0.06695373505147868
really appreciate,-0.1356511963064792
really appreciated,-0.0656010125678376
really at,0.003072239465541864
really awful,-0.0008191145737307606
really bad,0.2155161131468333
really be,-0.03111589274218233
really been,-0.06384179366791676
really big,-0.02557354163102491
really busy,-0.025471918297474402
really came,0.02318363283101689
really can,-0.08133127343280591
really close,-0.06586050000236505
really concerned,0.01725714903926527
really confused,0.025316044587789653
really couldn,-0.022393091319375155
really depressed,0.040674749095973364
really did,-0.09866316509294597
really didn,-0.1325701921761115
really different,-0.10676827127316349
really difficult,-0.003908779885497099
really do,0.057720020237477104
really does,-0.03686410480924339
really doing,-0.0031327165119446458
really don,0.23693000647550588
really done,-0.046538096283102244
really easily,0.07298331163305592
really enjoy,-0.11535535043220357
really enjoyed,-0.09142306018273338
really excited,-0.009915380606927995
really fast,0.00552960532708112
really feel,0.12568513930797406
really feeling,0.005912656078913272
really felt,0.0010307271701996876
really focus,-0.11877449794763846
really fucking,0.032296390971531176
really get,0.03892565256002292
really go,0.059172417203212306
really good,-0.053982779788640314
really got,-0.07918180672025478
really guess,-0.003486544369234753
really had,0.11232180968130545
really handle,0.052471128275711314
really happened,-0.1224419514746408
really hard,0.07014743502047008
really have,0.1763480290895634
really help,-0.16230533031049535
really helpful,0.09665766340724524
really helping,0.003136508533506264
really hit,0.01299808964033469
really hope,-0.053168277867487505
really hoping,0.012996141768354995
really horrible,0.09242370557787496
really hurt,0.07669020771053477
really hurting,0.07260870005282453
really important,0.0359301753627917
really into,-0.0902425123668481
really is,-0.11747561447420375
really it,0.10048910554878553
really judgmental,0.04989768149565706
really just,-0.011522692528681152
really kind,0.0023105787548150626
really know,0.1884536950068864
really let,-0.05891249868187589
really like,-0.2888819337438267
really liked,-0.22112385773019347
really looking,-0.0076744221817779245
really loudly,-0.12315914578726085
really love,0.07374419487503152
really mad,0.11260313088890989
really made,0.014928865742542796
really makes,-0.1355590044142418
really manipulative,-0.01618051428198306
really matter,0.05853778282312779
really mean,-0.01790971577916054
really miss,-0.11589426294099783
really move,-0.0012339024096511442
really my,-0.020376490983924626
really need,0.06294371614931311
really needed,0.0022939171133791554
really nice,-0.12643798669941286
really no,0.09150211771508471
really not,0.12380131349168644
really only,0.10521436744318706
really out,-0.013327741668836336
really really,0.1583289880654057
really scared,0.15427601254246806
really serious,-0.021078324760115234
really shitty,0.06420876065353431
really slow,0.0921814479143997
really strong,0.024496608529194643
really sure,-0.05760516521417753
really sweet,-0.019088881230008948
really take,-0.0016452834491522909
really talked,0.00472888145512889
really that,-0.09448635768699325
really the,0.09620190282113811
really think,0.050352899118394086
really tired,0.09485668240500664
really tough,0.11771207267986723
really understand,-0.05253675271988999
really understood,0.06560461009103917
really upset,0.0669034221190765
really use,-0.07828552350168595
really want,-0.266231803014404
really wanted,-0.03873497341737256
really wants,-0.053828687250973624
really was,-0.035674779967068505
really well,-0.17598369010745143
really what,-0.016233433961910942
really worried,0.05194209720932266
really would,-0.025393782205492682
rear,-0.04495608708277351
reason,0.1811720312696746
reason and,-0.014257448726881969
reason don,-0.01633669633284966
reason for,0.12378898765140091
reason he,0.022445040147260318
reason instead,0.0657359134608534
reason is,-0.09368151180921777
reason my,-0.10853505223656591
reason or,-0.07897207502359105
reason that,0.15008623510980507
reason the,0.17334623451176145
reason this,0.011451187886534627
reason to,0.013724593524561873
reason was,0.0472319220927244
reason we,0.12780192501376972
reason why,0.021686684572550127
reason would,-0.00997468829291001
reasonable,-0.06153258600836879
reasonably,-0.03372523944651834
reasoning,0.012658638440366826
reasons,-0.12970651263114968
reasons am,-0.0647405849405812
reasons my,-0.08105183707482552
reasons she,0.09034150593513816
reassurance,-0.05965243515730677
recall,0.009976298734840086
receipt,-0.018311014545704985
receipts,-0.009168844028521667
receipts and,-0.009168844028521667
receive,-0.3431088293341926
receive no,-0.020766707274958073
received,-0.12017720806002927
received an,-0.09747000402827068
received from,-0.09348818810690922
received no,0.06656434426979112
received the,0.02741362756813235
receives,-0.09226968361217043
receiving,-0.03906293065722975
recent,-0.0393045000215844
recent years,-0.06439257977435929
recently,0.23010337451192747
recently and,-0.15736715048356956
recently banned,0.08054241794240742
recently been,-0.1226272792686
recently but,-0.035746208043653596
recently diagnosed,0.1077227732669627
recently found,0.01260565793331573
recently got,0.08511679712845187
recently had,-0.046402806506326486
recently have,0.0842059963363439
recently in,-0.006120134955169098
recently is,-0.041053053739762
recently it,-0.00423552674970631
recently maybe,-0.06791573461018037
recently me,-0.019703469811502772
recently moved,0.10343926651296727
recently my,0.09925857268208582
recently she,-0.003068277772689923
recently started,0.05387363182291621
recently that,0.008866443547833882
recently went,0.020397635265322546
recieved,0.11821469161220868
reciprocate,0.03669441898660649
reciprocated,0.011080840065831064
reckless,-0.0016736948772699768
recognition,0.0951336855649198
recognize,0.060836900454170346
recognize that,-0.07734219338815303
recognized,-0.03760637858621313
recommend,-0.15904764283399986
recommendations,-0.09073970235079801
recommended,-0.03862087760650294
recommended to,-0.010313852599644416
reconcile,0.10342661789979021
reconnect,-0.07011820861016282
reconnected,0.016917472860966475
record,-0.24569598605776613
record and,-0.13047166826196782
record he,0.017885740444870575
record whatsoever,-0.06247175984545293
recording,-0.10518082006194807
records,0.060710653508820774
records and,-0.024146803811141794
recover,0.2674347596918889
recover from,0.06543108655743993
recovered,0.16891288830452153
recovered from,0.11174212038564822
recovering,-0.02083424221070754
recovering from,-0.03726288601739832
recovery,-0.19642672390613883
recovery am,-0.03172256879923077
recovery this,-0.047919699602167104
red,-0.012409843967975004
red and,-0.03340408677589257
red cross,-0.08149945156691292
red flag,-0.12828808411533407
red flags,0.10512893549496082
reddit,-0.27396405403856794
reddit and,0.07032224920880033
reddit for,-0.08232599189910449
reddit post,-0.06500072711940011
redditor,-0.06717747482740263
redditors,0.021899648151532978
redirect,-0.1033154753852129
reduce,-0.022140528412932414
reduction,0.0005790736880165691
refer,0.07790377954142585
reference,0.031318955082212385
reference for,-0.004958495125759733
referred,0.08186809408454325
referred to,0.03806103597736863
referring,-0.032963908104752235
referring to,-0.032963908104752235
reflect,-0.09101235196579588
reflecting,-0.16260454868060847
reflection,-0.026486108347306792
refuge,0.03889884303193824
refund,0.02763979077914743
refusal,0.08856481888903239
refusal to,0.08856481888903239
refuse,0.09014296311518917
refuse to,0.07346331869389136
refused,-0.11758650524000937
refused to,-0.197324748656716
refuses,0.12801335198599537
refuses to,0.16936771917218071
refusing,0.06947942165622426
refusing to,0.06947942165622426
regard,-0.04949784213867973
regard is,-0.04949784213867973
regarding,-0.26690956743632466
regarding anything,-0.09283735720977097
regarding this,-0.07378535716214671
regardless,-0.00964245599359023
regardless of,-0.008443095377460904
regards,-0.03991268871879063
regards to,-0.05373332145803036
regimen,-0.08738989855661722
register,-0.1219446021957851
regret,-0.12969551858254041
regular,-0.22892461029474004
regular basis,-0.0070493710916469405
regularly,-0.044984399034341545
rehab,0.10343039573707985
rehabilitation,0.059063411029679824
reject,-0.0404941979074736
rejected,0.10264259308460182
rejecting,0.04901612142058376
rejecting my,0.04901612142058376
rejection,0.05672709824210401
rejects,-0.006242115670693682
relate,0.017345230007207797
relate to,-0.03252800809813955
related,-0.14311333342728005
related because,-0.03533005298889044
related to,-0.15455889946364845
relating,-0.13793156270540252
relating to,-0.13793156270540252
relations,0.09218897598485247
relationship,-0.18284000803100672
relationship advice,-0.0851489132526014
relationship also,0.022429036040860644
relationship am,-0.0212533614758343
relationship and,0.07736813402031648
relationship as,-0.10383839147213789
relationship but,-0.12316162735097876
relationship can,-0.0614649829061414
relationship ended,0.05555607677895741
relationship ending,-0.06305062673921644
relationship for,-0.16360717835717797
relationship from,0.06737634424892573
relationship has,-0.10808234303958694
relationship in,0.07657748461756196
relationship is,0.02996471654792253
relationship my,-0.0015951869565450072
relationship or,-0.09163862033532427
relationship so,0.04692107505750119
relationship status,-0.10790030242627272
relationship that,-0.01993106755538351
relationship the,-0.0032667209138054617
relationship tl,0.009752772949332175
relationship to,0.09210187857995691
relationship ve,0.0365700108981754
relationship was,0.1455579057769029
relationship we,-0.09942252570080443
relationship whatever,-0.03832236404144581
relationship where,-0.13903062792813795
relationship which,0.05993400378174939
relationship with,-0.026471941355825375
relationship work,0.009035098569102642
relationships,-0.12314066618274098
relationships and,-0.01691546982263256
relationships but,0.017962846210838275
relationships don,0.08374346835292816
relationships feel,-0.05652945397178923
relationships have,-0.08412509118490487
relationships she,-0.07011097383271504
relationships with,0.0339303906113228
relative,0.009503359360112802
relatively,-0.020511973976777207
relatively healthy,0.06615246444672097
relatives,-0.007450914937297441
relax,0.24113432143016533
relax and,0.10040531620192877
relax but,-0.013973849541427915
relaxed,-0.09363810542346829
relaxing,-0.13078922137553917
release,-0.018683087689324022
released,-0.19139719611216693
relevant,-0.14220786000982052
relevant to,-0.02978970511458819
reliable,0.05353906538775616
reliable bed,-0.06655026477653447
reliable car,0.0770325370051077
relics,-0.03172256879923077
relics museum,-0.03172256879923077
relief,0.07908146165178058
relieve,0.04268919887866317
relieved,-0.04186195389212458
relieving,0.10289389982501544
religious,-0.06385552230805981
reliving,0.09813138008110249
reluctant,-0.03821928492183424
reluctant to,-0.0025606367121874247
rely,0.12720995319037887
rely on,0.12720995319037887
relying,0.08317362941343533
relying on,0.08317362941343533
remain,0.12773523330789033
remained,-0.14049437142645746
remained with,-0.020430901918932813
remaining,0.06264373577358345
remains,0.0663279550928849
remark,0.06869902970361813
remark about,0.04014317563138818
remember,0.3387542333223595
remember agreeing,0.07084132547690075
remember anything,0.11919226346498321
remember being,-0.024542861618498706
remember everything,0.09657703992617998
remember her,-0.1882557986804674
remember him,0.0431839317426187
remember how,-0.01031284810613154
remember it,-0.06096783438623105
remember lot,0.07753833218774603
remember my,-0.04045016382067565
remember something,0.07688981790290361
remember that,-0.06552797669180671
remember the,0.1298792538761018
remember thinking,-0.007712611558379109
remember this,-0.024456364009371106
remember to,0.0003508672841423752
remember vividly,0.04668347722563806
remember what,0.10890824716031094
remember when,-0.0012339024096511442
remembered,0.08250081137391296
remembering,0.1601984322924944
remembering all,0.06005078617945257
remembers,-0.08280563293608577
remind,0.09055658426771601
remind me,0.07804039325073937
remind myself,0.08374011498039995
reminded,0.05761215826314531
reminded of,0.07605101507958278
reminder,-0.12224449445908227
reminding,0.11488775020823674
reminding me,0.07431685126501997
reminds,0.06536024975162813
reminds me,0.06536024975162813
remote,-0.06708556071969796
remotely,0.10758224631478296
remove,0.0870758991676714
remove my,0.06615255135860648
removed,0.07865950251076759
removed from,0.1882767630778397
removed surveys,-0.052360604150883464
renewed,0.11633109797000987
rent,0.16192483610613437
rent and,-0.07698274813205479
rent as,0.08580513407427554
rent but,-0.03853880781599801
rent cabin,0.0967319872494431
rent for,0.040532023007953964
rent is,0.16193217338679194
rent that,-0.05225051338933928
rental,0.14437559249940457
rented,-0.044152350931665967
renting,-0.024527745569366995
rents,-0.003207599663183564
repair,-0.021240915157007274
repairs,0.16993974825967664
repay,-0.0887089537687644
repay you,0.026419662169160814
repayment,-0.11137561208140873
repeat,-0.18566972471455134
repeated,0.15341819685417665
repeatedly,0.27166243271346135
repercussions,0.08666164657892199
replace,-0.06629930845952185
replaced,-0.13178943068674376
replaced my,-0.0776849478506267
replacement,-0.08039678289502822
replied,-0.030921863393307034
replied that,0.03133870611883786
replies,-0.06732276398494316
reply,-0.12243236637952042
reply but,0.009147109739336436
reply to,0.05006816566392183
replying,-0.013152445001189532
report,-0.11725658359885424
reported,-0.13295354842016038
reported it,-0.10122647994429153
reports,-0.01411896099865412
represent,-0.10695935534130092
reprimanded,-0.11454494673390413
reputable,-0.0750723445013023
reputation,0.017260231042611773
request,-0.14289704166290343
requested,-0.09050297119962528
requesting,0.03215504268114727
requests,-0.005061105519470013
require,-0.011969052576697125
required,-0.21538996130208288
required to,-0.11441645966687056
requirement,0.16506087362074828
requirements,-0.049575805767154875
requirements for,0.004660403054255587
requires,-0.00730039927378859
requires me,0.055291654660498506
rescue,-0.200670726579996
rescue animals,-0.10272018610606344
rescue who,0.06669369458618403
rescued,-0.03552698824778306
research,-0.46460501015496625
research am,0.0657359134608534
research and,-0.04364088918417375
research into,-0.09613514267591979
research is,-0.07332035412748453
research it,-0.005768733689601477
research on,0.09460293284406164
research project,-0.04509382103789202
research study,-0.051850044728615395
research the,-0.04457371702293766
researched,-0.0701372769730401
researcher,-0.07221253164876444
researcher __affiliation__,-0.03543990645231114
researching,-0.017539948555063488
resent,-0.028067290947558898
resent him,0.059203616621337274
resentment,-0.06639204681281123
resentment and,-0.04427577804607279
reserve,-0.06370507836624917
reserved,-0.048259015213644015
residence,-0.164983975401411
residency,-0.010730414685089727
resistant,-0.04749749092728495
resolve,0.07979034885920375
resolve this,0.07979034885920375
resort,0.19423000190210693
resort but,0.05442555909966239
resource,0.058410708394153514
resources,-0.03193680474277063
resources can,0.0007528525219861112
resources that,0.007148838344611855
resources to,-0.009979399954299565
resources would,0.08349102704506678
respect,-0.06656621436880467
respect for,0.08524626327895056
respect them,-0.12267344251979012
respectful,-0.011297397241544072
respecting,0.009582975151163006
respecting his,0.07094134147978413
respond,-0.11367970794143539
respond to,-0.15148221274959858
respond with,-0.006309495015415357
responded,0.04743726235269214
responded and,0.020613475695432874
responded to,0.12574363157903182
responder,-0.09445300897368267
responding,-0.05331379596597221
response,0.19078159702001443
response and,0.02601607228412919
response from,0.14789537014592757
response to,0.13403781165926854
response was,0.030510476852630718
responses,0.1237542614318049
responses are,0.05271670053749748
responses to,0.02137191786602458
responsibility,0.12185429260914908
responsibility and,0.08453037844754267
responsibility for,0.027933713721493992
responsibility to,0.0299766623452214
responsible,0.3315798913897831
responsible but,0.08992886999685161
responsible for,0.14115565370566718
rest,-0.09586725033360124
rest and,0.05837546436192456
rest of,0.016895954296927976
restaurant,-0.30881526460651043
restaurant that,0.016168406701665618
restaurants,0.09962828925789793
restraining,0.19119337906516445
restraining order,0.13411906593809264
restrictions,-0.19155688525073936
restroom,0.04113247862609
restroom when,-0.0030305012698288326
result,-0.2578416352458943
result in,-0.1761624848402294
result of,-0.0016593441541503434
resulted,0.286317140943999
resulted in,0.286317140943999
resulting,0.1594715899803384
resulting in,0.11344289817693644
results,-0.1353008639751442
results in,0.06135749116884023
resume,-0.13353428904282377
resume making,-0.06655026477653447
retail,-0.12497404942663377
retaliate,0.0029134529316269587
retarded,0.07680522973858105
retelling,-0.04989070848110661
retelling partially,-0.04989070848110661
retire,-0.10632292197808711
retired,-0.10173959378667886
retirement,-0.013161137890752727
retreat,0.09292465533888031
retrieve,-0.0030232360142719446
retrievers,-0.11037759651640847
return,-0.29112626877673486
return or,-0.05417519287684482
return to,-0.00809736703410736
returned,-0.14651517870954095
returned from,-0.009516036876370745
returned home,-0.1440257979110171
returned to,0.012086758262058614
returning,0.10998342246301711
returns,0.12384908257844787
revealed,-0.037111126286681985
revenge,0.08806526436601902
reverse,-0.13288739915353323
reverse psychology,-0.04949784213867973
review,-0.019839860057761737
reviewed,-0.08419644794170637
reviewed and,-0.05955391560715848
reviews,-0.11706884323441928
rewarding,-0.1625537926391011
rewards,0.0012233579286247285
rice,-0.04879223981537841
rice and,0.012712824532124868
rich,0.05324668535674562
rid,0.015358429222384189
rid of,0.07448928033213292
ride,-0.2204221880589556
ride for,-0.06731762363231782
ride out,-0.039072576186933376
ridiculous,-0.07910482381384272
ridiculous because,0.08000541512802316
riding,-0.04054427424151713
right,0.7918381401781935
right after,-0.11501503745260767
right and,-0.006464183162835947
right away,-0.20441143174749468
right back,-0.029326398463710702
right because,-0.018143072977531295
right before,-0.10910911136381371
right but,0.11007772185419289
right feel,0.06936112729303126
right he,0.09352831193327736
right in,-0.007770692828542907
right now,0.7832758025904045
right off,-0.12226744410217986
right place,0.031259458276439334
right thing,0.025431602554565846
right through,0.03781362633399072
right to,0.04618936802864552
right up,0.056652618000575715
right way,0.03894780834491801
right you,-0.006684857635520722
rights,-0.24806197548847958
ring,0.03509234711550933
ringing,-0.13810397133678518
rings,-0.014612218517997695
rinse,0.10703223695348175
rip,0.12314790073653611
ripped,-0.0005370206990297327
ripping,0.06849457979207284
rise,-0.08269348738431093
rising,-0.008412012907382084
risk,-0.13907083807854562
risk for,0.08940573411105017
risk of,-0.12429903337270888
risks,-0.04457371702293766
risks and,-0.04457371702293766
river,-0.10613718933404416
rn,0.038925480364773536
road,-0.1878976956781866
road and,-0.1699877664107925
road he,-0.08488174897238507
road rage,0.0666531258331388
road to,-0.037537480673732644
road which,0.026111381098617954
road with,0.10740027437444974
roads,-0.0033306337848775236
roam,-0.0029170289137106053
rob,-0.04948670922352088
robbed,0.06082093644215313
robbed of,0.01527496763399065
robbery,0.0046941361286983825
robot,0.05780633409159324
rock,-0.06831479294052623
rock bottom,-0.18416189885904097
rode,0.0028999875459117096
role,-0.045823895030658666
roles,0.03266246121735882
roll,-0.1835750026585748
rolled,-0.08230023072138644
rolled her,0.0006183497160474075
roller,-0.09916240738471571
rollercoaster,0.033190245520590106
rolls,-0.08923964036254725
rolls around,-0.016149630161069097
romance,-0.15345154260341115
romantic,0.07557362379071365
romantic and,-0.09718520529010814
romantic feelings,-0.021895084936925633
romantic interest,0.11859234032831759
romantic relationship,0.1308739338540231
romantic relationships,0.07979353269764494
romantically,-0.08415726150461543
roof,0.12617407816396795
roof over,0.018986955585138462
room,0.32835475563116084
room and,0.1993945371410472
room but,-0.030550833907818646
room by,0.024256327442935956
room for,0.09256941806653228
room got,-0.0770132976756279
room in,-0.1217222234988944
room is,0.032255420281357736
room just,-0.1184309772632786
room or,0.08584232564289702
room please,0.08580513407427554
room she,-0.07793140061396969
room so,0.14715867602142926
room to,-0.05027498420008577
room when,-0.08662279807744858
room which,-0.008776322265791173
room with,0.07695865651609528
roommate,0.18291538389577353
roommate type,0.08580513407427554
roommates,-0.04271126879763616
rooms,0.016390775421779524
rooms and,0.06125166255102096
rooms just,-0.02192595040232854
root,0.012499307820347826
root of,0.012499307820347826
rope,0.07713822817215368
rough,0.19309198397954686
rough and,0.08363016025871171
rough for,0.10688287630464868
rough patch,-0.004790935276609443
rough time,0.1670251301943683
roughly,-0.21959154070015524
roughly the,-0.08190010039431539
round,0.11139975406225733
round the,-0.028745075205628138
route,0.0674802594462686
routine,0.06209194787725174
row,0.2247369793171568
row and,0.10178451016585657
rub,-0.07539356692017933
rub my,0.013040158189421436
rubbing,0.021560451572025584
rude,0.18894697485617115
rude and,0.06188631543860472
rug,-0.08409391233631555
ruin,0.215256682236207
ruin his,0.1471651062687475
ruin me,-0.05372838164763667
ruin my,0.07428694131892102
ruined,-0.0064995055283363435
ruined his,0.06140053795671872
ruined me,-0.03170098945277351
ruined my,0.03012191709913556
ruining,0.003143171356667174
ruining her,-0.10679667189355249
ruining my,0.07405798946629569
ruled,0.07765006392837052
ruled out,0.07765006392837052
rules,-0.2474378087772974
rules but,-0.11780888316745433
rules in,-0.05581193537247974
ruminate,-0.007542601391306384
ruminating,0.18338019326087526
rumor,0.01997187119047804
run,0.22811729700845562
run away,0.08857484840555659
run but,0.06649326196306367
run down,-0.056088187900851544
run from,-0.03938349000223493
run general,-0.05581193537247974
run into,-0.015559460902933005
run off,-0.10225672846899994
run out,0.06621959533797614
run to,0.08087670779830576
runaway,-0.00010362145546502391
running,0.1108518252393794
running and,-0.05096536825759044
running down,-0.009498997551410327
running into,0.1499309377744659
running out,0.00029885325491572164
runs,0.02326857174365927
runs out,-0.051090879934550054
ruptured,0.014732739801768967
rush,-0.10661874802500874
rushed,-0.08543076153689974
rushed to,-0.0248286517017591
russian,0.09574284002263364
rv,-0.16989330884825427
sabotaging,-0.09532831172305616
sacrifice,-0.12901480754205147
sad,0.5232783785098305
sad and,0.1957815792904597
sad as,0.019993723251500846
sad because,0.03476058458271035
sad for,-0.011301190277432744
sad or,-0.017977273473352318
sad that,-0.033841573548084286
sadly,0.03527504527914848
sadness,0.11957403214698092
sadness and,-0.0007990102422652024
safe,0.5500482622150109
safe and,0.0013518794202633357
safe around,0.09518942225681495
safe at,0.06200240273664699
safe but,0.07668322328446249
safe have,0.09532489822420626
safe no,-0.009345729417386215
safe or,0.09196927029890903
safe place,0.02684847338621469
safe to,0.03397682499205823
safely,0.10304159271298331
safety,-0.029449227542609327
safety and,0.01996453738678261
safety but,-0.04989070848110661
safety net,-0.009883611231176745
safety protection,-0.020430901918932813
said,-0.7014007047929426
said all,-0.047358691277431066
said am,0.07102895379467847
said and,0.15603296149917203
said anything,0.08306062382944736
said but,-0.015857409977422895
said come,-0.005463211472105472
said could,0.06908451598375757
said couldn,0.08240802146679181
said didn,-0.03988148189883444
said have,-0.1211234723894562
said he,-0.13783550223434152
said her,-0.08059211513139629
said hi,0.009301356477590053
said if,-0.0527045139686332
said is,0.07760919763016276
said it,-0.04571495742032001
said love,-0.09284912618595063
said much,-0.01604480568097294
said my,-0.023417128121144104
said no,0.09390831916065015
said not,-0.07670998778194343
said nothing,-0.005208049321803888
said oh,-0.051233533992728744
said she,0.03789020119743192
said so,-0.08741220049011034
said something,-0.16196070824324807
said sorry,-0.05468021780038052
said that,-0.047977500266116635
said the,-0.009893275207576081
said this,-0.0990884460146997
said to,0.1224858816847923
said ve,-0.006768864719308547
said was,-0.07809609065014161
said well,0.07598498032806356
said what,-0.0009019018480177496
said would,-0.03564987124906642
said yeah,0.014027660383929089
said yes,-0.16980464117234267
said you,-0.15827942283664895
said your,0.040862518553808264
sake,-0.07514034798871061
sake of,-0.013857404602957845
salary,-0.09605822374799652
sales,-0.13143475593891935
sally,-0.09667431515528734
salt,-0.18798137334438728
salt but,-0.11327717104257562
salvation,-0.02439443301720083
same,-0.5796302968396688
same age,-0.1084748356130084
same anxiety,0.08670806791278668
same as,-0.09544247578945897
same bed,-0.09358367762012401
same day,-0.014946996886662173
same house,-0.008344784973729515
same in,0.09869226215568797
same issue,-0.024218080540389982
same one,-0.04437062806046463
same page,0.048858292927983556
same person,-0.1207094973904075
same problem,0.0005823561407272516
same room,-0.058220566076580396
same sense,-0.08129299228823539
same thing,-0.01671981653800451
same things,-0.07387621427365916
same time,0.3038706956298679
same university,-0.10729741567588072
same way,-0.1619227278882242
samples,-0.08358250258979194
san,-0.04808670087350055
san andres,-0.07924979479650957
san diego,0.10337631117418121
sandwiches,-0.09221253059954782
sane,-0.09794748563658032
sanity,0.14375150070009415
sappy,0.009784631110942372
sarcastically,-0.02241995838006736
sarcoma,-0.011888823359537056
sat,-0.21636007001389343
sat down,-0.14041294863828654
sat in,0.08926306194140017
sat on,-0.1270890394878191
sat there,0.05806873805057012
sat up,0.0010952854311908145
satisfied,0.04329486113579793
satisfied and,-0.0018835055705716999
satisfy,0.26840742697010445
satisfy her,0.09916452416481257
saturday,0.015365268218628943
saturday night,-0.08573868695049477
sauce,-0.13796097759628848
save,-0.204196287121353
save me,-0.014715036899331981
save money,0.10046643933560766
save some,0.020330959970903756
save up,-0.03646374527254846
saved,-0.007805518945165832
saved my,0.0015032328065907297
saving,-0.08222449296936954
saving her,0.1238536913335787
saving up,-0.07315733309123297
savings,0.2774453639697344
savings to,0.10920648134404135
savings which,-0.014736922628165937
saw,-0.28673973517979345
saw and,-0.036144933331908755
saw each,-0.052969921709156625
saw her,0.01663839434260824
saw him,-0.046428878196996204
saw it,-0.08606442625604094
saw me,0.1800197443995133
saw my,0.08810665242642668
saw that,-0.10967509259536094
saw the,-0.05637274500671852
saw them,0.08294226244056532
saw this,0.016910749455841048
say,0.19448569215312717
say about,0.08271956750879188
say and,0.08933744430601966
say anything,0.17653215412375062
say because,-0.1495745772794397
say but,-0.04264922373423491
say feel,0.08455589700682613
say he,-0.186910808623948
say here,-0.10181132904533184
say hey,-0.04337686447915565
say it,-0.11785997695612975
say its,0.05996702098428041
say just,0.07488763191641853
say much,-0.02630889410341002
say need,0.006224794060650317
say no,0.023844367551102745
say or,0.162822562069456
say she,-0.11999523646216063
say something,0.18343311759760153
say sorry,0.09703058556388049
say thank,-0.10970073999623162
say that,-0.03627965795068763
say the,-0.0730047532776157
say they,0.11816128239209119
say things,0.0951934814967245
say this,-0.01779263826547501
say tl,-0.033709172807662176
say to,0.05072320348333858
say was,0.07043303775262026
say we,0.045725367911505145
say what,0.07878461798369905
say you,0.15952192092959924
saying,0.36339351468922426
saying about,0.07573267277068782
saying and,-0.012605089472534919
saying anything,0.000496959670760477
saying didn,0.06693284450248933
saying he,0.08790312745284058
saying how,0.0664587098836185
saying it,0.05719940407376695
saying my,-0.10264493989446867
saying no,0.008579002229152945
saying so,-0.015546056234845514
saying something,-0.012316178633977602
saying that,-0.11967586704351696
saying they,0.0011631266577294677
saying things,0.004016236430991939
saying this,0.07134918972691066
saying you,0.10233950341704666
says,0.02056164847170616
says have,-0.03443319567717783
says he,0.05486752711628552
says it,0.0438625713962069
says she,0.15137958132176538
says that,-0.4179714073112494
says things,0.08431000083073618
says this,-0.02648500703098932
says to,0.04268595853188184
scale,-0.12122311027533568
scam,-0.058173109589992666
scams,-0.09214408887587675
scan,-0.0030132572000090394
scare,0.0463812464626843
scare me,0.11164935344860882
scared,1.2765912840652813
scared about,0.07734749380214478
scared all,0.07007771429068971
scared and,0.27644725760349287
scared because,0.09323500862361943
scared but,-0.09810985375924375
scared going,0.05794890052276276
scared me,-0.03221153897780054
scared my,-0.10261796106521826
scared of,0.06395265344378036
scared out,0.08936328329988065
scared she,0.07188832572257275
scared that,0.20411252488924017
scared this,0.04166031514138013
scared to,0.30976289094730575
scares,0.24166621112440714
scares me,0.11814893933775089
scares the,0.08565109314311292
scaring,-0.03520627211560394
scarred,0.05609615396628871
scarring,0.009710873434918258
scars,0.14561234842909881
scars and,0.030900480750748124
scary,0.048104623738613045
scary for,0.0729366973011401
scattered,0.08530998412968133
scenario,-0.22767982120511868
scenarios,-0.07594338832497041
scene,0.1296897372305799
schedule,-0.1316357975200678
schedule an,-0.09869470676678674
scheduled,0.05853462122274628
schedules,-0.0963255170885849
scheme,-0.017907372874217585
schizoaffective,-0.05580294290025254
schizoaffective disorder,-0.05580294290025254
schizophrenia,-0.02254492373735703
schizophrenia or,-0.05580294290025254
scholarship,0.029770846243902936
scholarships,-0.13923100689039383
scholarships and,-0.10380688032656094
school,0.5840703320706535
school again,0.07849980269769434
school and,0.22659483308295852
school because,-0.015828651575090644
school boyfriend,0.10540863071750584
school but,-0.0038856036335025634
school diploma,0.06493375801460571
school every,0.04551672272498309
school for,-0.03488296869554571
school have,-0.038731159282106166
school his,-0.12232946043187841
school in,-0.01832879108623213
school is,0.0963560444418224
school it,-0.028427287094761344
school life,0.07341074914742651
school my,0.09143820882953263
school one,0.10230708540567017
school or,0.07853886509652018
school related,0.05217608127407293
school right,0.10292017282125171
school she,-0.09638620692933918
school so,-0.10664942640764084
school teacher,-0.07150350050737932
school that,0.1871770508152405
school the,-0.014789631858243427
school ve,-0.12482051254434234
school was,0.0794155646409623
school where,0.11344361856837343
school which,0.0619831991428614
school with,-0.0788773825471011
school work,0.07970426653155972
schoolers,-0.009961077909133335
schools,-0.07156569512574727
schools and,-0.0007567527178488386
schools have,-0.0420194496477471
science,-0.10939731494839142
sciences,-0.09313150141889952
scientific,0.009792960595804185
scientists,-0.07994247568475703
scolded,0.03623822070436517
score,0.0012955981753403605
scotland,-0.03074105019184583
scotland uk,-0.03074105019184583
scottish,-0.0916262117116299
scratches,0.11930323234067879
scream,0.19356336689448755
screamed,0.08324152605658884
screaming,0.2514824294636312
screaming and,0.12143711356116875
screaming at,0.2893420846376742
screaming in,0.04365700315236556
screams,-0.025881822830514628
screen,-0.2360222621040125
screen shots,-0.005043020272171579
screening,-0.10886769449949915
screening questionnaire,-0.04889274569267998
screens,-0.09403866666256828
screenshots,0.10903774892947536
screenshots of,0.10903774892947536
screw,0.16688315487106326
screw up,0.07778181133367412
screwed,0.23341238688927637
screwed me,0.10658356608233796
screwed up,0.12077569244082018
scrolling,0.06303948330829055
scrotum,0.05973195804847268
sd,-0.00563845996243239
sean,-0.20524040041650196
search,-0.10761766137820193
search of,-0.0037132790268521233
searched,-0.13434050436345343
searched for,-0.13977209994464157
season,0.027964743845820695
seat,-0.07930284261711239
seats,0.08881692526501113
second,-0.1434389497002508
second and,0.05373059774535396
second best,-0.08629885067632065
second choice,0.06295368634418481
second date,-0.18280090091348644
second job,0.05350129533890734
second last,-0.006629296551878019
second the,-0.0014529377619877542
second time,-0.03683662074394362
second year,-0.08031811143547199
secondary,0.026730639096117455
secondly,0.005383616961917435
seconds,-0.04194384620201832
seconds and,-0.03332931348280845
secret,0.14330365306026094
secretary,0.021056080392428393
secretly,0.09914672020974381
secrets,-0.03296362574994984
section,-0.12321821893553422
section facilities,-0.06318390136461079
secure,-0.10069811786398201
security,0.07089002398553462
security disability,-0.08327988237640617
security this,0.057101051199692124
see,-0.11135332523516385
see all,0.11212655372789702
see an,-0.006159304816114547
see and,0.12058436775921454
see anyone,0.0022682598400170636
see doctor,0.08692206423678381
see each,-0.006580650224570457
see for,0.016276345904520706
see friends,-0.07022782184040799
see her,-0.3531335575757567
see him,0.05413432152999439
see his,0.02999962605324164
see how,-0.01700745261289122
see if,-0.17028343076755836
see it,-0.22483273310291915
see me,0.1366798937241478
see my,0.18641164201115706
see myself,0.00892120015047118
see no,-0.020630428912633794
see other,-0.17332142537589215
see people,-0.06686279114019125
see psychiatrist,-0.06469511552763903
see someone,0.055339820580981226
see that,-0.17760116121368322
see the,-0.1394329002850395
see them,0.21243758279384908
see therapist,0.08309508055153793
see this,0.009965953205843873
see what,-0.070521779622579
see where,0.013149049158724538
see you,0.06814437021986862
seeing,-0.19498542953171974
seeing as,0.022880506858058366
seeing each,-0.030851847271519576
seeing her,0.007323189007260351
seeing him,0.015377148445863041
seeing me,0.044783699728152236
seeing my,-0.008684238084794325
seeing new,0.09009605640911522
seeing someone,-0.053638074664660314
seeing that,-0.11766025571414476
seeing the,-0.06098411315894084
seeing therapist,-0.023770441520010798
seeing things,0.07862329467019517
seeing this,0.06809428353805412
seek,-0.26400931273620043
seek help,0.05241514410677738
seek out,-0.14909482514344896
seek treatment,-0.0432051814444435
seeking,0.29831122372908225
seeking any,0.08758754085230201
seeking treatment,0.06779811661871978
seem,-0.2352997946837794
seem like,-0.16264488025020732
seem to,0.10698663236962791
seemed,-0.2827650235032895
seemed bit,-0.1101564823341812
seemed like,0.03495122922973838
seemed pretty,-0.046038869593344627
seemed to,-0.22200863786028024
seemed very,-0.019335057150364553
seeming,-0.04685653543905297
seemingly,-0.042463300345870404
seemingly out,-0.01804687288878009
seems,0.18015768180631747
seems it,-0.09175015910217765
seems like,0.1553352058929617
seems not,-0.07694124869725244
seems so,0.02624739852128962
seems that,-0.08609495224056739
seems to,0.23771906526483116
seems very,-0.08545792230202541
seen,-0.05107655371067059
seen as,0.06369559541861033
seen at,0.05963391905263515
seen before,0.026184823099817726
seen her,0.03206344683440227
seen him,0.006359225515586619
seen in,0.01093796032147394
seen me,0.12038472372531422
seen so,0.053029141970513755
seen the,-0.19451183988407844
sees,-0.08698655817832603
sees me,0.08663593155844265
sees the,-0.15329451965229124
segment,-0.03832236404144581
segment that,-0.03832236404144581
seizure,0.06811563222948334
seizures,0.2494237953310813
seizures and,0.11690577149513222
select,-0.12348481831791029
select matching,-0.05427865834755191
selective,-0.0072304223616631745
self,0.19816002207773692
self and,0.04296588770086787
self care,0.014223067639678415
self confidence,-0.07364275901215082
self conscious,0.07092025636800008
self defense,-0.008845770586953506
self destructive,0.07597163246289511
self esteem,-0.0011099895796566057
self harm,0.24754824361279665
self help,-0.01904376751950054
self to,-0.012376302253805928
self worth,-0.08685336201021647
selfish,0.11568263218011929
selfish and,0.07876055214349914
sell,-0.0033343986502610435
sell the,-0.008891973606276108
selling,-0.08843825537335162
selling drugs,0.004152642845871211
selling the,-0.10120301374354468
sells,-0.11653548773224547
semester,0.06576631144324964
semester and,0.052285849996582985
send,-0.1636458119436229
send it,-0.09190648872062719
send me,-0.014953627877381786
send them,0.12213551869617233
send us,-0.12599875155508947
send you,-0.07720059151715235
sending,-0.01412166748105739
sending me,0.09117579816294678
sends,0.061310872384619824
sends me,0.017597312103543553
senior,-0.037353257518487136
senior year,-0.10548944531033905
sensation,0.20435004020973574
sensation has,0.08976675425680836
sensation of,-0.09766494555440237
sensations,0.024755297336654408
sense,0.23676350996907375
sense for,-0.09807100073587527
sense he,0.07367822101591248
sense of,0.0759044233591006
sense that,-0.1685118767708098
sense was,0.10903901934538318
senses,-0.11209737123468076
sensitive,0.0006741714198082154
sensitive and,-0.05609577531876431
sensory,-0.03346577040262924
sensual,-0.09849649593916582
sent,-0.09035421348411715
sent an,0.10842826822874899
sent her,-0.011108322613240167
sent him,-0.00872274052418998
sent home,0.10831552740605177
sent me,0.04091617263950604
sent my,-0.02400299427238584
sent to,-0.1272370387243411
sentence,-0.14513971822013438
sentences,-0.056221813983697494
separate,-0.1287194254841152
separated,0.11733474829410116
separately,-0.047464267890699026
separately have,0.01108472667284914
separation,0.08599646654453116
seperate,-0.0566173238966116
sept,0.015974338682070495
september,-0.267811060043583
september and,-0.040150696579927744
series,-0.3160137381411641
series of,-0.14298574991132892
serious,-0.1993713152951437
serious and,0.00550538832729298
serious because,-0.03962022444469772
serious relationship,-0.08885063228031113
serious relationships,-0.07445598035352889
seriously,0.46143600778137833
seriously and,0.0057736647052322385
serotonin,-0.21873272804256683
sertraline,-0.15251990485501404
servant,0.09293403397349653
serve,0.06707180999893604
served,-0.031260439633693723
served in,-0.07996473371485904
server,-0.0034753330059232477
server on,-0.027547453310445995
service,-0.3437732533207772
service dog,-0.08964166507868034
service dogs,-0.14373693734736542
services,0.0005016767098898302
services and,0.089480809041651
services just,0.057101051199692124
services that,-0.006130484361259787
services they,-0.09158515743813003
serving,0.01082888190050148
session,-0.061429615888165055
session and,0.0010449166491715307
session but,-0.0209961288790283
sessions,0.10317237157261215
sessions and,-0.015448523768263625
sessions with,-0.07591079353608329
set,0.048845182608389666
set me,0.033093322742923315
set of,-0.04374519005711797
set off,0.06411265000195654
set the,-0.01727565353237211
set up,-0.07414126438542164
setting,0.12975950635636588
setting up,0.016656819943674607
settings,-0.0361050235435593
settings and,0.02088351873921583
settle,-0.15111797633365848
settle down,-0.0885302822670314
settled,-0.1080276773298677
settled into,0.006554334968486073
settling,0.011449439564455101
setup,-0.04650584152645851
seven,0.09955342400963557
seventeen,0.0850286222219278
seventeen and,0.04176958552260671
several,-0.26892356020615177
several days,-0.08240170197535714
several hours,-0.07402272426287763
several months,-0.054503133754518915
several occasions,-0.12474528700578284
several reasons,-0.029800098339017013
several times,-0.02269750099933977
several years,-0.023764631226601832
severe,0.4945474039331234
severe and,0.01961646486497162
severe anxiety,0.039379081557243366
severe depression,-0.012255799518818757
severe insomnia,0.0707491180729972
severe my,0.0006981532341641603
severe social,0.06146733240096146
severely,0.11639567779110443
severely depressed,0.05792589020386064
severity,0.012445579492614782
sex,0.014475212971607764
sex all,0.08535338443907231
sex and,0.011653467434565452
sex drive,0.00033459678951087074
sex even,-0.011549219112598675
sex few,-0.08219457025772835
sex is,-0.07547414484531367
sex life,0.005316000376645352
sex or,-0.12340179479612491
sex that,0.06745916531320821
sex with,0.18273535071323613
sexual,0.046853732027460675
sexual abuse,0.32896327399236075
sexual and,-0.008263324601326085
sexual assault,-0.13805892788489965
sexual relationship,-0.004991007588135346
sexually,0.559580865977709
sexually abused,0.11312021884416597
sexually active,0.0744885064888931
sexually and,0.08194461324380097
sexually assaulted,0.20782606178571933
sexy,-0.10324521151081506
shabbat,0.03309349914088752
shade,-0.11082732154911365
shadow,-0.038780013062483264
shady,-0.05494237040349707
shake,0.2068434795920056
shake and,0.12889070043921216
shake it,0.05893228832191178
shake the,0.09255338159623484
shaken,0.11314742595682105
shaken up,0.08029554342036874
shakes,0.10103241555811249
shaking,0.3405947206079458
shaking and,0.0006126260208960241
shaky,0.1565469113775526
shaky and,0.1371096682946129
shallow,0.08475105871672332
shame,0.2164585403522278
shameful,0.045024545978561877
shaming,-0.09658541559521994
shape,-0.050245129551423975
share,-0.7833350370832138
share bit,-0.08940196253629382
share how,-0.014392061654980692
share it,-0.13142024940159655
share my,-0.04572506941098029
share of,0.007416537994585632
share the,0.004677258719858366
share their,-0.08913678240828513
share this,-0.1339097832429317
share what,-0.16612610530336974
share with,-0.057326747869460765
share your,-0.17825301275607697
shared,0.0035774089740648017
shared with,0.013980635107005625
shares,-0.10287469673507861
sharing,-0.13114147672422025
sharing my,-0.12603964442262616
sharing this,-0.008916516312595721
sharp,0.0011288777187975513
shattered,0.1617377373866676
she,-1.3730358124673177
she absolutely,0.0239213285657981
she acting,0.0033241673128423157
she actually,0.07279261761195426
she agreed,-0.12870162050278777
she agrees,0.11156701668969009
she already,-0.000582461320330924
she also,-0.02524052955626891
she always,-0.05685249426237339
she and,-0.03398583624420069
she apologized,-0.0711690067548907
she appears,-0.0605061454050651
she asked,0.09370442228168399
she asks,0.11693472991156327
she at,0.07783526785003414
she be,-0.09070325584436556
she been,-0.10101274814871361
she began,-0.0502402680506612
she blames,-0.0013717986910753764
she blocked,0.065598066393429
she broke,0.09163933712153394
she brought,-0.08031818804348069
she called,-0.1333744439954439
she calls,0.0028747694838260293
she came,-0.013316868372657848
she can,0.13256927331690918
she cares,0.07600560360958794
she claims,-0.00997784845116665
she comes,0.05575568295586015
she complains,-0.031054183165484778
she could,-0.01793515906713262
she couldn,-0.10988875012026934
she decided,-0.15116107069239876
she did,0.06615242299833841
she didn,-0.2344853508552586
she does,0.2966621518182189
she doesn,-0.03576731500653698
she ended,-0.044847003131476194
she even,-0.0853408237927295
she ever,0.12952707979334932
she explains,-0.08380713186090678
she feels,-0.11104886709578979
she fell,0.03155365514372006
she felt,0.13391897090033447
she finally,-0.005308002350036746
she found,0.053672340499263234
she gave,-0.09751315050671878
she get,-0.10380887831948343
she gets,0.12077830770740498
she gives,0.08951107115468644
she goes,0.037657088767302845
she going,-0.0025152238982747484
she got,-0.22511524028488092
she had,-0.23698928002525113
she has,-0.39345282164514156
she hasn,-0.060937342536154834
she hated,0.02122817817527489
she hates,-0.012688121688831011
she helped,-0.1611191515210987
she her,0.05997035876592422
she hit,-0.09380712854932144
she in,-0.1442322069239152
she into,-0.05245800464461608
she is,-0.13181924178732154
she isn,0.04136925375787378
she just,-0.031016318954609587
she keeps,-0.047775418730930164
she kept,0.04900815269797593
she kind,-0.06268174917222309
she knew,0.046493299854815644
she knows,0.0956909307591794
she leaves,0.028315267825390154
she left,-0.07025503404394269
she liked,-0.10488070941227987
she likes,-0.04435190416885697
she lives,-0.06443477728392395
she ll,-0.19469057461762312
she looks,-0.03963476420007862
she loves,-0.20499140879661365
she made,0.09993271021453155
she make,-0.07414255039442837
she makes,0.11018468249525103
she may,0.11051228860967616
she met,-0.12990521179520445
she might,-0.08959191715305544
she moved,-0.05993179824029777
she needed,-0.17361452010113285
she needs,0.0469253289339284
she never,0.02609742707964614
she no,-0.04896800773794442
she not,0.08803560565642073
she offered,-0.10983120353879187
she often,-0.1107266272303773
she okay,-0.06816702880789055
she only,0.005225162740541134
she pretty,-0.08236443908658354
she put,-0.00017898430604537872
she really,-0.04110608258316291
she receives,-0.06753517587786431
she recently,0.06839680481275486
she refused,0.11330442371175115
she refuses,0.14476623716876452
she remembers,-0.08280563293608577
she replied,-0.12465220571810849
she responded,0.029502118330990593
she said,-0.03145741385785136
she saw,0.10416759285940567
she says,0.22424598382112745
she seemed,-0.2036106255203128
she seems,0.10753249976013168
she sees,0.1017105974425339
she should,-0.1111967897902624
she so,-0.1357070424874919
she sounded,0.028095187606352417
she spends,-0.036153993601855755
she spent,0.0036627605411263166
she started,-0.10181022589746973
she starts,-0.055673682782208925
she still,-0.04699571240126016
she stopped,-0.055985962421761605
she studying,-0.07009230716016931
she super,-0.08468751889469113
she talked,-0.16739453189315487
she talks,0.06265558503297154
she taught,-0.07206993068656693
she telling,0.07812303022950037
she tells,-0.10009877455866213
she the,0.01582073556104156
she then,0.048449807386312715
she thinks,0.11267962186983504
she thought,-0.059341458643765804
she told,-0.008469387375689492
she too,0.1236958798829631
she took,0.006863452158670624
she totally,-0.11346160685159053
she tried,-0.09420561336061595
she tries,0.018004350476518903
she truly,-0.04602448447432973
she trying,0.0744354147707819
she turned,-0.05668606642599096
she used,0.012444081543301204
she very,-0.013587675587197891
she wanted,-0.1423958547460846
she wants,0.0014714533815760327
she was,-0.660782917287956
she wasn,-0.12052121319806514
she went,-0.14269827033943489
she were,-0.10587568120078275
she will,0.0423920783677352
she wishes,0.06588405044657464
she won,0.006639687764474494
she works,-0.025360567018706356
she would,-0.007775286240304646
she wouldn,-0.08385994892427458
she yelled,-0.09861288455033482
shed,-0.09030337875728152
sheer,0.13877721855007488
shell,-0.020655919431563172
shelter,-0.09669494844090555
shelter but,-0.0012339024096511442
shelter in,0.1054005199572716
shelter that,-0.11956348582464392
shelter to,-0.0003545395309424336
shelter when,-0.0939990230808664
shelter while,0.0745496162148743
shelters,0.10356154738136385
shelters in,-0.07635732056367238
shes,0.06366268682736421
shift,0.2105850362103949
shift and,-0.034921860896080244
shift in,-0.027494902592554334
shifted,0.07893858187931149
shifts,0.05313535577111421
shining,-0.09398722043290896
shining armour,-0.09398722043290896
shiny,-0.12089968201488639
ship,0.006627201228446062
shirt,-0.0152679522142354
shirt and,-0.009274365273126608
shirts,-0.01846688940500443
shirts and,-0.05277445973139658
shit,0.577818218416034
shit about,0.0581034907479837
shit and,0.004294305302921441
shit at,0.06180450856411134
shit but,-0.14071654314612872
shit for,0.08045859643865247
shit in,0.09682045874830712
shit on,-0.12695094053089967
shit she,0.05853497353194878
shit that,0.10300656737377906
shit to,0.16443521889428261
shit ve,0.059995636713134515
shithole,0.0733379678620799
shitty,0.053767878364069065
shock,0.06127018504798069
shocked,0.0018046688044954656
shocked to,-0.0610020472845129
shoes,0.103590533003076
shoes and,0.06173902837854339
shook,0.08376322338649124
shook her,0.11803099176375279
shook me,-0.028439690782777638
shoot,-0.04069368505162332
shooting,0.18296073118063189
shop,-0.09972781962260045
shop for,-0.0675356884145156
shopping,-0.013172686840738202
short,0.1525911328217211
short and,0.07872299348221629
short as,0.12725307128980057
short just,-0.08577373311438562
short my,0.09587116917445565
short notice,-0.030474055436527602
short of,0.0005167247566239035
short survey,-0.040331537873781395
short term,-0.08859768876167924
short time,0.1518552947864081
shortly,-0.059546549163169295
shortly after,0.010647897820983313
shorts,-0.01585517432328176
shorts and,-0.015000105646893459
shot,0.32244775250377256
shot and,0.08143368899915633
shot at,0.11982383580939077
shot in,0.0853778475589429
shot so,-0.017759241694027584
shot to,-0.038996832867081596
shots,-0.08331270859760957
shots of,-0.04850390751930569
should,-0.0942879982244477
should also,-0.12315914578726085
should and,-0.06919922140189834
should ask,-0.07520695223782935
should be,0.07238163780775937
should bring,-0.06718786601030287
should call,-0.008785304340650427
should confront,-0.11114892275113848
should continue,0.029396170154803426
should do,0.01843627261757811
should even,0.05960286879484364
should ever,-0.03117692644654278
should feel,0.06281820796898184
should get,0.030754338774038027
should go,-0.058257918006815686
should have,0.10372642825398336
should just,0.20950147549415593
should know,-0.053486056565689936
should leave,-0.03240296679043882
should look,-0.10822760379528953
should mention,0.10403602364357241
should probably,0.12680807004640637
should radically,-0.04949784213867973
should say,-0.18149576702652068
should see,0.12068767564907461
should seek,-0.04810477294079823
should share,-0.03186191282384474
should start,-0.03781077072294484
should take,0.062360879530310234
should talk,0.07661397627137945
should tell,0.06297876932200369
should try,0.06597954893151176
should ve,0.06164228830665506
should wait,-0.029513368812734846
should we,-0.08628796986998673
shoulder,-0.06872815281605078
shoulder and,-0.03687430324625661
shoulders,0.06451567655024702
shoulders and,-0.03605831094451502
shouldn,0.167078265452358
shouldn be,0.038525065826148716
shouldn have,0.047777909832447084
shouldnt,-0.033547859799244864
shout,0.03816705849620713
shoved,-0.054124756523531915
shoved me,-0.006615289765433451
shoving,0.07185076151509559
show,0.0018185771337208682
show for,-0.11508605186829288
show his,-0.024759916574471234
show interest,0.09434348189498196
show me,0.10051479172353033
show the,0.07288806936101092
show up,-0.013041311250066448
show what,0.013854152743755711
show you,-0.09179964411594316
showed,-0.2672219028687382
showed me,-0.007760278934122659
showed them,-0.09980402393740632
shower,0.17289691212370784
shower and,0.13965913231502022
showing,0.07836800429579183
showing me,0.07916805391806575
showing up,-0.015893650348794024
shown,0.03489806191053718
shows,-0.30084510118313557
shows it,-0.07967029622147066
shrink,0.1006495078220826
shut,0.3312131101129893
shut down,0.13659584402218244
shut off,0.10890890996607659
shut the,0.15128546775786966
shut up,0.01338796015771606
shutting,-0.08795620173670554
shy,-0.1825112311469996
shy and,-0.09200752306240126
sibling,-0.029572554488428743
siblings,-0.13691629798536178
siblings and,0.020911644062226266
siblings would,0.01893950679412332
sick,0.902137154782333
sick and,0.17443679041490623
sick because,0.07895766981400561
sick of,0.19647137005667412
sick sick,0.11693072606401228
sick to,0.1506437404132849
sick with,0.07111396653796263
sickness,0.06314125542895856
side,-0.3036331563288041
side and,0.07869554113179388
side effects,-0.02371163249594223
side in,-0.10996994271797982
side note,-0.012322563083842355
side of,-0.026045061389032335
side so,-0.09679335018703279
side we,-0.06247395785305444
sides,0.15474716093195873
sides of,0.16538230422915218
sigh,-0.07946022686148524
sight,0.057957187818201375
sign,-0.0036732832463073272
sign for,0.018976048241953966
sign of,-0.12932379001325062
sign the,-0.025412882765348057
sign up,-0.10189596145349496
signed,-0.1764771413257881
signed up,-0.22158863704380571
significance,0.012835612914928697
significance to,-0.03832236404144581
significant,-0.08460674917925876
significant others,0.021729787077644648
signs,-0.12074496297160116
signs of,-0.12308774299522064
signs that,-0.036606675200708906
silence,-0.030193694663876978
silent,0.08460510500729508
silent treatment,0.0875585104631912
silly,0.049266861429480835
similar,-0.300360304233561
similar and,0.06719030221251159
similar experience,0.10783000848369076
similar experiences,0.07481157496723233
similar promotions,-0.07378535716214671
similar situation,-0.024354174457156045
similar to,-0.2458678033496554
simple,0.21919659180098094
simple as,0.008833314570072399
simplest,0.020452456375468917
simplifying,-0.0016685908696356967
simplifying it,-0.0016685908696356967
simply,-0.00047778683745263546
simply can,-0.014805825319444998
since,0.013472985230523035
since an,0.0828839091964481
since april,0.1075374560186066
since being,0.021990747921659094
since but,-0.012871105460930064
since came,0.028354916623116337
since can,0.13564497752573054
since developing,0.06560480765205953
since didn,0.076698158425395
since enjoy,-0.06589914647739595
since graduation,0.013687077497031231
since have,0.06825688677258819
since he,-0.3318302065898419
since her,-0.0034860001742174295
since highschool,0.08414879266543925
since it,-0.07200895189321933
since just,-0.067396803665859
since knew,-0.0040473819126313135
since last,-0.019207959964579205
since left,-0.13613388429156636
since march,-0.11303732109509924
since most,0.0319415161986789
since my,0.020213985126385062
since our,0.0006938693421503559
since people,0.07160105419614428
since september,0.064229209553487
since she,-0.058125102445911576
since started,0.04079942134824789
since that,-0.12987579517427328
since the,0.16151589632311542
since then,0.17223102660426998
since they,-0.12540533235206783
since this,-0.14362982425197193
since ve,0.14568379274099133
since was,0.046444648276302236
since we,0.02140597450806501
since went,0.015942643355896083
sincerely,-0.061999516185445455
single,-0.112866966207096
single day,0.12749176370560203
single father,0.0003721060078003457
single one,-0.07741054910808376
single thing,-0.009553058651209863
sink,0.01750015623880044
sister,-0.4955880752330855
sister and,-0.007080873512444226
sister at,-0.014610775672529532
sister has,-0.02857258572524207
sister her,0.03439072004464824
sister in,0.10931028911334968
sister is,-0.10391783193304145
sister that,-0.10949251199509488
sister told,0.005796283924278272
sister was,-0.11714578190977996
sister who,-0.056045065864010396
sisters,-0.11125313635869884
sit,0.24934192897945132
sit and,-0.01172928595203575
sit down,0.06154459931675983
sit in,0.13347760888422636
sit on,0.02796279091639138
site,-0.13306270516270088
site dogging,-0.07996473371485904
site url,-0.027547453310445995
sites,-0.07628119805379122
sites like,-0.13510608366452037
sitting,0.0894992908209707
sitting in,0.037499901782902786
sitting on,0.05685951895542939
sitting outside,-0.10357706100855374
sitting there,-0.0921774702329998
situation,0.46362190462911773
situation am,0.10425312055613695
situation and,0.23063955383452706
situation because,0.055036291424711156
situation but,0.10892868023821475
situation by,-0.02535505624492102
situation feel,0.12938223082630732
situation is,0.040728931974150874
situation it,-0.010452856330168498
situation like,-0.052460124862306
situation right,0.056991394024828494
situation room,0.08580513407427554
situation since,-0.0033546273451066136
situation so,0.024968143944763814
situation that,0.10832613412977903
situation the,0.07358589050354636
situation though,-0.07358187425539701
situation tl,0.07326000894773278
situation to,0.06994481988037031
situation was,-0.10189546333397359
situation we,0.17106620195691488
situation what,0.07060730249298741
situation where,-0.023382271553351954
situation with,0.0843348111603827
situations,-0.03399381666962833
situations and,0.037117933143689094
six,-0.03389259334545584
six and,-0.005583861571068734
six months,-0.07079398223121623
six times,-0.055991572649893
six weeks,-0.07828429861569829
six year,0.005648430504527082
six years,0.18225889033323237
size,-0.02392773808718995
size of,-0.03629178588355425
sketchy,-0.05479294032512411
skill,0.1086496924485234
skills,-0.3255180810735216
skills and,-0.07214656916542449
skills that,-0.08603779887203672
skin,0.07106385324996362
skin and,-0.09478283695589902
skin is,0.0034285749558214803
skinny,0.002113877135936057
skip,-0.01018839627170661
skipped,-0.03740081659178367
skipping,-0.07197294833370388
sky,-0.0057274131695998695
skype,-0.09898658845316062
slam,0.010644762768616128
slammed,-0.10333848422110271
slammed the,-0.17733464589275874
slamming,0.09691898667958374
slamming my,0.06579984578179777
slap,-0.011022759593128158
slapped,0.05988424359913151
slapped me,-0.026314858642284583
sleep,0.2022882555533689
sleep and,0.08960001279009326
sleep as,-0.06258079937569035
sleep at,0.002539151206677012
sleep because,-0.025582679540229157
sleep but,0.04137674130053482
sleep deprived,0.099589495227572
sleep even,0.05417762998307837
sleep for,-0.0087314747260058
sleep in,-0.25914263513864605
sleep is,0.06145766544561363
sleep my,-0.06549928999646057
sleep on,0.01832026285695818
sleep so,-0.036602692633544466
sleep sometimes,0.0557324946268041
sleep that,0.16950224438683026
sleep the,-0.005606428492124327
sleep was,-0.021478350215706515
sleep with,0.11963856899395708
sleeping,-0.5309922767874748
sleeping and,0.022523905280836278
sleeping bag,-0.15548660804116166
sleeping in,-0.07871969698579535
sleeping on,-0.2784496261893805
sleeping pills,0.07181488203230077
sleeping so,-0.051943933073767136
sleeping with,-0.0976199725341245
sleeps,-0.04697101518810852
sleepy,0.000661096319227649
slept,-0.15278247841887688
slept in,0.14544311560947729
slept together,0.014570549460432881
slept with,-0.3174692184430744
slew,-0.00975759323931996
slew of,-0.00975759323931996
slide,-0.0025288202631202255
slight,-0.07334085028182315
slightest,0.11599564002670264
slightly,-0.0723851050930739
slightly better,-0.018875116386450067
slip,-0.0600567834902938
slipped,0.19916762902050883
slips,0.07932057933877922
slow,0.19030472925535355
slow and,0.08593672105440876
slow in,0.017614389041660104
slowly,-0.2544188133594122
slut,0.06634725177061472
smack,-0.014820058663435678
small,0.0018856566688225378
small and,0.012417207709584975
small community,0.13365639944527585
small specific,-0.03832236404144581
small talk,-0.07908750078740422
small things,0.04602820610485703
small town,0.13957371269272734
smaller,-0.10621390847582732
smallest,0.0740640443840941
smallest segment,-0.03832236404144581
smallest things,0.09933357680035708
smart,-0.3351401846315537
smart and,-0.14811276066691767
smarter,-0.18052277262745953
smarter and,-0.13179313800174566
smartphone,-0.014880897276135075
smarts,-0.013507571069580492
smashed,0.09582887947282433
smell,-0.2701868735479404
smelling,-0.11710138724922492
smile,-0.01826384242136931
smile and,-0.05327855324234608
smiled,-0.14724315642802405
smiled and,-0.1344261350258057
smiled at,0.0004520698463932477
smith,-0.054117988518379415
smoke,-0.12755807401978123
smoke and,-0.0034308543449741956
smoked,-0.14136729104145837
smoking,-0.049832592010536414
smoking weed,0.09933652998253269
smoothly,-0.08884768911022382
snack,0.1678648980450324
snacks,-0.0035349422460407122
snap,0.10809197139976699
snap and,-0.007486526009857689
snapchat,0.10463691351314744
snapchat and,0.08661838928365902
snapchats,-0.07613107469551929
snapchats from,-0.07613107469551929
snapped,0.21819028419678183
snapped out,0.0939467925983658
snapping,0.08421416002655756
snaps,0.058773763834595066
sneaking,0.08687026110503913
sneaking around,0.08687026110503913
sneeze,-0.013846254865609869
snore,-0.12315914578726085
snore really,-0.12315914578726085
snow,-0.14071644684215145
snuck,0.06636103479482841
so,0.7626704313482127
so about,-0.09125765981762943
so afraid,-0.020314923808116378
so after,0.07571797227294867
so all,-0.023362687888514706
so alone,0.12241639921192866
so always,0.010378759658016413
so am,-0.04437793445943763
so and,-0.032754683686699114
so angry,-0.06104759563349419
so anxious,0.08337363280289461
so any,-0.021294804253448096
so apologies,-0.11096743943533192
so apologize,-0.08096250381178013
so are,-0.12414471859776
so as,-0.13745405706976677
so ashamed,0.06460672709340505
so at,0.08981547866440147
so awful,0.06728046995551504
so bad,0.3079609013940107
so badly,0.23739973456650085
so bear,0.06690932728068937
so betrayed,0.06017330943232453
so bit,-0.019726450616635933
so but,-0.14443674804871623
so called,0.07909769298683955
so can,0.23087303833358702
so cannot,0.1580243246782252
so close,0.02036980973772821
so concerned,0.07421412028906414
so confused,-0.009952233730572493
so could,0.04994527398066968
so couldn,-0.005331391485395122
so currently,-0.006062581089789093
so cute,0.01614660083520997
so damn,0.03718791639302525
so dearly,-0.08199070717555737
so decided,-0.0018992407615892224
so depressed,0.0030679204877386416
so didn,0.06459105668603798
so difficult,0.10644838413966146
so do,-0.07542087015761255
so does,0.009297384421700814
so don,0.0653366922638305
so easy,-0.12285024352865379
so embarrassed,0.08172442159829604
so end,0.05678467744958898
so even,0.15219462582404375
so excited,0.009948399333613715
so far,-0.2847560346786875
so fast,0.08707365989002341
so feel,-0.01575735330382525
so felt,0.09391389828007472
so few,0.052471128275711314
so figure,-0.13986842867293203
so finally,-0.0019436286629368248
so followed,-0.07247412732851366
so for,-0.11952350620328918
so fucking,0.15737820895477775
so full,0.11406240891076133
so get,0.11633009435865184
so getting,-0.10384332532894293
so go,-0.08903106055269731
so goddamn,0.13038892227606688
so going,0.014326012245730059
so good,-0.046724277020474485
so got,0.10482577855052132
so grateful,-0.1578439835281709
so guess,-0.13052793591392373
so guilty,0.12597476154900059
so had,-0.12345373378553641
so happy,-0.14004148582573403
so hard,0.36094360463878794
so has,-0.014180689577944583
so have,0.09816929202777258
so he,0.00458456810033519
so helpful,-0.043742767955615464
so her,-0.07522343942376424
so here,-0.3216908439098877
so high,0.10645869893631862
so hope,-0.1101628514824613
so hopeless,0.1170318234283535
so horrible,-0.003626292616145159
so how,-0.11822004523480338
so hurt,0.1035494342890645
so if,-0.10580320803166288
so im,0.05609615396628871
so in,-0.10552324229607873
so is,0.09326442724613616
so it,0.08254340673059155
so just,-0.23385408563672797
so kind,-0.01706727541943853
so kinda,-0.012709177806486133
so know,-0.02925228742403808
so left,0.021579267778383728
so let,-0.04437647457173877
so lets,-0.09954993539866656
so like,0.12508045707224644
so ll,-0.014301114217113175
so long,-0.2352683864332196
so looking,0.011028224815255571
so low,0.0861460853561349
so luckily,0.013421623730319398
so mad,0.029401003811660404
so many,0.005064126581341325
so maybe,-0.17340286275074202
so messed,0.006220639777076686
so most,-0.012428766962532624
so moved,0.03988469535971341
so much,0.27323614801875334
so my,9.874115699346235e-05
so need,0.002687171111260714
so nervous,-0.05962933355531894
so never,0.05855925625714394
so nice,-0.13445444415795454
so no,0.035082056131739134
so not,0.03562549902687629
so now,-0.017280615764856705
so numb,0.04235168963159196
so of,0.12758530600153828
so often,-0.013582419320735784
so on,-0.1870134762925437
so out,0.03830486594584618
so overwhelmed,0.08120598626975356
so overwhelming,0.13135177184944954
so paranoid,0.046509862655325876
so part,-0.0012339024096511442
so perfect,-0.06501852445674224
so please,0.046740365983564146
so quickly,0.09569927680695753
so real,0.05050910488006953
so really,0.08820367929666459
so reddit,0.06151682892683916
so sad,0.0888759612030889
so scared,0.4234098114561133
so shaken,0.06853106245284668
so she,0.0384316160532825
so sick,0.11146000190444297
so since,0.050823111616805444
so small,0.042001430395524744
so so,0.1416158180759608
so sorry,0.10764633910273881
so started,-0.009155219748242184
so stay,-0.05221661576140223
so stressed,0.07737277533187521
so stuck,0.07661976080077326
so stupid,0.13865191292386014
so sweet,-0.06798775041124094
so terrible,-0.07018860357735057
so thank,-0.08282934729662508
so that,0.13997412686355173
so the,-0.09392343397793002
so there,0.07854216693781665
so they,-0.06208816571004886
so think,0.010563647482391848
so this,-0.00999511093502439
so those,-0.013044844079253345
so thought,-0.20190027748970035
so tired,0.3337180064617814
so to,-0.014247057232689792
so told,-0.10631434551617211
so took,-0.0034617992931633024
so tried,-0.04546882845810901
so try,0.04239952529000035
so uncomfortable,0.06737463835628921
so unsure,0.008135373605625964
so upset,0.06732385192797298
so used,0.11357298090311758
so ve,-0.05389922151505247
so very,-0.11224523847255717
so wanted,-0.13301351845582654
so was,-0.138941278339557
so wasn,0.08609156232790499
so we,-0.5245454969224105
so well,-0.05755221125710287
so went,0.05376382749915678
so what,-0.08400931932973078
so whatever,-0.03856802555576929
so when,0.036773929862873776
so while,0.029739362416086046
so why,0.08660757207756462
so will,-0.16994047835449155
so with,-0.058835684195914915
so woke,-0.0751722862498444
so won,-0.020299552257272317
so wondering,-0.04042781622293283
so worried,0.04591345072456778
so would,-0.08532522243044674
so wrong,0.0782054995705774
so yeah,-0.024769108285027718
so years,0.02600474588567023
so yes,0.10893020075097923
so you,-0.04458542969257842
so young,-0.002030550492633261
so your,-0.0395484419386061
soaked,0.060529496656193824
soaking,-0.0859570112100999
sobbing,0.28840531808996933
sobbing didnt,-0.009168844028521667
sober,-0.07054824636194108
social,0.29564348461574724
social anxiety,0.2527787653992361
social interaction,0.06499237249764818
social life,0.11467091545754833
social media,-0.13961324714344056
social security,-0.021581283366659643
social services,0.13419132504641096
social settings,0.02088351873921583
social situations,0.13035158357954327
social work,0.012664534896489889
social worker,0.00586506399252169
social workers,-0.11424454619616513
socialize,-0.035957201240083114
socialized,-0.07991491658121086
socializing,-0.03223541539715611
socializing with,0.03723068482270624
socially,0.10715388935752465
socially awkward,0.09197270075397851
society,-0.007125209171226312
sociopath,0.022431821761615085
sociopaths,-0.10745298058093876
socks,-0.2104194593956777
socks and,-0.09252824291649225
soda,0.04637681238665739
sofa,-0.13452738538103598
soft,0.07602613425871532
sold,-0.02983842108722102
solely,-0.09588125975766233
solid,-0.04677605956301429
solo,-0.061225522279898
solution,-0.08099241726070665
solutions,0.06802390844599705
solve,-0.0956877907592208
solve this,-0.04362175622256697
solved,-0.02891321533231519
somatic,0.13627492579771971
some,-0.06631084519065604
some advice,0.07305900537161594
some audio,-0.05427865834755191
some background,-0.0376021308668624
some bad,0.06434524994684318
some bills,-0.14344008160265592
some but,0.0047248109305056156
some cases,0.002317888635825164
some clothes,-0.12432187192022434
some context,0.005171496009126289
some day,-0.005058963908393873
some days,0.34854600666313873
some demographic,-0.04509382103789202
some details,-0.081857497000059
some feel,-0.0009794877350574615
some feelings,-0.06589914647739595
some food,0.08704381808801
some form,0.09722924232752489
some free,0.004162906616891593
some friends,0.019307742925844407
some healthy,-0.02344789117251984
some help,0.0012266586943516047
some how,0.05712425550487452
some information,-0.052509132007000976
some input,0.01910809745327965
some insight,0.016906447829325155
some issues,-0.10068621959822774
some kind,0.036580680916924575
some kinda,-0.023110636077342084
some lady,0.0007658097199759375
some mental,0.01608630734414282
some money,-0.04391564831262971
some more,-0.0671287560838161
some new,0.043107590120310076
some of,-0.2977324456127626
some one,-0.1488695559070678
some other,0.04141133263964628
some part,-0.014672899011974362
some people,-0.06841570664621136
some personal,0.0024006266256044895
some photos,0.12621477936815148
some pictures,0.03312987949231206
some point,0.0017573279155306373
some pretty,0.09624857958558909
some questions,-0.0517322114534977
some reason,0.0032849570339031943
some relaxing,-0.010227729703828466
some resources,0.0037502845583715157
some serious,0.05947599652667801
some small,-0.09433816924388112
some sort,-0.0468292367115981
some stuff,-0.09620758365943666
some success,0.019562194581240006
some things,-0.011317494102459354
some time,0.021054204747120362
some tv,-0.1231245526150485
some type,0.07025902032918203
some very,0.1543470012004596
some way,-0.1157218719836747
some ways,0.009170412461052817
some weeks,0.10466257484129707
some weight,0.09466910828393571
some weird,0.06715326490010114
some words,-0.0022462193811113745
somebody,-0.0486159368379365
someday,-0.05908492731102017
somehow,0.06001919589023994
somehow even,-0.05008907490904032
someone,-0.07510861360980234
someone about,-0.03155838576069775
someone asked,0.008060876735010065
someone before,-0.021532556536845122
someone but,0.09529173676937763
someone can,0.043587070004778836
someone could,0.13321860640487623
someone don,0.08497626021012195
someone dying,0.0001698176695221526
someone else,-0.27983977392820153
someone from,-0.03413493213742446
someone had,0.12089265308375964
someone help,0.12472478559683105
someone house,0.08580513407427554
someone in,-0.2076080339625912
someone is,-0.13797722912577673
someone know,-0.11605725425315593
someone might,0.040079090664943605
someone older,-0.0605061454050651
someone on,-0.029228415697335502
someone or,-0.04558063481494317
someone over,0.06486977522763028
someone please,0.06442192086140602
someone sent,0.02295571416189002
someone tell,0.0897560847530406
someone that,-0.006182271059503684
someone to,0.0311427866573091
someone when,0.06296873201333825
someone who,0.09140029557343567
someone will,-0.10194964403196703
someone with,0.0672165195933494
someone would,-0.1272632616429983
someone you,0.03570992144168176
something,0.29756886876668215
something about,-0.013863121321429667
something along,-0.042285113867609525
something and,0.16278140157561286
something as,0.051880958540519294
something at,0.006799625088190401
something back,0.010734477315494852
something because,-0.04469351427530897
something but,-0.009325390819852232
something can,0.0638997069849689
something could,0.07104045982534195
something didn,0.007345617807456705
something different,-0.024235744968223918
something don,-0.028845851725882533
something else,0.17723968644960691
something even,-0.03314069974177769
something for,-0.04363033684661842
something had,-0.025141652570426245
something happened,0.08972762362774096
something happens,-0.09804258505693607
something have,0.05602096850467161
something haven,-0.03896105110430516
something he,-0.12936111922263385
something in,-0.06794586847309098
something is,-0.0007146420225927089
something just,-0.023871459024701468
something like,-0.019311524028149826
something ll,-0.016820361687388034
something my,0.06280977142275944
something nice,0.029152847994038115
something or,0.05448007949893703
something really,0.014470153143305865
something service,0.08054241794240742
something she,0.01470298515242837
something similar,-0.06409329421445852
something so,0.08017106825420575
something special,-0.06055722972615767
something specific,-0.023784737741668508
something stupid,0.13208267886270872
something that,-0.06123461274993488
something this,-0.05039798748751707
something to,0.06148192277052246
something was,-0.02481166633249022
something we,-0.11200028142818144
something with,-0.011593442072443137
something worse,0.10844311602181217
something would,-0.03102337011049565
something wrong,0.005045941552357423
something year,0.04790413703661831
something you,0.11731282894319998
sometime,0.11863885872073146
sometimes,0.46839699824440884
sometimes and,-0.031457640142942285
sometimes as,0.0034683645847704294
sometimes call,-0.03946648501191199
sometimes can,0.05638189391676608
sometimes cry,0.07083922307228269
sometimes even,0.03674171942562127
sometimes feel,0.0325313685585292
sometimes have,0.13973505721434784
sometimes he,-0.022978395263276028
sometimes how,0.08072248566189152
sometimes it,0.2332832671833691
sometimes just,-0.12059314767164071
sometimes ll,-0.020596360500075205
sometimes my,0.10812108446994403
sometimes not,0.0033568927260712146
sometimes the,0.044863720892826885
sometimes think,0.11419452556146346
sometimes we,0.1340300405930054
sometimes you,0.02789176269030077
somewhat,-0.32743911811739196
somewhere,-0.1178909101420286
somewhere and,-0.018143047094354145
somewhere that,0.08392342550594824
somewhere to,0.013417036172885475
son,0.002218929280068593
son and,0.011720187749343736
son birthday,0.006940592259520555
son he,-0.024530874312444318
son is,0.00542068252094665
son served,-0.07996473371485904
son to,-0.08694504143010094
son was,0.023182574728006524
song,0.08731134273799276
songs,-0.0886404947538306
sons,0.10558680123578625
soo,-0.11161558482568253
soon,0.36726604149144787
soon after,0.03417241990679616
soon and,0.07458362461705613
soon as,0.1152728184544798
soon be,0.10129976834627315
soon but,0.0479722289796727
soon enough,0.048303727562891426
soon for,-0.09632541153655408
soon have,-0.018356527864905117
soon so,-0.01986682868459239
sooner,0.06700754352521367
soooo,0.06736435774852065
sore,0.0007991370579295974
sore and,0.002185764644989437
sorority,0.0780945789016289
sorry,0.8715478324268595
sorry and,0.2610412606133231
sorry but,0.07878412625053377
sorry for,0.3661096300108366
sorry if,0.09523994640583588
sorry in,0.058532835489113345
sorry needed,0.075030706556789
sorry this,-0.030295430929520303
sorry to,0.09419686765294329
sort,0.10276526818561856
sort it,0.011041226364321756
sort of,0.07283221876698412
sorta,0.11154983100452096
sorted,-0.08944326590206406
sorts,-0.08476073486348505
sorts of,-0.047434194080304366
sos,-0.10298887846777266
sought,0.08916216052087163
sought out,0.09549853526605155
soul,-0.15703022861526736
soul and,-0.08249846955958931
soul relics,-0.03172256879923077
sound,0.004654806944965139
sound like,-0.05808631099787949
sounded,0.09207757274351487
sounded like,0.028095187606352417
sounded lot,0.023832849595205832
sounds,0.2836316727529022
sounds like,-0.13762726142204257
sounds weird,0.10238161652418565
sour,-0.11268706095331345
source,-0.0032135363506132575
source of,0.04208439727813636
south,-0.0036349800254149847
space,-0.008659395247325539
space and,-0.0064358704660444545
space but,0.02213992745420081
space for,0.11688343543206604
space to,0.04700424446290851
space when,-0.08978179381405954
spaced,0.0993943131488215
spaced out,0.0993943131488215
spaces,0.017216370816626435
spam,-0.02973695514400977
span,-0.12842966903595482
span of,-0.05496637120372421
spanish,-0.0625049000746911
spare,-0.1768749889129575
spare 10,-0.020430901918932813
spark,-0.012173889033662129
speak,-0.0015615840559292497
speak english,-0.05427865834755191
speak for,0.079524904252535
speak to,0.11525966633890018
speak with,0.051045760354462844
speaker,0.08912556059384337
speakers,-0.16004679560991333
speaking,-0.0585655771921133
speaking about,-0.09995234696956959
speaking to,0.10113750361493325
speaking with,-0.12608124185862624
speaks,-0.04798609682560118
speaks to,-0.06824257236466261
special,-0.09317154187964076
specialist,0.0856147267448416
specially,0.01159185513579457
specific,-0.08634887220156372
specific details,0.021528440171466934
specifically,-0.03345762188735736
spectrum,-0.037298927600102956
speech,-0.010394239251033338
speech and,0.009353113553088604
speed,-0.012096246689884769
spelling,-0.040891287974398914
spelling errors,0.006134655770920159
spells,0.07139054935489306
spend,-0.07838373895440866
spend 20,-0.0062448612801053955
spend could,-0.04361458378108298
spend it,0.00576873990793472
spend lot,-0.09691143872285396
spend more,-0.06242784460964816
spend most,0.07392633584992882
spend my,0.06124857504782477
spend on,0.07272528609256984
spend so,-0.014824398721345822
spend the,0.19072910807986418
spend time,-0.11596127594181611
spending,0.013282485556410222
spending all,0.07304453205930403
spending the,-0.13583829347393409
spending time,-0.04956455611642379
spends,-0.04719109797224245
spent,-0.023903701917010304
spent all,0.10249852063895537
spent hours,-0.025689166292981448
spent lot,0.11332961749507588
spent months,-0.0934316056874162
spent most,0.046849434293296084
spent my,-0.0910675772632378
spent the,0.009227982817906478
spider,0.052471128275711314
spider and,0.052471128275711314
spilled,0.021243949606571288
spilled good,0.016996543198463738
spin,-0.023274087241192294
spinal,-0.09109655496724309
spiral,0.14537111999604857
spiral when,0.07335528557712964
spiraled,-0.013399958797439751
spiralled,0.047166648747419604
spirit,0.05095739404503869
spit,0.015237938093703511
spite,-0.052224720882194084
spite of,-0.004628329531964887
split,-0.05319368042219944
split second,-0.08720919626947543
split up,0.17370733274752856
spoiled,-0.03056942162095316
spoke,-0.21048555239165626
spoke at,-0.10676539685285541
spoke of,-0.11122939974797383
spoke out,0.08422141696428216
spoke to,-0.06407361667933618
spoke with,0.04891974987592639
spoken,0.1260343829667757
spoken to,0.12084269624711814
sponsor,-0.08408377007179205
sports,0.08327810733295908
sports teams,-0.03532771686488898
spot,-0.044314469363860354
spot on,-0.02744170686145789
spots,-0.10722394339450646
spouse,-0.03861239372665962
spread,-0.10798930888217816
spring,-0.008992344040286229
spring break,0.12443888552794691
sprung,0.009427892885678562
spurred,-0.029587223392997464
ssdi,-0.07014974101604285
ssi,-0.12287866824127047
ssri,0.08364474143761909
stab,0.047045310152743186
stabbed,0.017180213033442783
stabbed in,0.10116039638187829
stabbing,0.09122095143239307
stability,-0.1116559602512439
stable,-0.1164556031631283
staff,0.27376206158562505
staff at,0.09533304179409374
staff in,-0.03074105019184583
staff such,-0.03074105019184583
staff under,0.055291654660498506
stage,-0.12202884393773317
stages,-0.05292807331544834
stages of,-0.05292807331544834
stairs,-0.04474304985144704
stairs and,-0.04067093280143874
stalker,-0.04255679247329132
stalking,0.047935305112037446
stalls,0.10751522662601101
stamps,0.12210923597594117
stand,0.24013202375962728
stand behind,0.04997582110967218
stand the,0.06963953866209037
stand up,0.024010550806897676
standards,-0.018371455829346944
standards for,-0.08791840458692148
standing,0.07522358989468453
standing in,0.051270326321485045
standing up,-0.009758060422078028
stands,-0.06369284510193365
star,-0.13065539592866096
starbucks,-0.07947200459001406
stare,0.11475766813282907
stare at,-0.027462578267591263
staring,0.005937527884723013
start,-0.371643621628945
start at,-0.09849013136150253
start business,-0.11907184531087273
start but,-0.15287830829326488
start crying,0.05731103811643507
start date,0.006198513612449951
start family,-0.08580286515214346
start from,0.04050060342470059
start getting,-0.02047760433000402
start having,0.06234459467841385
start living,0.08434257686559844
start my,0.12747037129323896
start new,0.1398176178142678
start of,-0.20336080401660087
start off,-0.056607791733688434
start on,0.10789901229733563
start over,0.04783514761772818
start sweating,0.04044674513287545
start taking,0.0657359134608534
start talking,-0.152660179891395
start the,-0.014865358349831206
start thinking,-0.0996205835559695
start this,-0.045960806774836035
start to,-0.008161527170302326
start with,-0.09374034099718255
start working,0.08240575201648397
started,-0.24225472359395098
started after,0.09058236560210532
started again,-0.19048710512834438
started and,-0.0125349140714946
started because,-0.09472631723469001
started by,-0.06694563231153267
started calling,0.09193080052064477
started coming,0.1004020538476229
started crying,-0.0011576687957474848
started dating,-0.06309507476616094
started drinking,0.08992697846905123
started fighting,0.0807693320022297
started getting,0.05103620842806981
started going,0.08655686463561116
started hanging,-0.08762955608742877
started happening,-0.0017987837470760325
started having,0.20754264089854693
started it,0.06395441648969882
started looking,0.06218334598956024
started new,0.08053155226094234
started noticing,-0.015283304423074821
started off,-0.047288242944291126
started on,-0.09293852282722352
started opening,-0.039640081437487575
started out,-0.02833647457179558
started screaming,0.22394082449934996
started seeing,-0.05167612769239436
started taking,-0.011663297962974882
started talking,-0.0029300197938775512
started telling,0.01316964778479048
started the,-0.08349596539106463
started therapy,-0.002338590226896081
started thinking,0.024453735836036446
started to,-0.19665658937105604
started trying,0.0010988193138697158
started up,0.07133740893633649
started with,-0.08311491589647507
started working,0.00391746141181654
starting,0.4551700703889611
starting in,0.0796191704369835
starting my,-0.04098767725523157
starting out,0.00020410085111916774
starting to,0.4872788828125107
startle,-0.15347653065784972
startle response,-0.1324409405742269
startled,-0.07484536382473257
starts,0.08174382104114349
starts to,-0.03114359184224965
starve,0.04353213702105374
state,0.07787952021150489
state and,-0.03677518075114243
state but,-0.012415508060822355
state feel,0.04358555250384965
state for,-0.06293689417657507
state of,-0.07741480024955603
state that,0.05502035680144404
state to,0.06513117789475857
stated,-0.14330748156828285
stated that,-0.09009667877633067
statement,-0.2069073918086193
statement that,-0.08479846156118839
states,-0.010052843718227556
states with,0.009187142894721436
stating,-0.08140818543146021
stating that,-0.1740940081784538
stating to,0.09142475861723957
station,0.01815883152935883
station to,0.11206010036373716
status,-0.12958557241366805
stay,-0.10277907631303061
stay and,-0.061014674425166365
stay at,-0.04217543315269181
stay awake,-0.13482758378209553
stay away,0.05766283588206569
stay here,0.05708578168989592
stay home,0.07214208509750036
stay in,-0.05971485058256181
stay on,0.029006954675027327
stay out,-0.11287761623241808
stay positive,0.044783699728152236
stay sane,-0.028005330051833317
stay strong,0.0057844824062728475
stay the,-0.07646963694304912
stay up,-0.034259703539682114
stay with,0.06636360896691516
stayed,-0.204030676695124
stayed home,-0.03291070694734021
stayed in,-0.07611031428089848
stayed up,0.13386668407271884
stayed with,-0.16054101497271211
staying,-0.2974073723944205
staying at,-0.04791206081888764
staying in,-0.09601678344598757
staying the,-0.07713647731553241
staying with,0.07666458243144203
stays,0.14847704432017397
stays with,0.10324698965070232
steady,-0.004336320955978864
steal,-0.1681271127641195
stealing,-0.07928423615476334
steam,-0.05474774549134034
stem,-0.014366848133851895
stems,-0.07461962951459186
stems from,-0.039112283735613186
step,-0.042139957282259735
step in,-0.0050897458835286145
step mom,0.013018866119038587
stepdad,-0.0318111879067439
stepfather,0.09373252477667551
steps,-0.03615231923788982
steps can,0.07716682146244636
steps to,-0.02893773029894779
stick,0.09155816073959509
stick around,0.06981856382240481
stick it,-0.02711281465888628
sticking,0.01986721438445925
sticks,-0.0536694519372897
sticky,-0.06529491140682986
stiff,0.0988398544279657
stigma,-0.013926813075674303
stigma and,-0.10140526935230892
still,0.6012538366702979
still am,0.081383800774412
still and,-0.013079835279077289
still around,0.059309468481441106
still be,-0.038612394846584956
still can,0.03709794852348121
still care,0.11768697985516963
still consider,-0.011996617849736164
still dating,-0.06405236561716156
still do,-0.19596996538085196
still don,0.15296189227536425
still feel,0.1633529344129333
still felt,-0.015784531271269706
still get,0.06977049577376879
still goes,-0.10345022530428953
still got,0.0071523850476799666
still had,-0.11718563179937498
still hang,-0.04581810822873103
still has,-0.00294172584591089
still have,0.19188413099778695
still in,-0.029490460339432444
still keep,0.053726965272397766
still like,-0.039341900987985526
still live,0.023507082227201895
still lives,-0.09300800341325483
still love,-0.0463908509333635
still loves,-0.008526314784964862
still maintain,-0.05581193537247974
still married,-0.08348092207906085
still my,-0.02298781514893195
still need,-0.06537721182637975
still not,0.12083688870624643
still paying,0.05190033215997503
still refuses,0.035553534242954626
still so,0.09498982138175192
still struggling,0.06883563155502813
still the,0.07654840668437579
still think,0.14434337661350283
still thinking,0.061382725509310565
still to,0.06276413999174395
still trying,0.05385455898826147
still very,0.03510103359432295
still was,0.06368941753520475
still young,-0.09803909395032602
stimulation,0.0028716745538765243
stipend,-0.12166368729789487
stitches,-0.010822761233804462
stock,-0.04039680591978385
stocking,0.010997746355868499
stole,0.09450578527937677
stolen,0.014497978146979111
stomach,0.35724000105138004
stomach ache,0.044082744065680086
stomach and,-0.016830030215030378
stomach flu,0.04981946567532332
stomach with,-0.017773693740656533
stoned,0.053052590270092924
stood,0.11116199865692447
stood by,-0.007251415765368321
stood on,0.00927772338110758
stood out,0.10171621471956119
stood there,0.0741605859956093
stood up,-0.03588319406521132
stoop,0.03038723856028756
stop,1.0163365858653108
stop and,0.19544395359941144
stop at,-0.011797215311247982
stop before,-0.00042486239550245313
stop being,0.1851845386461872
stop crying,0.1500297298678323
stop eating,-0.058905763691697484
stop feeling,0.09684478871129477
stop hanging,-0.01591342841826713
stop he,0.07478263909859527
stop in,0.06596366595465808
stop it,0.03401825409879169
stop me,-0.10377018789669148
stop my,-0.01741663648092651
stop myself,0.0625191749172208
stop she,0.1343381755777321
stop talking,-0.2774130596046751
stop the,0.09537085394909724
stop thinking,0.2583740638079301
stop this,0.14922605739600234
stop when,-0.09563405885650107
stopped,-0.1054511914508858
stopped and,-0.07637324704540342
stopped going,-0.0016321325207166353
stopped he,-0.09474443993904189
stopped me,0.04859126045764205
stopped taking,0.0477230068187904
stopped talking,0.061713103169279866
stopped the,0.024347761470772757
stopped working,-0.08305423852325762
stopping,0.14589589334795025
stopping me,0.11717283404046223
stops,0.10244080778693236
storage,-0.18266575553770573
storage unit,-0.06789854401377345
store,-0.29027164467517075
store and,-0.09629894223097686
store so,0.09312979900632143
store the,0.03378167794763854
store to,0.07097587454275515
stores,-0.07648142693507207
stores offer,-0.07378535716214671
stories,-0.26508796444222094
stories and,-0.11947957074779643
stories as,-0.04989070848110661
stories of,-0.01777679420934373
stories on,0.03557878284832089
stories that,-0.07292461548221621
storm,-0.2558977251442754
stormed,-0.14565044561367985
stormed off,-0.11296456511639152
story,-0.2060338552763098
story about,-0.01999663961723484
story alongside,-0.03172256879923077
story and,-0.023549318692356547
story but,0.014848243816992209
story here,-0.026532782487877136
story how,0.0024843780736703057
story in,-0.10305398083490865
story is,0.04165618831836914
story please,-0.0395484419386061
story short,0.01671910999547551
story was,-0.0834349041576293
storytelling,-0.03172256879923077
storytelling and,-0.03172256879923077
straight,0.22083975654181262
straight and,0.1233693285417829
straight away,0.007615266898489816
straight from,0.025422507203332795
straight out,0.005801463244616059
straight to,-0.04511391726870077
straight up,0.08677839659510947
straight with,-0.011443372275084658
strain,-0.11521725244807265
strain on,-0.06530789292332484
strained,-0.1162009747198378
strange,-0.07808877770500713
strange symptoms,-0.0003727531563076209
strangely,-0.011549931863810276
stranger,-0.022870167466610802
strangers,0.07456228451316557
strangers it,0.08029468151894734
strangers to,-0.08180086472154542
strangled,-0.12058907257546367
strangled me,-0.12058907257546367
strategies,0.07715499343420604
strategies can,0.05125191359490563
straw,-0.0035799490007255683
strawberries,-0.013545594129724012
street,-0.10654772350994914
street for,0.02484545935066551
street smarts,-0.013507571069580492
streets,-0.04432872921424918
streets when,-0.06655026477653447
strength,-0.12485888240665191
strength to,-0.054994402685599644
stress,0.5860734069107693
stress and,0.00393227875760044
stress have,0.05271891118126256
stress is,0.1369426836754891
stress of,0.07198804387966806
stress to,0.04743423219373524
stressed,0.3836286425415932
stressed and,0.05194378305721194
stressed out,0.16528442306178293
stresses,0.05803889651249267
stresses me,0.05803889651249267
stressful,0.22981446838496086
stressing,0.028928503152790778
stretch,0.017893033395718
strict,-0.029328679448445572
strict and,0.009281466716907926
stroke,0.09976496154136774
strokes,-0.09296477437098087
strong,-0.22587187580974158
strong and,-0.08421122387556329
strong enough,0.055690472617641866
stronger,-0.33535297337975717
stronger than,-0.027743438915521307
stronger together,-0.043742767955615464
strongly,-0.0717488644021784
struck,-0.1310279800104572
struck me,-0.077180398140541
structure,-0.08566010560423273
struggle,0.0865800511298794
struggle and,0.08267651907699317
struggle with,0.02578116994900353
struggled,-0.1073218789778381
struggled to,-0.015223022149220404
struggled with,-0.018779214100319006
struggles,-0.04547578455778058
struggles and,-0.052473188428080235
struggling,0.18031878744658647
struggling in,-0.10299942628770428
struggling lately,0.11880243878642291
struggling more,0.08882922995598597
struggling to,0.09407474276004552
struggling with,0.04428282410012338
strung,0.06395852446360321
strung along,0.06395852446360321
stubborn,-0.042013828685161916
stuck,0.4712965671058989
stuck and,-0.009212265165618568
stuck here,0.1379839177667122
stuck in,0.001025754082355101
stuck on,0.16215270725685177
stuck there,-0.00685967237545611
stuck with,0.10087699484743387
student,-0.22799528009612474
student and,-0.03882731640977439
student loan,0.1567095425972781
student loans,-0.009981943687450603
student researcher,-0.052360604150883464
student who,-0.07432629619070824
students,0.10047191960735831
studied,-0.19645144165894343
studies,-0.010976683051910312
studies have,0.013865172303972838
studio,-0.021470755416380705
study,-0.36962366703461436
study and,0.029868398952079926
study are,-0.03571177968025058
study at,-0.0640842790181795
study explores,-0.020430901918932813
study for,-0.07381723703735249
study is,-0.10662441864867868
study please,-0.03632146800876842
study url,-0.0561182145660976
study will,-0.12298358047008394
studying,-0.1835470032535611
studying and,-0.066612884942208
studying for,-0.10014965378641544
studying in,-0.008140903512823415
studying the,-0.07323837965225166
stuff,0.10474937182089894
stuff and,0.05316645886100354
stuff but,0.09396755572779204
stuff could,-0.09635782681417841
stuff done,-0.019538174228990127
stuff for,0.11238754285066134
stuff he,-0.0006790053690099954
stuff in,0.1284197605754353
stuff just,-0.022111166669657123
stuff keeps,0.06315390047758175
stuff like,0.0914229919572277
stuff on,-0.03165770363486918
stuff out,0.07582334554536463
stuff really,0.008443492640613686
stuff that,0.08153056120037853
stuff to,-0.012643725767764865
stuff together,0.0042400216612448255
stuff with,-0.009003319688220475
stuffed,-0.03368561182079913
stuffy,-0.030729237703080368
stupid,0.4237123420496719
stupid and,0.20325322841679758
stupid at,0.10570492260937472
stupid know,0.11567430747834619
stupid to,-0.03605831094451502
stupidly,0.05775286872908368
style,-0.1296425721142172
style of,-0.10199749510615252
sub,-0.518465029052307
sub for,-0.07734561242318427
sub it,-0.052473188428080235
sub to,-0.08643741773903292
sub would,-0.07684702969394325
subconscious,0.13499485161627428
subject,0.05711309674119565
subject to,-0.05267499177391943
subjected,0.006640595883123386
subjects,-0.1286080929835279
submit,-0.015413227038888892
submitted,3.8850980881613965e-05
subreddit,-0.38349319208312194
subreddit about,0.008240677267543005
subreddit and,-0.06989437217347409
subreddit for,-0.0007781204762119152
subreddits,-0.07654793517181047
subs,-0.15390179472481702
subsequent,0.07456190129968064
subsequently,-0.02646467286105397
substance,0.029090905002467193
substance abuse,0.029090905002467193
substantial,0.0729833564938787
subtle,-0.00890443226894233
subway,-0.06459242610166326
succeed,-0.045301350799210605
success,-0.05092353934722031
success but,0.01951364603000903
success with,0.012207184959177612
successful,0.08629771429319343
successfully,0.007502464638333811
such,-0.180377607184438
such an,0.14593216541938753
such as,-0.2738998166779099
such bad,0.014743215789655591
such big,-0.03632322061826087
such but,-0.01941168160362044
such luck,-0.00263607735485516
such thing,-0.1682543422457107
such way,0.01825506842939423
suck,0.1956486406084895
suck at,-0.033280395099701085
suck it,0.10131092407110924
sucked,0.033615583301331756
sucking,0.06357409930834462
sucks,0.2875455177580677
sucks and,-0.008932032580536608
sucks but,0.21607400721757244
sucks we,0.02809359284060238
sudden,0.16324018436101898
sudden all,-0.033707582784019446
sudden loss,0.06766147407898376
suddenly,0.06514125366157476
sue,0.0957186975285253
suffer,0.515592533401041
suffer from,0.29078025756483944
suffer with,0.09811648218960026
suffered,0.08797285312629272
suffered from,-0.12868700182666012
sufferers,-0.08668985223213956
sufferers who,0.024211995295907
suffering,0.03511011599719928
suffering from,0.03918909300917937
suffers,0.1118277906126185
suffers from,0.06656462322218946
sufficient,-0.09138816542285545
sugar,0.12941279013428575
suggest,-0.0029603750052892177
suggested,0.007339138325243887
suggested that,0.05962883333712951
suggested we,-0.11613811620988503
suggestion,-0.13989957947294548
suggestions,-0.2618524301814041
suggestions for,0.011438560416766537
suggestions on,-0.10908080343035748
suggestions or,-0.002896098475583525
suggestions thank,0.015151362657475824
suggests,0.005530540130034764
suicidal,0.4150262834887442
suicidal and,0.0008405142214792629
suicidal thoughts,0.09677128427781924
suicide,0.5200962754447743
suicide and,-0.0281107665993649
suicide at,0.07780333754401214
suicide attempt,0.033552254852619305
suicide he,0.057755310974915056
suicide related,-9.713715777376413e-05
suitable,-0.0042011823154781405
suited,-0.07856824961852271
summary,-0.03605799063062378
summary of,0.07769520831752375
summer,-0.13160370940424568
summer and,0.07318200944086188
sun,0.051622410642258025
sunday,-0.04183622186079146
super,-0.09416294921663303
super anxious,0.0728399524316813
super bad,0.09440607699671792
super cute,-0.07239839004077882
super long,0.056911278702760214
super loud,0.006501498489428172
super nice,-0.07480072889856852
super smart,-0.09285620511192116
supermarket,0.0649479231278119
supermarkets,-0.11453405997192743
supermarkets or,-0.07378535716214671
supervised,0.09147260433682472
supervised visitation,0.09147260433682472
supervisor,-0.029280372198306263
supplement,-0.06819117519661841
supplemental,0.005350193683792326
supplies,-0.052934132596454984
supplies for,-0.01271941247441694
supply,-0.13782923348658563
support,-0.5284304342833229
support and,0.050744845914417296
support chatroom,-0.05581193537247974
support for,-0.10574915431602468
support forum,-0.03074105019184583
support from,-0.047820843791729066
support her,0.07476096990383543
support him,-0.010498075531777394
support is,-0.037378757118133966
support me,-0.09386641676269032
support my,-0.036091299635877254
support myself,-0.04076016920718265
support network,-0.048496281611319296
support or,-0.048238910846708186
support staff,-0.08019641990781513
support you,-0.06802738852603056
supported,-0.24771368391636864
supported her,-0.11518730525516423
supported me,-0.08521870235956365
supported survivors,-0.03074105019184583
supporting,-0.03775935004273047
supportive,-0.1986580630809227
supportive and,-0.0439862932653107
supportive but,-0.05709953301674318
supportive friends,-0.10434186555473186
suppose,0.01406661346968485
suppose to,0.10410225319521947
supposed,0.19902444793756185
supposed to,0.19902444793756185
supposedly,0.040084903800497236
sure,-0.10836910219231312
sure about,-0.03305206240467487
sure and,-0.11863023828860765
sure as,-0.01572696522112872
sure but,-0.018340956763732652
sure can,-0.012853636471473936
sure don,-0.038892154179804475
sure he,0.03808462737748606
sure his,0.19478184726836045
sure how,-0.1306798453827283
sure if,0.003422468504567501
sure it,0.07437273555000803
sure my,-0.040363132545629586
sure she,0.03740014648539214
sure that,0.0186162408491033
sure the,0.011362053458877575
sure there,-0.11398559942913956
sure they,-0.0018534510979910138
sure this,0.11520030932421403
sure to,-0.1245090133937034
sure was,-0.03681900351039157
sure we,0.0015558317435237978
sure what,0.15557725340899273
sure where,-0.03354078507769192
sure why,0.19394962392472215
surely,-0.09613008076693723
surface,-0.028473122665883793
surface level,0.00805979308384981
surfing,-0.06296292409016406
surgeon,-0.01872444601270248
surgery,0.1681637162789326
surgery and,0.04947638751229212
surgery but,-0.04359150639983653
surgery so,0.014003449896918293
surprise,-0.1317559748200487
surprise he,-0.10120990219817444
surprise that,0.0019895219737444576
surprised,-0.005449670681568193
surprised that,-0.087904313885637
surprising,0.08148819631877158
surprisingly,-0.01169687524872562
surreal,-0.1408420400008225
surrender,0.00206195479313972
surrounded,0.007361808061072848
surrounded by,0.14878679297516176
surroundings,-0.11536712847857994
surroundings and,-0.1585906696609258
survey,-0.7592946082185863
survey and,-0.06454730866600734
survey being,-0.06957693334042768
survey for,-0.04509382103789202
survey if,-0.02921530124171524
survey is,-0.08719069339452692
survey it,-0.05622518745689932
survey items,-0.08207607184570503
survey link,-0.04457371702293766
survey may,-0.0446060281275612
survey please,-0.043620118405834116
survey thank,-0.04457371702293766
survey the,-0.06701934907671325
survey we,-0.02921530124171524
survey will,-0.05680835164490866
survey with,-0.06696772697878069
survey you,-0.06957693334042768
surveys,-0.10842322409337585
surveys not,-0.052360604150883464
surveys to,-0.08943865213868817
survival,0.03638478281568141
survival mode,0.10453558226926839
survive,0.013979074023594842
survive in,0.12245773200474053
survive the,0.05959772468281571
survive without,-0.07008432426274643
survived,0.06447675617122449
survived always,0.0021420730087026636
survived this,0.06297278930467574
surviving,-0.06310277208234655
survivor,-0.006009503138903168
survivor of,-0.05490532160886857
survivors,-0.4114696575846632
survivors from,-0.03074105019184583
survivors many,-0.07072580293209467
survivors of,-0.04338530682434815
survivors the,-0.09417480604322265
suspect,0.10163906888295182
suspect that,-0.014815547957684387
suspected,0.025885045155882976
suspended,-0.06728611389618899
suspicions,-0.029534266386695002
suspicious,0.013114382888790249
sustainable,0.023623720518730202
swallow,0.05181224741545279
swear,-0.09744105247964381
sweat,0.08934458724139868
sweating,0.12406758935044077
sweating and,0.09931103471139865
sweaty,0.06830740632147887
sweden,0.08442218637679591
sweep,-0.0016772174933282443
sweet,-0.1151257303089544
sweet and,0.08886544743338622
sweetest,-0.03434619591523997
swelling,0.09930046991204375
swimming,-0.080048570265958
swing,-0.05393122792559089
swings,0.01911303675580693
switch,-0.08971073847493032
switch blade,-0.01478186483761288
switched,0.16007810881972587
switching,-0.08479895165982869
swore,0.09258449835605853
sworn,-0.002559454028357848
sympathetic,-0.17428198466341102
sympathize,-0.10180694861356686
sympathy,0.08830558992381672
symptom,-0.06327268921224159
symptom of,-0.0472944927713931
symptomatic,0.001064981170531659
symptoms,0.2289687640131297
symptoms and,0.1775426515029414
symptoms are,0.05609578138360032
symptoms but,0.02570142991462852
symptoms from,0.0024306778072378777
symptoms have,-0.03046403307707668
symptoms of,-0.10649393025997238
symptoms so,0.07997780605410446
symptoms started,0.008880348969338188
symptoms to,-0.07741095764720224
symptoms would,-0.0575058973832862
syndrome,-0.11073242082840662
system,-0.11041065212493861
system is,-0.014370530655933708
system url,-0.020430901918932813
table,-0.07501994465809098
table she,-0.020805358613351137
tackle,-0.029277286477568925
tackled,-0.03176415694989861
tact,-0.0395484419386061
tact it,-0.0395484419386061
tactic,-0.008378200566192743
tag,-0.09950072227386714
take,-0.2956131923054601
take about,-0.06221769699035902
take all,-0.027965295705293016
take another,-0.007846891658020397
take any,0.10395311472937953
take away,0.0636186327907211
take between,-0.0446060281275612
take care,0.19538366576181293
take for,-0.0016503086788587549
take good,-0.12160859833508961
take her,-0.0033041615932632358
take him,0.14153072177943024
take his,-0.07389795075875007
take it,-0.461106403127942
take long,-0.025412484273242213
take look,-0.058679164534186784
take lot,-0.03992816711913522
take me,-0.061363773485941915
take medication,0.068159571581957
take my,0.196940267746019
take off,-0.12510072113645473
take on,-0.006773287177362293
take out,0.0979381844583196
take over,0.005259264651842591
take responsibility,0.017608621306232874
take something,-0.07804913884448735
take that,-0.006917559301921165
take the,0.0352306725591695
take them,0.011107974310687252
take this,-0.04578316314590392
take time,-0.023582172219956635
take to,-0.05896969533485803
take you,-0.07684620217103877
taken,0.44727197705411254
taken away,0.00812546221284062
taken care,-0.02653154949489111
taken from,0.050226561054947126
taken it,0.04898811771112401
taken me,0.07584215746021512
taken seriously,0.09855003438456694
taken the,0.012613059871357388
taken up,0.0838090211468875
takes,-0.13529743632497523
takes about,-0.06044409333432075
takes lot,-0.10210648385838016
takes me,0.10248537216572128
taking,-0.3095912851027891
taking 10,-0.05427865834755191
taking 40mg,-0.009842560423208559
taking break,0.06363484621810103
taking care,0.021866541544634518
taking her,0.09285999840892158
taking his,-0.08215268577275918
taking it,0.020500060008290605
taking me,0.047168216734577786
taking medications,-0.03705029329872943
taking my,-0.016886041507745697
taking out,-0.012561484330676042
taking pills,-0.01569692407025109
taking programming,0.0657359134608534
taking the,0.024742066852363062
taking them,0.0734231906039091
taking this,-0.078590239784691
taking time,-0.01182811881713983
taking up,0.06042317501266746
taking zoloft,-0.026302589523312776
talk,-0.04847227560378749
talk about,0.1438504407463649
talk all,0.12215307280700077
talk and,-0.04003500387733638
talk but,0.10204301928580378
talk he,-0.036955835009718205
talk if,-0.14106398868114545
talk it,0.09589840670235404
talk like,-0.10841568949006125
talk more,-0.02645827323476653
talk much,-0.06183969680806841
talk on,0.03709031910896468
talk the,-0.07748127474948525
talk therapy,0.0050175115434644615
talk through,-0.005310269776374727
talk to,-0.07519343351683697
talk with,-0.11568237468891159
talked,-0.30639841874720086
talked about,-0.13763749722042318
talked to,-0.20380657515977146
talked with,-0.009168844028521667
talking,-0.11024620101952128
talking about,-0.06921547255958095
talking and,0.028489364103920816
talking at,-0.10494847834717388
talking on,0.004690749145939426
talking to,0.14447218061540734
talking with,0.09142637345408527
talks,0.055556883835925934
talks about,0.04279674235808709
talks to,0.0674230709498938
tall,-0.07573484356327123
tantrum,0.15053957518072433
tantrums,0.09453266629695924
tap,-0.06796568773652747
tapering,-0.11725403527436723
tapering off,-0.11725403527436723
target,-0.050323193616296946
targeting,0.08504437739387916
task,-0.1442982437486831
tasks,0.14575630407977835
taste,-0.12002654989205502
taste of,-0.006310441889965625
tattooed,-0.10127321026163243
taught,-0.1385820789465128
taught her,-0.08210683914007685
taught me,-0.10225028157091275
tax,-0.13391137271970632
tax return,-0.12781898628188185
taxes,0.00028574066812137847
teach,-0.009533017595077234
teach my,0.05891107815490358
teach myself,-0.032113671157942524
teacher,0.019779566398627015
teachers,0.13803176656438945
teaching,-0.1901642754788786
team,-0.4098622566549639
team and,-0.06933306316020653
team is,0.021350021425055293
teams,-0.13396601760999463
tear,-0.060328729423518294
tear and,-0.08027898441829472
tearing,0.14184088542778642
tears,0.19594352091301562
tears and,-0.1301791191497615
tears in,-0.009975509603987104
teasing,-0.08025664514000222
tech,-0.11905567043644115
technical,-0.09938824128695115
technically,-0.07326151663333667
technique,-0.08701384090472662
techniques,0.00741332176084599
technology,0.0329535273367254
teen,-0.08515004290296843
teen and,0.0005990445146376361
teen years,-0.0397501685633347
teenage,0.0073383823987030715
teenager,0.24878115205647905
teenager and,0.11436134741978252
teenagers,-0.16892181363210138
teens,-0.17744927631879187
teeth,-0.23579543609045592
tell,1.073812764050248
tell anyone,0.261569407958738
tell by,0.08524596367091138
tell her,0.23054897010892614
tell him,0.22628137280341404
tell if,0.18028882939724436
tell it,-0.0384525623789617
tell me,0.4768216932575219
tell my,0.44885862614804617
tell myself,0.16255305584833526
tell not,-0.04989070848110661
tell people,0.10872963787029932
tell someone,0.16904355123995224
tell stories,-0.03172256879923077
tell the,-0.10642509759602946
tell them,-0.0941545422579608
tell this,-0.035111957493834375
tell you,-0.044946353442045464
tell your,0.09876883066399478
telling,0.26028717415090147
telling everyone,-0.02287667851836904
telling her,0.01708608695678751
telling him,0.13797142902639561
telling me,0.1334161908618409
telling my,0.08925801012907984
telling myself,0.05290218949108473
telling our,-0.03262443981013169
telling people,0.05958720620583057
telling them,-0.0625601354960649
tells,0.11254745015338495
tells everyone,0.027718861433785866
tells me,0.24565295997949094
tells you,-0.06875506342929198
temper,-0.002271146349308883
temper and,-0.018219784703873924
temperature,-0.15443466701109873
temporarily,-0.033205418498544574
temporary,-0.015713734941973916
temporary housing,0.08143652573673266
tempted,-0.05406577316734353
tempted to,-0.05406577316734353
ten,0.010425926869012518
ten years,-0.0006926746626910577
tenancy,0.10926838362218712
tenant,-0.056896084390042075
tend,-0.2738266337893749
tend to,-0.22639848827852946
tendencies,0.13182142357709367
tendency,-0.07386692631077636
tendency to,-0.07386692631077636
tends,0.015704562827877962
tends to,0.015704562827877962
tense,0.04429524974624031
tense and,0.07016924838253097
tension,0.06928858239623742
tension and,-0.0043614934568212615
tension headaches,0.06054334514988189
tent,-0.13421309984568006
term,-0.3192884302374071
term plan,-0.07774548320260892
term relationship,0.022860188525373352
term serious,-0.13704889366806194
term this,-0.08768117550550743
terminal,0.001444271593222372
terms,0.010732217309344101
terms of,-0.11749246351458358
terms with,0.03636636423281349
terrible,0.5402337741882058
terrible and,0.07692709434974353
terrible because,0.058566229878718505
terribly,0.1931809877222672
terrified,0.6643944349408791
terrified and,0.10630113445621438
terrified of,0.327785087577582
terrified that,0.15016749085206674
terrified to,0.1274094321525637
terrifying,0.1446198748398152
terror,-0.06485585126431903
terror and,0.0014023050267666015
terrors,0.10292422226428044
test,0.21437945821965265
tested,-0.005724037517838666
tests,0.17209426498980682
tests and,0.11314535514171364
tests done,0.07912329542020584
texas,-0.10866306957008448
texas area,-0.06318390136461079
texas in,-0.10111530660297494
texas woman,-0.053725554386272474
text,0.04617417908170406
text and,-0.06192264030391297
text from,0.1067192261870415
text me,0.04354958224239809
text messages,-0.030126382707626572
text that,-0.023644655104610016
texted,-0.03412300036130846
texted her,0.019548503283960926
texted him,-0.03858652008613972
texted me,0.00854531996600644
texting,0.11677736781165886
texting me,-0.00716292555452753
texts,0.30084376877557684
texts and,0.02451914097473896
texts etc,-0.07382239719695743
than,-0.23194135292170043
than 10,-0.02175305190146597
than 15,-0.096862143969488
than 30,-0.006306781963094575
than actual,-0.011153411762399349
than already,-0.009011963564273036
than am,-0.06173240650610814
than anyone,-0.03842141534884391
than anything,0.022008277190055575
than before,0.02354276983554083
than do,-0.03450042808210685
than enough,0.017809826650681294
than ever,0.03114133369519303
than expected,0.06406891681903418
than he,-0.0617139851778237
than her,-0.0018122676365943874
than him,-0.0803512609439518
than ideal,-0.06241485665190915
than it,0.10738299048258242
than just,-0.07930590752497109
than last,0.06053311081940487
than like,0.06693645544639669
than me,-0.018702915247561486
than mine,0.08327754137869216
than months,-0.03162348353413712
than most,0.07385598946782057
than my,-0.12978119690011822
than normal,0.05499332965514458
than one,-0.05774885583275404
than she,0.02561005133707433
than that,0.15534596717299662
than the,-0.0400069267075006
than they,0.06308942577334968
than usual,0.11706696926654174
than ve,0.07889682584665297
than was,-0.03490713824032118
than week,0.05015069374632578
than what,-0.09488515454419637
than willing,-0.06138393332146071
than year,-0.03400981887469552
thank,-0.9999504944860433
thank god,0.05492492746073443
thank you,-0.9657072364275612
thanked,0.005267513142796363
thankful,-0.09204444085051924
thankful for,-0.045332165290925625
thankfully,-0.06787956630281773
thankfully but,0.0708833436818629
thanks,-0.48319804637028585
thanks again,0.018755972110138096
thanks ahead,-0.016957091850047658
thanks edit,-0.0721033971521295
thanks everyone,0.0354850961258329
thanks for,-0.2984134568666067
thanks guys,-0.0630983024974886
thanks in,-0.04614700594718915
thanks to,0.05233244590395866
thanksgiving,0.009271929643991162
that,-0.4956691898803372
that 20,-0.026526290926729743
that about,0.13858535785543444
that actually,0.04554814171693528
that after,0.051361807782218855
that again,0.1630827683409145
that against,0.09674339655769183
that age,-0.02927148602859519
that all,0.05754702241502182
that allow,-0.061951504737538174
that allowed,0.053836733485384036
that almost,0.0749361324478397
that already,-0.0461038267763818
that also,0.11012531261358341
that am,-0.08350270544095104
that and,0.13860265898060276
that anxiety,-0.024811593669592357
that any,-0.07582308771146277
that anyone,-0.11098550726535558
that apartment,-0.006183358606896366
that are,-0.14493011604641085
that as,-0.08291873578281757
that at,-0.024611658053393215
that back,0.00307218005774622
that bad,-0.11004056242377637
that basically,0.02655149277104552
that be,-0.009400377557784159
that because,0.1157457025208638
that been,-0.02474036578856965
that before,-0.0017240350436976684
that began,0.01708509404770051
that being,0.0747221216151392
that bit,-0.06096040668455004
that both,-0.04447000685029027
that brought,-0.04508266951644285
that but,-0.1523047487685049
that by,0.11310799955820222
that came,0.12172962330684767
that can,0.042367670653402835
that cannot,0.12049599340619528
that caused,-0.07887937159569883
that choice,-0.001686743735940219
that comes,0.03024789869612947
that costs,-0.025136257320521313
that could,-0.01679431398449102
that couldn,0.11179972745776831
that country,-0.07861854245093913
that crazy,-0.05923871715207367
that day,-0.11361704824660773
that decision,-0.017343735033334928
that developed,-0.04516810823789277
that did,0.1065416289797607
that didn,-0.09794469167537574
that do,-0.07724570157729194
that does,0.04025198084289236
that doesn,-0.04653423120532358
that don,0.2707864981893114
that done,0.08109515958795485
that dr,-0.011558925402543895
that drink,-0.08498988429415642
that drug,-0.04361458378108298
that easy,0.11586125602853845
that end,0.011927673431891392
that even,0.0841364613679596
that every,0.004036029664078708
that everyone,-0.028510422720028298
that everything,0.01196147887660381
that exists,-0.022690615607240713
that experience,0.07642497982369395
that experienced,0.09127901263104997
that feel,0.2997648372289274
that feels,-0.06280000861372775
that felt,0.05662087854079603
that finally,0.014353005695873212
that for,-0.17612768527047534
that friends,-0.07389605932130597
that from,0.0011651452208215598
that gets,-0.01384833542262606
that go,0.12075422435933919
that goal,0.011456593743480197
that goes,0.10970968658108533
that good,-0.11389808519875856
that got,-0.09946509015312494
that great,-0.07453901655205698
that had,-0.11577254530909951
that hangout,-0.06589914647739595
that happen,0.05053418013995999
that happened,-0.0004813640061257339
that happens,-0.06850909617626988
that has,-0.019225612609041882
that have,0.11197029033979233
that haven,0.03718602961065606
that having,-0.14010400658384786
that he,0.3821461015380981
that help,0.005960813417027993
that helped,0.029707329814530063
that helps,0.1284537435755498
that her,-0.03676610493582149
that here,0.0026924360651947644
that his,-0.03831606087195797
that hope,-0.09861051486972579
that how,0.11993703763776765
that human,-0.09682533690875351
that idea,0.033927650235473575
that if,-0.09101976542942455
that im,-0.07048869533476272
that in,0.1670708404506164
that is,-0.33517104813291704
that isn,0.05362008231430754
that it,0.05046868241887751
that its,-0.04561939584588558
that ive,-0.05491472244852451
that jack,-0.11090870121437346
that job,-0.010538348287890296
that just,0.19307837492733548
that kind,-0.13383188360901305
that kinda,-0.06349132213065135
that know,0.024184799710451607
that lasts,0.06260202863783393
that led,-0.06742201442985665
that legitimately,0.07413968253611958
that let,-0.00022757226446837862
that lets,-0.09108465165076773
that lie,0.002708206865773701
that life,-0.02971550248407764
that like,0.0032792209784608625
that literally,-0.05306065845996841
that live,-0.005869935847583987
that lived,-0.08150185871096463
that ll,-0.050889350676252706
that long,-0.06157558325002263
that look,-0.0950390085542288
that looking,0.006759333660464264
that lot,-0.0011959421771010356
that love,0.1710734226185319
that lsd,-0.10210648385838016
that made,-0.01253340485902134
that make,-0.07857209008703456
that makes,0.1731943677851032
that man,0.18100781583973283
that many,-0.024293150952371473
that may,0.11076930590654926
that maybe,-0.07398071768735365
that me,-0.05803904753216539
that mean,0.08552509929649224
that means,-0.07178323192776134
that men,0.08191190531534581
that might,0.17774345692155327
that moment,-0.05482061007081846
that money,0.1502778433673751
that more,-0.11256407261546027
that much,-0.0749611513832891
that must,-0.0900343832430467
that my,0.5751637292882528
that need,-0.04369808350854675
that needed,-0.025471689680037067
that needs,-0.016656865641414526
that never,0.021199758471761518
that nice,-0.015731893204010004
that night,-0.014664079238370625
that no,-0.03457250921929706
that not,-0.1106175520762244
that nothing,0.09057565533305482
that now,0.12040664346007329
that of,0.02704053489853325
that old,-0.016145050866172694
that older,-0.022861503488695412
that on,0.09661191597876646
that once,-0.0006993671435503144
that one,-0.0019866349610026058
that only,0.004249762169258311
that or,-0.09659457868445599
that other,-0.0401439705555749
that our,0.09859634472925032
that out,0.09280092891647873
that over,-0.07655667755705349
that passed,-0.0202774487603899
that pedo,-0.08377187272991754
that people,0.10792906762066215
that person,-0.06392692351928037
that place,0.017728331874515394
that point,-0.03790599921436978
that pretty,-0.001014833651469723
that put,-0.014276777033863819
that really,-0.10100125858496982
that remember,0.05411245080730281
that requires,-0.003312342299508433
that right,0.09311879915753006
that said,-0.024239970283520942
that same,-0.07083263417114097
that says,-0.0771373203964773
that seemed,0.05779060876473721
that seems,0.08885412006408973
that sees,0.006241716452110483
that set,-0.00669176622671941
that she,-0.3579764587821318
that shit,-0.04931228867117434
that should,-0.16939868524399662
that shouldn,-0.09377996291767768
that side,-0.01607455591267515
that since,0.09255387010909506
that situation,-0.004358494100611744
that so,0.038620723934824776
that some,-0.08277718572006545
that someone,-0.09236823591792534
that something,-0.01792241794676673
that sometimes,0.10766930410918442
that sorry,0.10793825948433783
that sort,0.003958258228292855
that sounds,-0.08338779008467495
that specific,0.12157895368520123
that started,-0.11969172986309395
that still,0.08006036075799802
that struggle,-0.010219742185309875
that stuff,-0.0740238298143065
that stupid,0.06630942444584544
that take,-0.08117279327952048
that takes,-0.0045061740948138945
that tells,-0.012345265105050685
that tend,-0.10529873049810919
that thanks,0.0686742928519737
that that,-0.09012516083767264
that the,-0.1802121238951801
that their,-0.03597715237335333
that then,-0.085236791433569
that there,-0.41200488992060474
that these,0.010878043836931665
that they,0.23545185429640905
that things,0.0033501840380640597
that think,0.05075168191279671
that this,0.002852214429865354
that though,-0.07830128963295463
that thought,-0.058148049838607475
that thoughts,-0.16054308048077445
that time,-0.07754291056653619
that to,0.2255691048092894
that told,0.07483783778424416
that too,-0.12421671203160405
that trigger,0.04783643546342224
that triggered,0.06502977706782555
that triggers,0.00844254647891164
that try,0.07858052959452404
that trying,0.0009534853089972705
that two,0.048298977976355274
that unsure,0.05362636869514095
that used,-0.11744325766290747
that usually,-0.05484515560775209
that ve,-0.20454677111993314
that video,-0.052502293121110606
that want,0.0321749689953123
that wanted,0.033761392362615224
that was,-0.3739655237763918
that wasn,-0.006971089864198187
that way,0.040881362624454624
that we,-0.4849068652375118
that weekend,0.03307690754278241
that weird,-0.07008084583764852
that well,0.06276877567347762
that were,-0.3102882529590666
that weren,-0.02385189768108049
that what,-0.027125427390262503
that when,-0.19690011573919794
that while,0.07977115554984805
that why,0.02811671947018448
that will,-0.18016245801853764
that wish,0.06904669534503993
that with,-0.03593652933264194
that won,0.18408462978821846
that work,0.08754952411561848
that worth,-0.0022144960654262684
that would,0.01986296471246471
that wouldn,-0.01777266453202947
that year,0.008733865440933145
that yes,-0.048868511356312296
that you,-0.38801233389676065
that your,-0.055024843902061915
thats,0.09061267953355184
thats tough,0.10048553676685842
the,-0.4549968057783564
the 10,0.1528757537262126
the 15th,-0.058495314932349905
the 24th,0.020071232272185463
the 2nd,-0.010396538583606457
the 31st,-0.018512146381859773
the 45,0.002624529140264586
the 4th,0.09523525647338156
the 5th,-0.04596614268212625
the 7th,-0.0010984174197495996
the ability,0.07593746994065977
the above,-0.048624788963772286
the absolute,-0.12860779078989942
the abuse,0.0626076127994282
the abuser,0.06875723832429106
the abusive,-0.08209667796400572
the actual,-0.039166567198156414
the advice,-0.08345025724802614
the afterlife,0.04743423219373524
the age,0.012354926429871836
the ages,0.0012812354700000297
the air,-0.09181697905664926
the airport,0.07474749960848699
the aisle,-0.022118386931439766
the alcohol,-0.12567682153810153
the allotted,-0.0003556426926249735
the already,-0.05911073131880665
the ambulance,0.07370674389350129
the american,0.03087781055610567
the amount,-0.05886929146863159
the and,0.07520503876705105
the anger,0.14931628085696635
the answer,0.05035307665955473
the answers,-0.10858007727420976
the anxiety,0.167824485754519
the anxious,0.02809359284060238
the apartment,0.13639124421181414
the app,-0.1966340888906983
the application,-0.06025498709139635
the appointment,-0.00674455282192503
the apt,0.004180942760843714
the area,0.017601061623766727
the assault,-0.06453668427299206
the atmosphere,-0.10890658036347739
the attack,-0.04649360604082974
the authorities,-0.027153450168922445
the average,-0.0029958498233305045
the awesome,0.07501083657719297
the baby,0.03585944490475035
the back,0.016539624754515352
the background,0.01802678045267003
the bad,0.06905451446929609
the bag,0.01260073559817923
the bail,0.07018371620887187
the balance,0.022472136598389432
the bar,-0.04813086335802828
the bare,-0.03373160840973878
the basic,-0.03125295027775184
the bat,-0.12226744410217986
the bathroom,-0.14064424359764766
the bay,-0.07104220880457769
the beach,-0.030846121610246777
the bed,-0.013800073897060979
the bedroom,0.056499438888456044
the beginning,-0.26080363608384505
the behavior,0.009736260614530172
the benefit,-0.030998817517753782
the best,-0.2329154833702448
the bible,-0.07197535585700941
the big,0.08996572559565066
the biggest,-0.08210286935616792
the bill,0.0220270628697184
the bills,0.10786491700770884
the birth,-0.06924252545809359
the blood,-0.09908345518858919
the blue,-0.08169831968632782
the boat,-0.12091266243535594
the book,-0.053437817207974414
the boss,-0.010070311920068012
the bottle,-0.10453936683687626
the bottom,-0.07241048158161817
the boy,0.0276536634478033
the boyfriend,0.057985844904477495
the brain,-0.09081740553960331
the brakes,0.09726538379204044
the breadwinner,-0.0890079038669218
the break,-0.1351916890848619
the broken,-0.007579328966990698
the building,0.05881509212983502
the burden,-0.03955420190706855
the bus,-0.15519214822715138
the business,-0.14309315296096584
the butt,0.10806271531600542
the call,-0.08732787336793828
the car,0.11283513747701851
the card,0.04255827925700181
the case,-0.0009665382688046655
the cat,-0.12058267267709538
the cause,0.00022779936303578014
the center,-0.03373403498555926
the chance,0.020137858528889614
the charges,0.06698106367616491
the charts,-0.01581405326617434
the cheapest,-0.13183605314001764
the chest,0.09132710491543412
the child,-0.10180940884990637
the children,0.05270519615690781
the choice,-0.11099226968352034
the christmas,-0.003396712596253888
the church,-0.1763041231177979
the circumstances,0.010160277092342877
the city,-0.09416318806766441
the class,0.1143778146211621
the classroom,0.06244707360089519
the clock,0.13171773064952874
the closet,-0.022311429262306056
the clothes,0.003053689911341289
the club,0.004740610501975726
the cold,0.030445019901368657
the comfort,0.0027186349702742773
the comments,-0.09406139999938581
the community,-0.12085234279069286
the company,0.13333457566705595
the computer,0.15249269903148188
the conclusion,0.005826055593207086
the concussion,0.06680118907243952
the condition,-0.09924698690499603
the conditions,0.08528176523184106
the connection,0.02555395132453623
the constant,0.17041683798531343
the content,-0.04457371702293766
the contract,0.06407819298047987
the conversation,-0.18266389298069738
the conversations,-0.11409417764792026
the cops,0.0900801700157223
the corner,0.06735613733220705
the correct,0.13381088836585048
the cost,0.0038345934506627583
the couch,0.069122284799089
the counter,0.11019704780039496
the country,-0.09760419654289397
the couples,0.01778019377993983
the courage,-0.12003764678581806
the course,-0.11256466216067006
the court,-0.08629276728355355
the courts,0.09147260433682472
the crap,0.014902698098176272
the crisis,0.08527122191429669
the current,-0.14637074554078824
the cycle,0.12951173767097965
the dad,0.10622308389208765
the damage,0.18214281565972565
the dark,0.09820005553606242
the date,-0.050821029708446326
the day,0.12430211572948735
the days,0.175691178969863
the dead,-0.06852139876849851
the deadline,-0.017167642509825543
the death,0.003146538990777521
the debt,-0.01845487509409134
the decision,0.0942206836127874
the department,0.04486905886902908
the deposit,-0.11914310312572066
the depression,-0.08713163988397173
the details,0.03723067105121422
the device,-0.01955206070938121
the diagnosis,-0.07058916975774704
the difference,-0.17462069987029905
the differences,-0.06263934530768081
the discussion,-0.0612827634675531
the disorder,0.08282470713483701
the doctor,-0.008893457053274807
the doctors,0.07238705343007008
the documents,0.09653412873582434
the dog,0.10658238642307087
the dogs,0.035564686329010275
the dollar,-0.12868807924373626
the door,0.3285832145388788
the doors,-0.13832770043843198
the dr,0.02722408773700279
the drama,-0.14453421749008363
the dream,-0.3060195983173193
the dreams,-0.037408690013575115
the drive,0.0954717023757216
the drop,0.12745950724292998
the drug,0.024421800680539778
the dumb,0.08178252259421895
the easiest,0.10009967992384432
the edge,0.09800329740738331
the effects,-0.12487528045046636
the effort,0.03869470813749711
the elephant,-0.06733456540030312
the emergency,0.059636115763402664
the emotional,0.04691075867018391
the emotions,0.09324813568688264
the end,-0.04102733303760409
the endangerment,-0.05116124148560803
the energy,0.04863248484539627
the entire,-0.010520028739768813
the environment,0.008623121154927953
the er,0.10022339912581071
the evening,0.057789509234578554
the evenings,-0.056672234896711284
the event,-0.06289649502367131
the eviction,0.09893195400123597
the evidence,0.005731694753812344
the exact,-0.06868980620413541
the excitement,0.02809359284060238
the excuse,-0.049330004594737985
the experience,0.027158072357718124
the extent,-0.017607676949204485
the extra,-0.05364566704181308
the face,-0.03378907656114412
the facility,0.02267674697586206
the fact,0.4148702632995628
the fake,-0.011970446436898674
the fallout,0.014256045103447782
the family,0.11295767396778474
the father,0.02920460446964123
the fear,0.005598260659466275
the feeling,0.23095818333530907
the feelings,-0.029826029245562727
the female,-0.03504958570824666
the few,-0.006953818610152954
the film,-0.08482116674191165
the final,0.08428019880424381
the fire,-0.0003540670184187309
the first,-0.5470190495167337
the flashbacks,-0.05603903630408975
the flat,0.005153791917596796
the floor,0.19334484022026002
the focus,-0.11756673998716921
the following,-0.07946674111912277
the food,-0.21026734866908348
the foreseeable,0.08079484760907829
the form,0.0695305102786938
the foster,-0.08674920248877169
the four,-0.025200589654998617
the foxnews,-0.07996473371485904
the free,-0.11253939825756751
the friends,0.09796790135556102
the front,-0.12529374027684895
the fuck,0.012996142522837723
the fucking,0.27443514799303886
the fun,-0.14450885601034602
the funds,-0.1985529394028911
the funeral,0.1383057427390905
the future,-0.051964386684003924
the garbage,0.06317382776111537
the gas,0.06094328479383812
the general,0.09706624505601136
the generosity,0.012434947977249861
the gifts,0.10666149209738691
the girl,-0.16202144273448596
the girlfriend,0.011101762171610382
the girls,0.06504240524179586
the go,-0.07358942707345424
the gofundme,-0.05247793359522661
the golden,-0.021338146289050168
the good,-0.06280971697030809
the government,-0.08405329733607536
the great,-0.020183727040857687
the grocery,0.003398767840182693
the ground,-0.07871058921472532
the group,0.004487839178116636
the gun,0.06792969496533936
the guy,-0.039600163880314995
the guys,0.015163551696353108
the gym,-0.05274365172941535
the hallucinations,0.07266930883271254
the hallway,0.09027277118194606
the handle,-0.0008270751444090673
the hands,-0.05042740184187815
the hard,0.028239872273990656
the harder,0.06685927201103814
the hardest,-0.1797032741092708
the head,-0.03256480433404306
the heck,-0.006739717836233691
the hell,0.19294135234694487
the help,0.014340951270429846
the high,0.08165291992963422
the highest,-0.03711952189758537
the holiday,-0.08786821399438151
the holidays,-0.13660744313446063
the home,0.13853138431122186
the homeless,-0.12370587605589253
the hope,-0.007928776841362218
the hopes,-0.07200096195963177
the hospital,0.2919525808158
the house,0.3619220201912946
the hurt,-0.010113378830585867
the husband,-0.16252033932354365
the idea,-0.2237908393319326
the impact,0.0685330148787795
the importance,-0.039640081437487575
the impression,-0.07755398778149782
the incident,-0.05499764376420533
the individual,-0.07935612645213476
the information,-0.08918247413471558
the informed,-0.046076166028178794
the injuries,0.011966674845160936
the inner,-0.08793917596435223
the inside,0.12296213551976733
the insurance,-0.037211870553236055
the interest,0.07975987036960046
the internet,0.009970216244285764
the intrusive,0.08434864378687519
the island,0.04329259194581356
the issue,0.05112906853951694
the issues,0.017821794257255785
the job,-0.14853192281009842
the judge,-0.06104748797963864
the kid,-0.14005692179682552
the kids,0.07744233287033077
the kind,-0.03944953324527649
the kindness,-0.058679164534186784
the kitchen,0.11959276150921573
the knife,0.11999909224602524
the lack,0.04337325216443303
the lady,0.008089239048402199
the landlord,0.022467302910565982
the last,0.04864796902567676
the latest,0.04901204124258682
the latter,0.03551816829640111
the laundry,-0.024113888127143965
the law,-0.02763009267821249
the leader,-0.06173584016426315
the leadership,-0.010730553836949604
the lease,0.06590179039765226
the least,-0.0225776401095764
the left,-0.03630531188900796
the leg,0.12496177374492663
the length,-0.052360604150883464
the less,-0.05998071130106119
the level,0.13838540575514174
the library,-0.02235898942150885
the life,0.0748902174153696
the light,-0.07364833902670088
the lights,0.12491888895316228
the like,-0.12747429827646936
the line,0.04457791678002283
the lines,-0.15741872620368508
the link,-0.2589004133449919
the list,0.021742810381589414
the little,0.055935345836625634
the living,0.13222291922346416
the local,0.008773468259607854
the long,0.03450204285928178
the longer,0.05527792425317862
the longest,-0.05801925755975198
the lord,-0.15268784766878876
the loss,-0.0805789767552111
the love,0.022392760312074347
the lowest,0.11157242959538441
the main,0.06988472150451273
the majority,-0.05312387358145883
the male,-0.058214465503288015
the man,0.08191346178214988
the manager,-0.07227258686727685
the marital,0.049796298777009064
the marriage,0.03657368579122059
the matter,-0.06534281449135754
the meantime,0.13811955870915482
the medical,0.07722797468179267
the medicine,-0.004796948745420085
the meds,-0.03871496025383782
the memories,0.16452620653047362
the memory,0.03772389191077136
the men,-0.061728445126060114
the mental,-0.08298110116194156
the mess,-0.004249296618136106
the message,0.018202963291068575
the messages,0.07801762276848113
the middle,0.03396351258694223
the mild,-0.10186976358570718
the military,-0.12601599508439443
the million,-0.06407478251560594
the mind,0.046358165761801066
the moment,0.23342585017178766
the money,0.07339652286436874
the month,0.011862625047932594
the months,0.13393545810021593
the mood,-0.0554602676804962
the more,-0.1656336273536753
the morning,-0.12157049493312336
the most,-0.0023364600588840897
the mother,-0.007302764033644496
the mouth,-0.017245419640284754
the move,0.12042020090716551
the movies,0.10345652657487335
the music,-0.038186802123270046
the name,0.18768932528335502
the navy,-0.03078435586200243
the near,-0.028035079262046042
the necessary,0.017069362002066244
the neck,-0.024582993355665904
the need,0.04570398482467243
the neglect,-0.03592853612068938
the new,-0.2525585953125184
the news,0.2064899819631055
the next,-0.0466925496798684
the night,-0.2866827000774244
the nightmares,0.15283587705250304
the no,0.003329566044912788
the noise,0.07445173584063024
the north,-0.10050536996361863
the novel,-0.03832236404144581
the number,-0.1800668179635125
the occasional,-0.0663258421535852
the off,-0.00840625937100854
the offer,-0.10644252427405647
the office,0.0671219274045793
the old,-0.09927397140104077
the one,0.010204050279949996
the ones,-0.14958919336226353
the online,-0.08441790414783454
the only,0.28398887031368963
the onset,-0.07976870899719796
the opportunity,-0.03704639178155058
the opposite,-0.10755369767478769
the order,-0.028816850096855504
the organization,0.028508923040194405
the original,-0.07702508607818227
the other,0.24121547458866532
the others,-0.052840943396434005
the outcome,0.0776337317316996
the outside,0.013562113517034055
the owner,0.09407745738877316
the pain,0.26936544919986644
the panic,-0.10661343049069925
the pantry,0.07698242126880786
the park,-0.0063939060238746214
the parking,0.003064853718750326
the part,-0.019220505254195323
the parts,-0.04949784213867973
the past,0.48679356648499844
the peace,-0.05771360261073787
the people,-0.044679941543491676
the perfect,0.052775739001173085
the person,-0.3914558920073086
the personal,-0.030909370281609422
the phone,-0.03986128803248167
the physical,0.0684497478162742
the picture,-0.05861619101210039
the pieces,0.07950674323074498
the pills,0.11040952908803875
the place,0.17211288052274143
the plan,-0.11004264585823441
the point,0.36464903809525867
the police,0.5363460716351556
the possibility,0.006739988231204166
the possible,-0.12478788990080425
the post,-0.058283290568430283
the posts,-0.06442629978957864
the potential,0.02403895904003585
the power,-0.16813201587185447
the pregnancy,-0.03916858783566537
the present,-0.02943226192380306
the pressure,0.08798323076547102
the previous,0.03982823800722498
the primary,-0.04501858858059731
the prison,0.07106181689732523
the problem,0.08617279784487608
the problems,-0.049946885634058615
the procedure,0.013927428235730052
the process,-0.02679794337128463
the program,-0.04290190052025206
the progress,-0.04894051445078124
the project,0.1088558497929935
the proper,0.08121082980718394
the property,0.052244915661774215
the psych,0.09667977492904908
the psychological,0.10344166068860285
the ptsd,0.02519983181513282
the pub,-0.007571352029612474
the purpose,-0.0485460695661809
the question,0.3035215124101425
the radiator,-0.021738320535626583
the rain,-0.041811967073451736
the random,-0.001670662678938682
the rant,0.06359945365984804
the rape,0.045635016384962944
the real,0.13357044135891527
the reality,-0.022261587762780748
the reason,0.039948714695234686
the recent,0.02557976591188773
the record,-0.15805241459539612
the recovery,0.08937065093960504
the relationship,0.21317697586342482
the release,0.006430082070485377
the remaining,0.01657218778555888
the rent,0.07036966353777166
the rents,-0.003207599663183564
the research,-0.13497291620164278
the respect,-0.01847103871610571
the responses,-0.031932935229353684
the rest,-0.09763579374093014
the restaurant,-0.02133000710595389
the restroom,-0.027535926283752985
the result,-0.07206731295571904
the resulting,0.05780752838021496
the results,-0.10090479012418647
the ride,-0.004752375593460835
the right,-0.20861603767814466
the ring,0.09872999547229204
the risk,-0.07920905167313072
the risks,-0.04457371702293766
the road,-0.22055506800853564
the room,0.19570543178703476
the root,0.012499307820347826
the rug,-0.08409391233631555
the rules,-0.03274464234896879
the safe,0.003887127542495472
the safety,-0.0012939790082120066
the sake,-0.013857404602957845
the same,-0.5911577308763547
the scars,0.08598529639160875
the school,0.14409114273187562
the science,-0.05884600983511532
the scientific,0.009792960595804185
the screen,-0.10690954791289854
the screening,-0.04889274569267998
the second,0.057411690207111746
the security,-0.09224847299239602
the semester,0.03096742114445527
the sensation,0.1454171873324584
the series,-0.06173060758337654
the sex,-0.10837612364245253
the sexual,0.16514216452478625
the sheer,0.1031621600616322
the shelter,-0.10289910686394442
the shelters,-0.010781986668125817
the shit,0.07946683993823642
the shower,0.15439690585056076
the side,-0.15431966729684787
the signs,0.02704052001334921
the silence,0.10123668236995437
the silent,0.18069055552536734
the simplest,0.020452456375468917
the situation,0.025356310233107002
the size,-0.03629178588355425
the skin,0.04783328330110469
the sleeping,0.07522435012875463
the slightest,0.11599564002670264
the small,0.08455788869263649
the smallest,0.0740640443840941
the social,0.18375665649742048
the sofa,-0.11782386638442033
the soul,-0.14954622336009174
the sound,-0.08328505421619901
the source,-0.05784598413324998
the span,-0.08997543517158087
the spectrum,-0.068005377654165
the spot,-0.037106485085825196
the staff,0.043367767984417015
the stages,-0.0070033366525624995
the stairs,-0.17915871636034497
the start,-0.23831069896679413
the state,0.06144679782154384
the states,-0.016773349048778752
the steps,0.028884910996344146
the stigma,-0.02340574467433111
the stipend,-0.1013033661312932
the stomach,0.04981946567532332
the store,0.10287641698775257
the story,-0.022700027599782763
the strange,-0.05762794845990265
the street,-0.06569928476907065
the streets,-0.0735330978361644
the strength,-0.07775617881646242
the stress,0.22657821864958816
the student,-0.02921530124171524
the study,-0.27326125259522765
the stuff,-0.19319985033484374
the sub,-0.12197758048727676
the subject,0.08496911046563153
the subsequent,0.07668295807015739
the sudden,-0.13675683805535416
the summer,-0.0071735653218880984
the sun,-0.003181106657861158
the super,0.09421987457696389
the support,-0.05886290314110584
the surface,-0.03785017760143457
the surgery,-0.11507349250571731
the surprise,-0.024920533330853683
the survey,-0.33225994620724075
the survivor,-0.08328477198173456
the sweetest,-0.03434619591523997
the symptoms,0.21334187606148713
the system,0.10128434358357315
the table,-0.057267491350351626
the tact,-0.0395484419386061
the taste,-0.006310441889965625
the team,-0.12858543162868935
the teeth,-0.013553361906397669
the tenant,-0.056896084390042075
the tension,-0.11289957649371263
the test,0.1589162140478257
the tests,-0.0107026497133237
the texts,0.10406494508384828
the the,-0.17385531414008012
the therapies,0.04026641609000651
the therapist,-0.024278946994696342
the thing,0.20197381409859091
the things,0.054653968492784255
the third,0.07617027926930849
the thought,0.1241421202084339
the thoughts,0.05482657609584031
the three,-0.007646819789365568
the thrift,0.08382501454020273
the throat,0.07022644492212257
the ticket,-0.0719692598393231
the time,0.3052584225405229
the times,0.059730624218330274
the tip,-0.022656696032956558
the title,0.00934173455046076
the toilet,0.003256998866579998
the top,-0.05090885333148612
the topic,-0.0324335387750851
the town,0.017829445162623834
the train,0.017514909552487076
the tram,-0.014029558949756476
the transmission,0.09906716730161451
the trash,0.04126289938192672
the trauma,0.056988084561102714
the traumatic,0.009274458457445223
the travel,0.0672352517087201
the treatment,-0.06465905128560447
the trigger,0.04887416482655392
the trip,0.008449932192767066
the truth,0.10830100079062581
the two,-0.03168751327710383
the type,-0.07847727423625467
the uk,-0.1149594482849107
the ultimate,-0.07917483065136839
the united,0.016731720690571137
the universe,-0.0026443567776491574
the university,-0.03299847189418429
the up,0.022322163160313175
the upcoming,0.04912866698031019
the us,0.007794052976310863
the usa,0.08461141764355681
the use,0.042625260368424754
the user,-0.06849486798505086
the usual,-0.11521335290735779
the va,-0.012806257875511949
the vaguest,0.053148907224460154
the validity,0.053373807770499826
the value,-0.13640773979506962
the van,0.022940936568913783
the verge,-0.025707139619717517
the very,0.13477986239547868
the vet,0.06351364823246877
the victim,0.09782347016986385
the video,0.019983817552301674
the violence,0.011616192911069615
the voice,0.014241057630291275
the wait,-0.09794076385722446
the waiting,0.01918837585118763
the walking,-0.08416585536237656
the wall,0.19317515820625727
the walls,-0.16733188429475385
the want,-0.11134827036352982
the warm,-0.005863939352066411
the water,-0.27050794513956206
the way,-0.2637546409446891
the weather,0.014728430774555675
the website,-0.027547453310445995
the wedding,0.03467006584088018
the week,0.1472795029427418
the weekend,-0.06884742724509815
the weekends,0.022957760434630856
the weight,0.13296642700159667
the weird,-0.14680479469392818
the white,-0.059730309857738875
the whole,0.4529262920256849
the wife,0.08111196953847688
the wifi,0.07258658473643358
the window,0.08911600498763715
the winner,0.10439735762410438
the winter,-0.1649521974562219
the woman,0.023335704835701406
the wonderful,-0.07211799545550286
the woods,-0.02137422589090432
the word,-0.0671282556119734
the words,0.09992889188838616
the work,0.005987797508658685
the working,-0.0015663284777981215
the workplace,-0.02291733220438276
the world,-0.2846396713188407
the worse,0.12835363473201622
the worst,0.5193060574365733
the wrong,-0.0694892553753151
the year,-0.13190905309682033
the years,-0.08904328470258355
the young,-0.07582015166039331
their,-0.6231205142055444
their anger,-0.09267460508428345
their backs,0.07653634239366908
their best,-0.059787377887935686
their biological,-0.020430901918932813
their brain,-0.10169516658948077
their brains,-0.09130206096499825
their business,0.11335187421160348
their car,0.12108787576336472
their children,-0.09605265029275836
their company,-0.02820411422649763
their dad,0.12596337937022375
their door,0.03944474732837512
their eyes,-0.08273363223328517
their family,-0.008501499452379864
their first,0.1400806646146397
their friends,-0.0340709706879221
their head,-0.0981038080245224
their home,0.003449917918971666
their house,-0.04439764749193474
their job,-0.03241334309923173
their kids,0.052073950899804676
their life,-0.00989890011399891
their lives,-0.011771987631830136
their mental,-0.07674170927982452
their own,-0.09547333973781438
their parents,-0.10052617963057496
their partners,0.027195878736435926
their preferences,-0.04509382103789202
their relationship,0.08752034937778674
their shit,-0.01791781734137142
their son,-0.11534281256093291
their story,-0.08703147589006222
their treatment,-0.04509382103789202
their way,0.0149364705787823
their work,-0.0811534005249181
them,-0.3806625966279068
them about,0.07050087615339055
them after,0.15440399234789226
them again,-0.03925019132762217
them all,0.1295666779923522
them although,0.08311030377382674
them and,0.15364357791421016
them any,-0.07500127296336682
them are,-0.03908975130975842
them as,-0.2593976365119971
them at,-0.12347179626352513
them back,0.0054987358977705405
them be,-0.06428883570466873
them because,0.00956440727684193
them being,-0.03385338692201492
them both,-0.028548876825842697
them but,0.1591958194608666
them by,-0.08608748623937673
them connect,-0.03172256879923077
them could,-0.07800284662514909
them don,0.06893769708666186
them down,0.10947147038129929
them fast,-0.01550080965070573
them feel,0.043768546498827596
them for,0.029118643364477448
them go,-0.052955918285685404
them had,0.07991966546165694
them have,0.00022246338937468354
them having,-0.005414172162813367
them he,-0.01993371742075144
them here,-0.010468039629030295
them how,-0.0367312253422917
them if,-0.016729867468261626
them in,0.1236372117304285
them is,0.1555302442290747
them it,0.04522406572230855
them just,-0.13049404829524558
them know,-0.06939071022756271
them less,0.04147202018951972
them like,-0.10347934238049278
them make,0.07112657986091436
them much,-0.006670070701095387
them my,-0.05758823122260447
them not,0.024462456488797888
them now,-0.02132730954592127
them of,-0.03743200198288278
them off,-0.05978584124414365
them on,-0.04508117321243993
them one,0.07510884611132108
them or,0.024782646193679207
them out,-0.046791371308113665
them she,-0.020015818340613764
them since,-0.0729768564322543
them so,0.027656094691919566
them still,0.01625147653206938
them that,-0.0966767006524842
them the,0.09480263001456694
them they,-0.08537969422812126
them things,0.07762288824121369
them this,0.10728254434661826
them to,-0.14622844661818224
them until,-0.08957115121576091
them up,0.09762250111258777
them ve,-0.02565522582391329
them was,-0.07735926477135487
them we,-0.011001695986414697
them were,-0.032532567823964555
them what,-0.18433091926053435
them when,-0.11400978837895015
them which,0.06841774283108944
them with,0.07228548340258875
them without,-0.016501000190183447
them would,-0.08216191176774063
them yet,-0.02828226411878706
them you,-0.07856029884698301
themselves,-0.14870707085598736
themselves and,-0.07378535716214671
themselves but,-0.06795531403261794
themselves in,0.004716602591245067
then,0.47500364478558943
then after,-0.14503623054699818
then again,-0.08771824356666227
then and,-0.033576024547151945
then but,0.09295663931034015
then came,0.00421984485250565
then can,-0.1102615298780335
then end,0.11116938087171138
then ever,0.08882565315678663
then feel,0.05928479761887408
then finally,-0.07589159839848515
then get,0.09161191489904902
then go,0.06711219985731781
then got,-0.026926087955570194
then had,0.030014024949447413
then have,0.09561901951105932
then he,-0.10204040441719091
then her,0.0007910541384160103
then hit,-0.0047157498570589386
then in,0.000787768739525998
then it,0.18632185698319728
then just,0.17063810470803686
then later,-0.022700330107274503
then ll,0.16407167539572318
then me,0.062023148994228436
then moved,-0.103163431696491
then my,-0.02369917414728336
then of,0.012419417626807906
then on,0.12809725459266308
then proceeded,0.09752942912857307
then put,0.08113197422879778
then said,0.0853203097250181
then she,-0.15103588963944528
then so,-0.031034577977487602
then some,0.015462787576189426
then spend,0.07657101140971471
then started,-0.021977439517454754
then stop,0.01755380060671308
then the,-0.20611678821979487
then there,-0.009119796419655947
then they,-0.17441946522265675
then things,-0.011179155254499681
then think,0.07847686286862697
then this,-0.09266173016401927
then ve,-0.00939505050569887
then was,0.15460470785296734
then we,0.037388602818044854
then went,0.2093860077251939
then what,0.07458919665298927
then when,0.08676566613095572
then would,-0.023994630983677354
then you,0.004992221385221189
theory,0.09390275368030737
therapies,0.08527208467018917
therapies and,0.0786230837970726
therapist,-0.07269920951318268
therapist about,0.0061703368875062415
therapist and,-0.11269927086853387
therapist asked,-0.09603581680639878
therapist because,0.07097923905806751
therapist but,-0.008497932426025312
therapist didn,-0.10207828818789602
therapist don,0.08089887873146939
therapist had,-0.12738918497284854
therapist if,-0.005291206318623055
therapist is,-0.05132543844548685
therapist says,0.08216317219862407
therapist she,-0.013341611378020483
therapist that,-0.07091003785055078
therapist the,0.008587409936689413
therapist this,0.007471462221641205
therapist told,0.1405038483055215
therapist ve,-0.036799531898419
therapist was,0.0386783418891852
therapists,0.11642993636059343
therapy,-0.37585544276032906
therapy and,-0.17338343366136147
therapy because,0.031024552110165343
therapy but,0.18015285746130077
therapy for,0.01657480921727108
therapy in,-0.10046460000282313
therapy is,0.012202166047950958
therapy it,-0.05481521962051302
therapy or,-0.029407235155054973
therapy session,-0.023294537103380326
therapy sessions,0.037146832097559236
therapy to,-0.03878700994589807
therapy using,0.004407541998258518
there,0.16842251932915414
there again,-0.009168844028521667
there also,-0.04366240665533935
there always,-0.00409504067757909
there an,-0.0718410463117409
there and,0.21765694399894922
there another,0.08685830322889453
there any,-0.09828015515189936
there anyone,0.02371194494190161
there anything,-3.610473837418701e-05
there are,0.1313796765547266
there as,-0.024587256910408268
there assistance,-0.07685282528576419
there at,-0.06000748909993827
there be,-0.079625368394399
there because,-0.015577856022851872
there been,0.032277908800818655
there before,0.024693007615394627
there being,-0.009413984521141651
there but,0.09913906536159883
there by,-0.046991234307442245
there few,-0.09067947505195763
there for,-0.025008925849993344
there from,-0.1672875165869647
there get,-0.027737001734035226
there good,0.004468420695615727
there has,-0.08795203411933333
there have,-0.0034648459265544424
there he,-0.09049042732185276
there in,0.07830705565111235
there is,0.10100467906979062
there isn,-0.02134137612522324
there it,-0.026981982257283262
there just,0.029336572496444297
there literally,0.0866330862756676
there ll,0.021835619486800645
there lot,0.03183336894172377
there might,-0.08388558585006231
there my,0.05330087806443351
there no,0.09786354921956728
there none,0.06395203645778269
there not,-0.015273083656236239
there nothing,0.16180939597691835
there now,-0.12185643007777458
there on,0.07413640801724768
there really,0.07498954353627078
there seems,-0.002333358319758251
there she,-0.07012400648951558
there so,0.12238162153848796
there something,0.07169554585209503
there that,-0.024685610821708108
there the,-0.020061035470446173
there think,-0.052125206303688006
there tl,0.09905395002628761
there to,0.22078163978965676
there too,0.09826281205867002
there was,-0.028887650956378602
there wasn,0.04489094988575102
there way,-0.014434883572200213
there we,-0.10410910017257285
there were,-0.10595317983455288
there when,-0.06792755624429861
there while,0.09750771924010554
there who,-0.06549318706076687
there will,-0.11725115066278534
there with,0.11466857193012701
there would,-0.04992912316189009
therefore,0.05608420711357613
theres,-0.07348393076508682
theres 10,-0.06318390136461079
these,0.1281369292295958
these are,0.06745904646222783
these bouts,0.057481809280590275
these boys,-0.06456282132886924
these days,0.010263802745843745
these events,0.040295339933874616
these fears,-0.034393015385626106
these feelings,0.09803765646283495
these guys,-0.24176450407155198
these issues,-0.03389530802201731
these memories,0.08675050076796974
these moments,0.008050787671582947
these numbers,0.10100157361801258
these past,0.05474240879217258
these people,0.08271557553973795
these problems,-0.04881404902459583
these situations,-0.12995920232153846
these spider,0.052471128275711314
these steps,-0.13001586242367763
these symptoms,-0.026358774373159703
these things,0.13912631892067515
these thoughts,0.0700927905778962
these two,-0.04022930482753428
these were,0.06733531691479032
these years,-0.032651084541379466
thesis,-0.1073623541686361
they,-0.12755166172098414
they actually,-0.05506064238334906
they all,0.18659265434486558
they also,-0.048187384638341615
they always,-0.03827788608485169
they are,-0.10973951188792117
they aren,0.08533427535033847
they ask,-0.016808386308704182
they asked,-0.13342136452648334
they be,-0.07358444914938772
they became,-0.0432834760336987
they become,-0.013370141944652133
they both,-0.06985173264645973
they called,0.03513995832713694
they came,-0.10541165374880086
they can,-0.1666232020707405
they cannot,-0.015297015253834216
they claim,0.0781973981065158
they come,-0.07331544783815848
they could,-0.1371293992636954
they couldn,0.005713680457935471
they diagnosed,0.006028890033064399
they did,0.07152921956903562
they didn,0.0027469712327775073
they discharged,0.07520432634746463
they do,-0.10173554917643152
they don,-0.1692748161064654
they even,0.08793412778155038
they feed,-0.09508971280640004
they feel,-0.09337836974908607
they found,-0.016353927029955535
they gave,0.021496140560421984
they get,-0.001816695366021955
they give,0.08902984824230974
they go,0.02124088845757913
they got,0.0032927446869127695
they had,-0.30829497998284866
they have,-0.06638506213959036
they haven,0.19771118568150708
they held,0.017207121674893848
they just,0.06235698499934571
they kept,-0.009029514434880813
they know,-0.09388664257792204
they let,0.0031393775048545146
they like,0.02186013199569683
they live,-0.09776664463176198
they ll,0.16616435238785135
they look,0.09994366579210497
they love,0.02173461857884056
they made,-0.01543088983746517
they make,0.04351800741785642
they may,0.08911751663071918
they might,-0.10918772966645995
they moved,-0.00681065565426351
they need,-0.08324129263912054
they never,0.05006578357411585
they occur,0.08252341972152649
they often,-0.09441718015631696
they probably,-0.00785947659142846
they re,0.32590968354355376
they said,-0.08052910753932434
they say,0.08733584524956121
they seem,0.038097576426056365
they should,-0.013611806748934809
they spent,-0.1023976982813626
they started,0.03684254973034263
they still,0.056597404070570866
they take,-0.06693769287532851
they tell,0.05593936504003753
they then,-0.043516674804425046
they think,0.08635781419207737
they thought,-0.031581475814753714
they told,-0.2613355147544691
they took,-0.08113575870049304
they try,-0.015517166653518285
they understand,0.10084707335407031
they used,0.09675191413431387
they ve,-0.11213247234625853
they want,-0.02575677286203241
they wanted,-0.033910826326645736
they went,0.11686907701114621
they were,-0.4140135368476908
they weren,0.018154029729854335
they will,-0.15377082162948602
they won,0.05637382446567214
they worked,-0.07025213129048677
they would,0.15444056100027206
thieves,-0.02647569422247917
thin,0.16263986104226089
thing,0.22443881186971754
thing about,0.053438829938869885
thing and,0.0255630378493133
thing as,-0.039797720054136405
thing because,0.056234527874815025
thing but,0.008974846826913192
thing can,-0.02063349259590502
thing do,-0.10306381289764283
thing don,0.07712758411391264
thing for,-0.10667138324410527
thing he,0.07531648163726513
thing if,0.003927349362476445
thing in,-0.011204699799021743
thing is,-0.027720434483277552
thing it,0.07090542853275829
thing just,0.06233694048140605
thing keeping,0.04878150084005786
thing knew,-0.02520101914262277
thing of,0.03394629162149142
thing on,0.0021420730087026636
thing she,0.07619930207011198
thing that,-0.021097023271064892
thing there,-0.08782224383416751
thing to,0.056460046414045055
thing ve,0.04090530968854407
thing was,0.07786012305485093
thing when,0.06177916977735531
thing where,-0.1770207902194492
thing you,0.06986757311869086
things,0.1855667002488813
things about,0.0036083354759363774
things again,-0.0006681117106890847
things and,0.10037530231517468
things are,0.11174632482190462
things aren,-0.0076506705379925715
things at,0.04158351911476822
things because,0.007325549327673103
things between,-0.01942780902064693
things but,-0.0031601859599326453
things can,-0.1749675070192932
things considered,-0.0965696372065661
things could,0.07957897001642285
things do,-0.0469631805020296
things don,0.07703503229301402
things done,0.029295751334117597
things down,-0.03913778517875638
things easier,-0.06826717529750324
things etc,-0.02550714365417043
things even,-0.0026032579921758427
things for,0.06947734982961505
things from,-0.02334660467981468
things going,-0.07200114533766577
things got,-0.005440338663376258
things happen,-0.07274010175574319
things happened,0.12547433372951727
things have,-0.027362622466198822
things he,0.10713502554446633
things in,0.02249041680380511
things it,-0.07252548636514526
things just,0.06111853740195838
things keep,0.08899890686710152
things like,0.19137429790370594
things more,-0.07720415679253675
things my,0.05002826595582135
things of,0.055633564193641245
things on,-0.03875185711466527
things out,0.07532349721111646
things over,0.13075469026455502
things related,-0.08222227124748929
things said,0.12639214219662334
things she,-0.062261104188173516
things so,0.1357963617472879
things that,-0.0785368460164188
things the,-0.021902388342330596
things then,-0.0007664779492760441
things they,-0.020327296091732554
things through,-0.002932690523085428
things to,0.12279118126142821
things together,-0.08032965347886545
things too,-0.016121066533501312
things turned,0.0018861968682272778
things under,-0.08409391233631555
things was,-0.12366666045493278
things we,-0.06110503634816859
things were,0.13061322976968684
things when,0.08610933771434143
things will,0.1269775803173275
things with,-0.003481617952453743
things worse,0.08697213351062602
things would,-0.07253078133310595
things you,-0.16513690015551644
think,0.13616248294822644
think about,0.4609580617645204
think am,0.07579343401760401
think and,0.015169713627042152
think animals,-0.04361458378108298
think any,0.05594072011456856
think anyone,0.08266805759461199
think because,0.05051154369943847
think can,-0.028186830529720215
think could,-0.06093322734509646
think do,-0.007005949274796405
think drugs,-0.04361458378108298
think have,0.07114759866860425
think he,0.027736376470986698
think if,0.10492030231566658
think im,0.09547213037593696
think is,-0.08167658822764608
think it,-0.09529237208392095
think its,-0.08095883844757872
think just,0.061366436181349626
think may,-0.0771238831732115
think maybe,0.10395511169061711
think might,-0.019667075191436408
think much,-0.03514669376074256
think my,0.01540214619273417
think of,-0.153192843751723
think she,-0.0854782222244819
think should,-0.010519425419405181
think so,-0.009699519366218707
think still,-0.07998715722936145
think straight,0.06405158587302262
think that,0.14122592281089932
think the,-0.10212658779259412
think there,0.04940028364198367
think these,0.07035523092137347
think they,-0.13166077464426135
think things,-0.002932690523085428
think this,-0.06254039020532881
think to,-0.007746052888019323
think ve,-0.01664496412765475
think was,0.06797567966313918
think we,-0.05898523911233957
think what,-0.09292347369424268
think will,-0.05668657587652169
think would,-0.10365962555474434
think you,-0.06159807387071576
thinking,0.5876250684612839
thinking about,0.46460077307376724
thinking and,-0.03694425366615778
thinking is,-0.008373345365442588
thinking it,-0.1186278061387854
thinking my,0.03916774880805101
thinking of,0.030334219781711313
thinking should,0.06580114633634458
thinking that,0.15659835104127795
thinking this,0.042770852338626035
thinking what,-0.12687003132113792
thinks,-0.04904775516308389
thinks about,-0.014005297609908146
thinks am,0.044783699728152236
thinks being,-0.16438915912147326
thinks he,0.008322093266512084
thinks it,-0.0030711630322620494
thinks of,-0.011852150438137886
thinks she,0.0035397964601752933
thinks that,-0.03251799536067368
third,0.08592481290306488
third and,-0.1147178353692586
third wheel,0.07241031624355945
third year,0.09595402318751539
this,0.8696488076438006
this abuse,0.05077612507865091
this account,0.07149789117419598
this after,0.08879233221681608
this all,0.14019804725136698
this almost,0.08214099793230564
this also,0.023130270533109516
this although,0.09020233187863907
this am,0.005130373827943301
this amazing,-0.07743818170088591
this and,0.1758044695576107
this anticipatory,0.02809359284060238
this anxiety,0.09281467665214001
this any,0.023320815044928576
this anymore,0.17583905834831817
this anything,-0.0457962486872106
this are,-0.17266652487625464
this area,-0.01633607002124681
this as,0.17598794124150552
this at,0.07254517999068394
this bad,0.08373880070776542
this be,-0.0073910278567733195
this because,0.08791875337508893
this before,0.13309351309167064
this being,-0.0042553848591429955
this bill,0.11600764733717257
this but,0.4570785387477995
this by,-0.1397337325307211
this can,0.07824450786839789
this car,0.02498634610442447
this case,-0.0171898692587117
this causes,0.05288670801673155
this channel,-0.08962353918401553
this coming,-0.14246822687916214
this community,-0.09777547895530034
this conversation,-0.05354936210813618
this cool,-0.06589914647739595
this could,0.11129789419382835
this country,-0.07901846066874045
this crap,0.06154074143999203
this crazy,-0.13829245792548964
this crippling,0.12118277476193821
this cycle,0.00023046329422386031
this date,0.029917188419977113
this day,0.2770638454365063
this decision,-0.011627765744187515
this deep,0.051762551002467856
this didn,-0.013615530664198698
this doctor,-0.030522734105340673
this doesn,0.021578169292884638
this don,-0.02581700790532587
this done,-0.05383819706798269
this down,0.005774038525369822
this dude,-0.09667405675787648
this entire,0.022038988548730053
this especially,-0.0026698287592064815
this even,0.09396889336473516
this event,0.07868492630644357
this ever,0.05892039135242669
this family,0.024369874610137798
this far,-0.12142603372950936
this fear,-0.07089438900259484
this feel,0.08295227624259102
this feeling,0.16504596396194024
this feels,0.13987396716514308
this fight,-0.04380089254500212
this for,-0.0568849256961681
this forever,0.09392917215611735
this friday,0.09146834624932094
this friend,-0.0511839930688334
this from,-0.07046663270183758
this fucking,0.0898348435145311
this gave,0.05807249515879582
this girl,-0.08686510087635167
this go,0.011522849416739884
this goes,0.046138048759889985
this going,0.061566198246075135
this group,-0.007515751869785244
this guy,-0.3174188952379522
this had,-0.10873693026827252
this happen,-0.025919201253666934
this happened,-0.23435581412996007
this happening,0.10960975379844333
this happens,0.06238051546538885
this has,0.260792181216586
this have,-0.010321548018027402
this he,0.20233229076702308
this hell,0.10627580709846364
this here,-0.0010201836765906542
this hole,0.08903903880054244
this homeless,-0.01701905700802666
this house,0.10257369575858967
this how,-0.06174655640824671
this however,0.012441678457740924
this idea,-0.10960526168970981
this if,0.09107079877236147
this in,0.10807323377743965
this incident,0.12294130509906788
this includes,-0.03281069131371521
this is,0.32613572997163415
this isn,0.10761107002831141
this issue,-0.10075839055295537
this it,-0.0070888252240176985
this job,0.02908519384992451
this just,-0.005134401551170904
this kind,-0.020536813288170072
this last,-0.06194592558911836
this lead,-0.11808065131502489
this leads,0.04275644412023966
this lease,-0.01509136099426091
this level,-0.0023690065906633393
this life,0.05483128816553818
this like,-0.06886205751552679
this list,-0.06242252260758556
this literally,0.07290653975081701
this long,0.16251211359153028
this made,-0.12194209245482614
this makes,-0.021327168903796694
this man,0.12422303126940235
this may,0.13936762119084653
this maybe,-0.08640851085389294
this means,-0.016992882335505406
this method,-0.050511921665052396
this might,-0.1687446786876813
this moment,-0.12204669087073809
this month,0.132326485739688
this more,-0.04725321595644152
this morning,0.0712313287933673
this much,0.07260749711995923
this must,0.04464563629788814
this my,0.21930556135096302
this new,0.1681538900458297
this nightmare,-0.0019268345763272096
this normal,-0.011399224324637143
this obviously,0.0944473592830263
this off,-0.004841910137533035
this on,0.12383114067805273
this one,-0.3077454163001633
this or,0.04626600875159839
this other,-0.08307673186083128
this out,0.09893261537761364
this over,0.05242868373009673
this part,-0.11400049966564103
this past,-0.0074696308544961185
this period,-0.09284131316073507
this person,0.2475712858909677
this place,-0.07466524123417777
this plan,0.07801562393755959
this please,0.0012191575893930968
this point,0.24143630438900382
this position,-0.056766188117296286
this post,0.21851891088153946
this probably,0.049946924418405494
this problem,-0.07785005184583259
this put,-0.09237369909978944
this reading,-0.052473188428080235
this really,0.058484296742039255
this relationship,-0.06762704922221059
this research,-0.06419656073498028
this right,-0.07119803402520072
this seems,0.008175733882624747
this self,0.0635851835644751
this sensation,0.08976675425680836
this sense,-0.03378717891294533
this she,0.12940046768102828
this shit,-0.0032814431003958004
this short,-0.05525589297301311
this since,-0.1251650954303161
this situation,0.37608167888717775
this small,0.06447684648902725
this so,0.13720418483371757
this society,0.042883399166379864
this something,0.10123364981040361
this sorry,0.07317693946241466
this sort,0.036570377233770844
this sound,-0.09892472259042041
this sounds,0.16105444801921223
this started,-0.07632508219621457
this state,0.03687567220335112
this story,-0.16628473746218728
this stress,-0.015509162610743319
this study,-0.20887275780100537
this stuff,0.1105304115158675
this stupid,-0.17589562768656555
this sub,-0.3623608375522135
this subreddit,-0.24626000253986724
this sucks,0.08488800645721949
this summer,-0.10342090531267324
this survey,-0.1529175194264355
this take,-0.0011879744401815768
this thank,0.04373176949562831
this thanks,-0.11251025766329115
this that,-0.06954948042917886
this the,0.24482003907076846
this therapy,0.06310484801117898
this there,-0.06442951771297158
this they,-0.027037325694540662
this thing,-0.03613494825929504
this this,0.1643826154123063
this thought,-0.14020161757649446
this thread,-0.10049363827387701
this time,0.3825098567206813
this tl,-0.007735421110336035
this to,0.14793023830376087
this town,0.1129899119216488
this turned,-0.0005870146282162485
this twice,-0.05719523270623365
this type,-0.03346735469668448
this until,-0.020673764556609252
this up,0.0011255830325956812
this url,-0.063356607558651
this ve,-0.03979105275853213
this very,-0.17247198268396088
this want,-0.0004050065837236745
this was,-0.2526964271889995
this wasn,0.07128980057613574
this way,0.1721601100710842
this website,-0.07947047259407991
this week,0.16800971700862757
this weekend,-0.06177618919574784
this weird,0.10741677939092088
this what,0.09109049505276867
this when,0.08826830499920221
this where,-0.012576925707023645
this whole,0.08076755097804642
this will,-0.3107387714740286
this willy,-0.10210648385838016
this with,0.2126906378388599
this without,0.059211161696488754
this woman,0.0013840892055982151
this wonderful,-0.08081991278071506
this world,0.06628079017105173
this would,-0.0768167113584042
this wouldn,-0.09686556742671495
this writing,0.012773992634511459
this year,0.2214947239682219
this you,-0.03021698676240044
tho,-0.02187631223966644
those,-0.7298797413437375
those are,0.026465835571116755
those as,-0.09454419030213528
those days,-0.012040936047415901
those don,0.0954723317541963
those in,-0.04606981936385325
those lines,-0.08352924292576407
those memories,-0.01450609060666005
those months,-0.0025023253300119753
those necessities,-0.06262408064630544
those of,0.08869812980587675
those people,-0.018412097320318743
those relating,-0.05116124148560803
those struggling,-0.07378535716214671
those that,-0.048650267799424426
those things,-0.10198692438106254
those thoughts,-0.09615602454299704
those three,0.005808494148559259
those time,-0.005243537427032673
those times,-0.10504571257897172
those who,-0.20777005481961666
those words,0.022977138861767925
those years,-0.10255162832182202
though,-0.027962304875343427
though am,0.08757354537105161
though and,0.03724836211524989
though because,0.0840169454447639
though didn,0.003439697326888126
though don,-0.09133964844087328
though had,-0.0027168487863105306
though have,0.05228317176430732
though he,-0.0791216775513771
though is,-0.05552088372945014
though it,0.020150423388430483
though know,0.19540697172912214
though my,0.15184826568362678
though our,-0.1387651134467677
though really,-0.03832236404144581
though she,-0.16990621196206673
though so,-0.15318895483030456
though such,0.03779330207822737
though that,-0.15878618667951586
though the,0.061108679117629294
though there,0.04040092768810069
though they,0.06021684595470549
though this,-0.04186459049026266
though try,0.044783699728152236
though ve,0.035561219156755794
though was,0.11304070204156044
though we,0.06885606628862055
though what,-0.07996473371485904
thought,-0.0644992772586856
thought about,0.09332226581560576
thought after,0.052985443311593806
thought all,-0.08025192132491918
thought and,-0.06545082076066598
thought can,0.05930225295208869
thought could,0.10520185993324577
thought had,0.08027075388573011
thought he,-0.15800447527859837
thought if,-0.002128276820399619
thought is,-0.020439148208946874
thought it,-0.007688350668306173
thought maybe,0.009468954052051426
thought of,0.07078219082842693
thought post,-0.06836798386132623
thought she,-0.07359115648916004
thought should,0.05052258528421554
thought that,0.07197994993021951
thought they,-0.0295016039173913
thought this,-0.12184485549141802
thought was,0.1093312762075752
thought wasn,-0.08606417896204843
thought we,0.05120938837706422
thought were,-0.014315120988938458
thought would,-0.05217313946318383
thought you,-0.019378937247369186
thoughtful,-0.07493077177272144
thoughts,0.35534492256503497
thoughts about,-0.03876614363820082
thoughts and,0.07517306339932808
thoughts are,0.1448356174318259
thoughts like,-0.028075798670449993
thoughts of,-0.030178485666015487
thoughts on,-0.0605061454050651
thoughts or,-0.00824526164361165
thoughts so,0.11828905828808652
thoughts that,0.04681976473149887
thoughts were,0.1233374874322523
thousand,-0.11388381028598801
thousands,-0.0358622609929871
thousands of,-0.07460154255580391
thread,-0.0744136256293949
threads,-0.008558609164660981
threat,0.21037963440092192
threaten,-0.08847250749281638
threaten to,-0.03352213760496901
threatened,0.27483700704550484
threatened by,0.031511942209583414
threatened suicide,0.07178966537778272
threatened to,0.09249959686367562
threatening,0.14461981249325973
threatening to,0.15420835543613823
threatens,0.17116548864127604
threatens to,0.14495909368933585
threats,0.32758835235620154
three,-0.05071679406322192
three and,0.0021420730087026636
three days,0.0924344538408487
three different,0.0922762516817845
three girls,0.008636195737082363
three months,-0.09236720657450581
three or,-0.017121206909277854
three times,0.0001306143927658489
three weeks,-0.12538962395976883
three years,-0.06839960017641021
threw,0.3963207489558453
threw me,0.13827507315510307
threw the,0.003974154772510457
thrift,0.08382501454020273
thrift store,0.08382501454020273
thrilled,-0.08218363367707511
thrive,0.020254201812124204
thrive but,0.12045712736157668
throat,0.18195028667592963
throat and,-0.006294008544597062
throat like,0.07666733659322239
throne,-0.08805764405010354
through,-0.26346648494017905
through abuse,-0.020386739584153286
through adolescence,-0.04949784213867973
through an,0.13077022076147318
through and,-0.03766094590065176
through any,-0.07246729751159842
through but,-0.06941805829277152
through consent,-0.04457371702293766
through hard,-0.08538822796544236
through his,-0.003765284578738107
through is,0.09815677710199473
through it,0.2476952929116482
through life,-0.017794298470751126
through lot,0.004887310230233656
through me,-0.000232038337678734
through my,-0.1847704370032108
through objects,-0.03172256879923077
through one,-0.08443293710819205
through our,0.02118758554721224
through out,-0.016947376449313788
through recovery,-0.03172256879923077
through rough,0.08267451086311992
through similar,0.040433499788973565
through so,0.09152681136098856
through some,0.04187587876126843
through something,0.09134133666015999
through that,0.0042091298520506295
through the,0.11338245950741098
through their,-0.07428564499945413
through this,-0.05460057984550824
through to,-0.03366598095807572
through tough,-0.022736055628372862
through tunnel,0.06329768826797652
through vanderbilt,-0.03632146800876842
through very,-0.08169223211604265
through we,0.08760388399434776
through whatever,-0.03074105019184583
through when,-0.08947773670375556
through with,-0.022288196280361428
through you,6.6314024924123355e-06
through your,0.014989651758951731
throughout,0.19943265815300035
throughout my,-0.030217913145662505
throughout our,-0.013685661105171547
throughout the,0.18186845547809813
throw,0.08010451448074794
throw away,-0.13034958433863283
throw in,0.017880014576784366
throw it,-0.014574484443448108
throw up,0.18722107084008197
throwaway,0.002140521748958228
throwaway because,0.06031702971335377
throwaway for,-0.06558666809242227
throwing,0.2133554962374689
throwing things,0.08075992075488365
throwing up,0.05915824863840549
thrown,0.20314984619366205
thrown at,0.11442062792310494
thrown out,0.032124424518933936
throws,0.06353402033584012
thug,-0.09365634461536076
thursday,0.06602115299184012
thus,0.014725021777139451
thyroid,0.048724636996482176
ticket,-0.1783578826883915
tickets,-0.005434560275351592
tickets next,0.02809359284060238
tickling,-0.008718814656876338
tied,0.08469225862512571
tied to,-0.0018452346623259713
ties,-0.0627421656445146
tight,-0.16832180392066698
til,0.03055193187073803
til fell,0.04743423219373524
till,0.06617557286418596
till the,-0.014562492648746284
tim,0.042851848111686915
time,0.25444992663433813
time about,0.009158765852293098
time after,0.12976023119835536
time ago,-0.09881235162662684
time also,0.0045794355190277615
time am,-0.012869752199671515
time and,0.10702086354878583
time as,0.05400940887020604
time at,0.1612005582459578
time because,0.18783073156745062
time being,-0.060894865056161006
time believing,0.10076850925049544
time both,-0.09246983854531217
time but,0.3866006367882779
time called,0.10515014943264646
time can,-0.09777154392980372
time comes,0.0407310487556929
time didn,-0.09153950118920094
time do,-0.2041892920790179
time don,-0.011369839927080985
time ever,-0.09709935843981093
time feel,0.09748490904805539
time felt,-0.003944320415137952
time finding,-0.03102699585034432
time for,-0.17687491927520163
time found,-0.08713908223149044
time frame,0.0554250931660253
time get,-0.01535634643336849
time go,0.10387393902187607
time got,0.0005729679098972786
time had,-0.09710233125370422
time has,-0.007813002021475885
time have,-0.09307573608225041
time he,0.08037185976163234
time how,0.037147630999290165
time however,-0.008212487711941961
time if,0.003082105189711674
time in,0.1649387373319306
time is,-0.011970238238268753
time it,-0.08726127109350765
time job,0.06498150190367492
time jobs,0.011106338488588824
time just,-0.07085868497256399
time know,0.08219277544778947
time last,0.06839751837124272
time like,0.06927411532143155
time love,0.01610049835839519
time maybe,-0.08467800042198637
time my,0.10166075408469134
time not,0.03554095680894191
time noticed,-0.0237864040473757
time now,0.06164340525749479
time of,-0.02261673856601033
time off,-0.11487261128334002
time on,-0.06370350032495697
time one,-0.10373138573168908
time out,-0.09004457490604259
time please,-0.045050312625361515
time posting,-0.02153382204709982
time saw,0.09101763871448956
time see,-0.03660516470388533
time she,-0.21443587624123858
time so,0.016184456570415534
time something,-0.02925662225697877
time started,-0.04689270825502973
time staying,-0.06655026477653447
time still,0.03136271826193095
time that,0.09525524390399992
time the,0.1236958529160586
time then,0.0036376235028533683
time they,-0.030367771282172478
time this,-0.11379834975895127
time thought,-0.02220679494551303
time to,0.35012872531279976
time together,-0.13812068278872827
time too,-0.01031113541396291
time took,0.047952967046422254
time tried,-0.012273112532454668
time trying,-0.005245075120680709
time understanding,0.06909798386550267
time url,-0.0820378430356512
time ve,-0.026791483605452856
time was,0.06936591223904325
time we,-0.30379482192173946
time went,0.023285202058848424
time what,0.07410454500003064
time when,0.1935421580393624
time which,0.022644982316010386
time with,-0.02177070180918171
time without,0.10943460291110968
time work,-0.01928407892424075
time would,-0.04539579346068968
time you,-0.1570267564563261
timeline,-0.021445742104805675
times,0.10779543536302717
times after,-0.020534018035793647
times already,0.08350987780456158
times and,-0.13330866675171518
times at,0.09296289457050001
times because,0.04289837728721563
times before,-0.050535325915160814
times but,0.011396284435311236
times by,0.07055767684545185
times day,0.048057496840818614
times for,-0.026510313496000564
times have,0.1083248263045614
times he,-0.17067734127128262
times in,-0.06493779778300066
times it,-0.0017785707224075198
times just,0.10743342561827338
times like,-0.06964340327542828
times over,-0.05561710826280617
times she,0.05258427008459229
times that,-0.18768253768456294
times the,-0.015889128351414667
times tl,0.11941623943610366
times to,-0.029601411038269024
times tried,-0.09954200793225278
times ve,0.025970453339450954
times we,0.07051332460489361
times week,-0.0709396767755906
times when,0.09642787754970088
times where,0.05424730839183056
times while,0.046345174923332726
times with,-0.10413817992374651
timing,-0.004749094659290934
tinder,0.04637470071200016
tinder date,0.0022775252142834502
tiny,-0.13135302778322042
tiny bit,-0.048336542681210036
tip,-0.10171279389246488
tip of,-0.022656696032956558
tips,-0.07994654883602234
tips for,0.09272927871699316
tips on,0.035891134470739314
tired,0.7585036536333452
tired and,0.1141530160136885
tired from,0.02763458196838049
tired of,0.3650963079179543
tires,-0.009031031275431641
tiring,0.05327805651725589
tissue,0.03355717965631498
title,-0.04113906603301832
title it,-0.030442380204709154
title says,-0.07301098982357594
tl,0.756722767496395
tl dr,0.756722767496395
tldr,0.14025961597605174
tldr got,0.13245219147168247
tldr need,-0.021323748689249977
to,0.15083663695716895
to 10,0.009249711394050729
to 20,-0.008651475069296106
to 24,-0.1280990790940748
to 70,-0.03571177968025058
to USER,-0.05416697936409184
to about,0.0008213874435608496
to abuse,-0.09394658824892896
to accept,-0.15254703424724617
to access,-0.13005938000234984
to accommodate,-0.10681130236739961
to accomplish,0.14591641275385475
to act,-0.12209694848367092
to actually,0.048514471187789066
to add,-0.15076043879674778
to address,0.010697968560660754
to admit,0.0857925871544007
to affect,0.12626474125754122
to afford,0.1017049546953686
to all,-0.2483564307790357
to alleviate,-0.07860233610968612
to allow,-0.030212745513421277
to almost,0.0010310804701028709
to always,0.0683538344219041
to amazon,-0.07091135311611466
to an,-0.215501496846632
to and,-0.02133620883148444
to anger,-0.0018822790853681888
to another,0.15133328271392546
to answer,-0.07108720999452456
to anxiety,-0.19158365583331458
to any,-0.03859711781033815
to anybody,-0.05846417637873986
to anyone,0.21740087477289788
to anything,0.13680874293888376
to apologize,-0.010373475768678024
to applications,0.05502035680144404
to apply,0.03002854996599383
to approach,0.10879931754588104
to ask,-0.10470104891722279
to assess,-0.04509382103789202
to assist,-0.05487354841757837
to associate,-0.09263353088958591
to assume,-0.08220061670039946
to at,0.0649444611846189
to attempt,-0.15022293465831232
to attend,0.03746477121676089
to avoid,-0.26218131203967393
to babysit,0.011050657148410813
to bad,0.03200979249164647
to bail,0.10280334289436398
to bank,-0.0744238400724841
to bar,-0.09585751957829287
to bars,0.007383473370189445
to be,-0.07243940032683163
to beat,-0.02134481081673962
to become,0.12529151197661384
to becoming,0.007621876054796244
to bed,0.12670054021399457
to begin,0.06641320597896999
to being,0.11344144864549793
to believe,0.05033410176890163
to better,0.0061912244771385695
to bigger,-0.051186316856184744
to bits,-0.09860219015027898
to blame,0.1470425366476347
to block,0.03443342737261537
to borrow,0.03809854605145299
to bother,0.08180468571960686
to break,0.11553476329226324
to breakdown,0.06533728144379332
to breathe,0.03513666505901013
to bring,-0.08331922442112179
to broach,0.046257119156340454
to brush,0.0716256789548412
to build,-0.01961240461067154
to burst,0.026334892648281566
to bury,0.11465750574782184
to but,0.040915589605413506
to buy,-0.140909463287987
to california,0.0972883364907882
to call,0.10031377423399777
to calm,0.17793683197411594
to cancel,-0.010923601182693324
to care,0.05762977829063226
to carry,0.0020452193251150894
to catch,-0.03893345645547976
to cause,0.03033035156498217
to cbt,0.07199863363352652
to celebrate,-0.09805762887145365
to challenge,0.06332620894708783
to change,0.07127574458831805
to charge,-0.016540293252349736
to chat,-0.07441539229446849
to cheat,-0.01995484509584585
to check,-0.16088139637137933
to choke,0.07355256480495549
to choose,0.04592658079737352
to church,-0.008527221125878908
to class,0.07049708593221983
to classes,0.11353254354094604
to clean,0.1196907010777209
to clear,0.04491179467161053
to close,0.10010815943564297
to club,-0.06708053135050579
to co,0.02189509849592102
to coffee,-0.11995989942050164
to collect,-0.02579975173074072
to college,-0.13304838541021727
to come,0.30657103646442097
to comment,-0.0891318472792642
to commit,0.10297883003285535
to community,0.0823072918934379
to compare,0.04743423219373524
to complain,0.1389936130975348
to complete,-0.11393658094383424
to completely,-0.012921258700038444
to complicate,0.01157219832621305
to concert,0.007095489620568433
to confirm,-0.05678193365547207
to confront,-0.060775621143177375
to connect,-0.05763511448404868
to consent,-0.04457371702293766
to consider,-0.04827380384126335
to constantly,-0.052070768377282965
to contact,0.14363993213112694
to continue,-0.06735004012853538
to contribute,-0.11277449268640526
to control,0.025487047919727494
to convey,-0.07338307875312854
to convince,0.011573125276563151
to cope,0.2662243000676517
to cost,0.1053436052672728
to counseling,0.053712667858773926
to counselling,-0.0809634221247701
to counselor,0.037850671924728796
to count,-0.0763705560372885
to court,0.09089414088729304
to cover,0.05349319444409406
to create,-0.07503062479651475
to crush,-0.02576262641056352
to cry,0.17624372145670159
to curb,-0.02974636290193637
to cut,0.12787021165551615
to date,-0.007663862449208173
to day,-0.011760779321672259
to deal,0.30321718492475447
to death,-0.015259210259776574
to decide,0.02152627885587957
to defend,0.019623004201250696
to delete,-0.014611500758241193
to depression,0.0037787361784603524
to describe,0.19517252061967172
to deserve,0.040737318461282486
to develop,0.07545185780443762
to devote,0.09208364621867172
to diagnose,0.04743423219373524
to die,0.11987183566907628
to different,0.054871040693236305
to disclose,-0.00026978546304519976
to discuss,-0.09312050043884423
to dismiss,0.07084132547690075
to distract,0.12230039758486015
to dm,-0.06780772138329702
to do,1.5203186222370346
to doctor,0.13707759383379473
to donate,-0.13483194106046448
to drag,0.09336068110626138
to draw,-0.010843356291571913
to drink,0.06012174886677068
to drive,-0.02408307308601974
to drop,0.1210545595007272
to drown,-0.009019790463248653
to drugs,0.06522081046996309
to each,-0.08633005060501399
to earn,0.08788317733357082
to eat,0.052776523333884495
to either,0.07791519714259636
to end,0.043874330217047
to engage,-0.009323804941504924
to enjoy,-0.09389564164584298
to enter,0.003514430337737946
to escape,0.1412213121490307
to even,-0.013078190768883917
to eventually,-0.04618753538363676
to ever,0.14683488274941336
to every,-0.01209374977558986
to everyone,-0.29582964143860474
to examine,-0.0491213912714916
to exist,0.09214477096537006
to expect,0.07652405468140389
to experience,-0.08673902390552671
to explain,0.12030576839918844
to expose,0.04963843285163076
to express,0.06292621032303078
to face,0.08619475368056775
to fail,0.07269843391522636
to fall,-0.019234994300845288
to family,0.14266229321760465
to fear,0.06609316220040942
to feed,0.020287253175360002
to feel,0.1081663173855369
to feeling,-0.011583397595478426
to few,-0.010882439102647273
to fight,0.044025785019100906
to figure,0.17932447421961353
to fill,0.0554162184194643
to finally,-0.16874737791743108
to find,-0.24522459054022222
to finding,-0.09412452264103399
to finish,0.05417521569110992
to fix,0.07240984742223082
to flee,0.07685862001691066
to focus,-0.15837220548378855
to follow,-0.11044406034908996
to food,-0.13757144963524576
to for,-0.1426243368308666
to forget,-0.13449088653910535
to forgive,0.18826551502812078
to freak,0.11658421758241838
to friend,0.008722232649229899
to friends,0.03469800874619953
to front,-0.10056518667598006
to fuck,0.07799342082619445
to fulfill,-0.09275199105537063
to function,0.10756887545083298
to fund,0.08703270666270574
to further,-0.08968926026158494
to gain,-0.0378052164250803
to gaming,0.012551435513871523
to gaslight,0.06785905200079585
to get,0.42171793486008485
to getting,0.1234818283721574
to girl,0.08374756043489653
to give,-0.05906736120154249
to go,0.19145512737089435
to god,-0.11625488103843212
to good,-0.06119444261175761
to graduate,0.0573310698385179
to grovel,0.06196691293620818
to grow,-0.11769477621930541
to guess,-0.09312529433378107
to handle,0.1449819374323753
to hang,0.13580647933611117
to happen,-0.030603625745228593
to hate,0.08654493397894092
to have,0.4990050102456072
to having,0.14617382890747416
to head,-0.031098442077936647
to heal,-0.03402928609726194
to hear,-0.23773894495461903
to heat,0.015300369832953398
to hell,-0.12218002421098033
to help,-0.24994882899078621
to her,-0.39197775766319415
to herself,0.028149239020292937
to hide,0.04263192139144937
to him,0.3710552591335341
to hire,-0.055260994581585204
to his,-0.02921758211173345
to hit,-0.05680117366056
to hold,0.07247612194921906
to home,0.11003987629461062
to homelessness,-0.09862924550593018
to hook,-0.03574816405850182
to hospital,0.004743730218623667
to house,0.005182496510062876
to how,0.045502407843682306
to hug,0.016488942238127042
to hurt,-0.019250584383981025
to identify,0.057024426249615255
to if,-0.0005409354794279387
to ignore,-0.06156775319773026
to imply,-0.023962946661355688
to impress,-0.0073837331136118265
to improve,0.04234721519732541
to in,-0.07292654694911509
to include,-0.14845253701430994
to increase,-0.08414947044713626
to influence,-0.004773912221038649
to initiate,-0.05489158909292643
to insert,-0.02076699719156309
to introduce,0.014490823596755964
to invite,0.04177099105490638
to is,0.038295913625137845
to it,-0.2850410484128426
to jail,-0.13326277532263836
to job,-0.03212759263305935
to join,-0.17524236306045443
to jump,-0.06876500604613162
to just,0.14052918744972967
to justify,-0.051113733583720684
to keep,-0.11985230951283608
to kick,-0.029633394056015668
to kid,-0.10004644076696705
to kill,0.27344703353807626
to know,-0.13657452417741467
to last,0.07868918197393898
to lay,0.11742412671261182
to lead,-0.0168061335862654
to learn,-0.29746280463218916
to leave,0.4114212295638245
to let,-0.17341014339487823
to lie,0.0984838891654784
to life,-0.08797199050626595
to like,-0.16136390643762621
to listen,-0.09628469015229525
to live,0.14869744448868405
to living,-0.08619001128874493
to long,0.11605085476940108
to look,0.07325182327895206
to lose,0.27535292360482244
to lot,0.10778543073477605
to love,0.09095002935711555
to low,-0.034572234118996584
to maintain,0.07491366924751094
to make,-0.271308869020517
to making,0.11986921104713298
to manage,0.009658272448791885
to manifest,-0.0032803584980101354
to many,-0.021016617771420942
to marry,0.12041007668300581
to massage,-0.03241140937372372
to matter,-0.10836965919634746
to maybe,0.16942056704041694
to me,0.7036196460399661
to medical,0.09653734601581708
to meet,-0.06052423010484192
to mention,-0.08849404047001531
to mine,0.09360909330158555
to miss,0.035239736230474876
to model,-0.01512825524395292
to month,-0.017049007137772288
to more,-0.05222031980783025
to most,0.0030470020625718453
to move,0.1768292005562884
to music,0.01285869922920773
to my,-0.03277316411944603
to myself,-0.11758880910653953
to name,-0.09899724047273552
to navigate,-0.013361251800116263
to need,-0.019244293995209393
to never,0.0837044634540341
to new,0.16137291853403277
to no,0.09629667846909523
to normal,-0.04562584832540595
to north,-0.08779789216093398
to not,0.25227033473976646
to note,-0.03728299607992664
to notice,0.12519334130590837
to now,0.03491771090796741
to obtain,-0.06289860581016246
to off,-0.13332929660154838
to offer,-0.06696894633413396
to one,-0.014791010090755615
to only,0.0010457674403474108
to open,-0.11161496914186345
to or,-0.005483887481972119
to other,0.04122583331751235
to others,-0.0766757110453195
to our,0.035172205824491286
to over,-0.04377363340414694
to overcome,-0.017204771941217122
to own,0.008549042718580402
to pack,-0.034135644792004996
to page,-0.07022018787669182
to panic,0.02558234432142629
to park,0.12125050909982227
to part,-0.0012339024096511442
to participate,-0.26644392290184066
to party,0.010099002653697163
to pass,0.11379430901555798
to past,0.16191951844035193
to pay,-0.04180539575237276
to people,-0.11318147815803034
to perform,0.06825247747726645
to pick,0.017473381205383668
to place,0.025591999152408073
to places,-0.02649572087743057
to plan,-0.07652212579052893
to plant,-0.007040305907361974
to play,-0.050684200217537244
to please,0.06553135058105514
to pm,0.019760419215463957
to point,0.02992507600537785
to post,-0.34362625212843156
to potentially,-0.07988165696613768
to practice,0.06958727256104058
to prepare,-0.061056666506426945
to present,-0.04898062896596393
to press,0.16949043534651734
to pressure,-0.012075878695741924
to private,0.06871271441822493
to process,-0.026400197454028867
to progress,-0.008374991868368218
to protect,0.16930810886636338
to prove,-0.06056067048783523
to provide,-0.04401661140371277
to ptsd,-0.019184970349059638
to public,-0.003809288472288336
to pull,0.05545316095325741
to punch,-0.011693459172321981
to punish,-0.007773193129916195
to pursue,-0.08647440848522156
to push,0.12775602097688946
to put,-0.03418427164315492
to qualify,-0.10414814818568222
to question,0.0004525858407714541
to quit,0.09333317251610522
to raise,-0.0352220908442613
to rape,0.06635623946039708
to re,-0.08880877087832234
to reach,-0.09525444820816527
to read,-0.2150847995841476
to realise,0.11526256592880632
to realize,-0.03803577942721402
to really,0.07049171871309552
to reason,-0.1524408152077787
to receive,-0.05353800308782614
to reconcile,0.10342661789979021
to reconnect,-0.07011820861016282
to recover,0.1923115034109179
to recovery,-0.06878853135798121
to reddit,-0.03842929143301565
to reduce,-0.022140528412932414
to reflect,-0.09101235196579588
to refuse,-0.014676759070515584
to relate,-0.00035706176631075307
to relax,0.23369159780414883
to relieve,0.04268919887866317
to remain,0.10561862415901097
to remember,0.26833976232112816
to remind,0.014830070528517297
to rent,0.00012514625022821014
to repair,-0.01129659059163223
to repay,-0.07656525486306011
to repeat,-0.1969042620277464
to replace,-0.06629930845952185
to reply,-0.08245644070010301
to research,-0.07886692388199484
to respond,0.08811529698066155
to rest,0.040682856732860234
to retreat,0.07846019078948195
to retrieve,-0.0030232360142719446
to return,-0.08247377321979187
to ride,-0.039072576186933376
to right,0.015559287390887529
to roll,-0.14263306638437612
to rub,0.04743423219373524
to ruin,0.09563863374110258
to run,0.1582823308163745
to rush,-0.09000660498572648
to save,-0.011993236273571581
to say,0.1093181248017538
to scam,-0.008452008321231996
to school,0.17570428464462398
to secure,0.11067981051887488
to see,-0.4291920330647758
to seek,-0.07197642996888737
to seem,-0.12424756238399756
to self,0.03362202742105908
to sell,-0.026122364003869324
to send,0.020435361808071793
to separate,-0.014427222621234454
to set,0.11418911052311216
to settle,-0.045190101103818055
to several,-0.08083814806868875
to sexually,0.09860116020916074
to shake,0.136027660543459
to share,-0.4104962387839647
to she,-0.02800271089472306
to shelter,0.028168057476132543
to shift,-0.011950841552259625
to shop,-0.0675356884145156
to show,0.023451202277260663
to shut,0.2859690708545938
to simply,0.08032863333213625
to sit,0.01831987267987261
to sleep,-0.08362502178950862
to slip,-0.01710733664154028
to slowly,-0.007273626957417928
to smoke,-0.03166509662388891
to snap,0.10255828500200675
to so,-0.019408594905687353
to social,0.09718697116098401
to solve,0.050405713869621234
to some,0.021285275255209388
to somehow,0.06037957096412487
to someone,-0.02922291783440011
to something,0.14146514757902792
to sort,0.03701599407743229
to sound,-4.813793134421634e-06
to speak,0.14550150671731107
to specific,-0.1081672853844827
to spend,0.12641148044149114
to stab,0.09353087505866443
to stand,-0.025782009652810158
to stare,0.04887358137786585
to start,-0.12485390714079556
to stay,0.0024681962120226305
to steal,-0.09370401887977381
to stick,0.017890054455952854
to still,-0.03786207942195606
to stock,0.02117588586777277
to stop,0.30446377098030025
to store,-0.1828802408595264
to struggle,0.04758664869351274
to study,0.05602623969912213
to stupid,0.07395631663965416
to submit,0.03748783662496977
to succeed,-0.045301350799210605
to suffer,0.16036204106880844
to supplement,-0.06819117519661841
to support,-0.19684997872288984
to surprise,-0.05221177699606936
to survey,-0.04509382103789202
to survive,-0.03146330445802932
to switch,-0.132588363792713
to take,-0.09862561054890993
to talk,0.2746575615805854
to teach,-0.032113671157942524
to tears,0.11255899516290459
to tell,0.3773867853819419
to terms,0.03636636423281349
to thank,-0.08821995144970568
to thanks,-0.0011910143699795555
to that,-0.17021644591652896
to the,-0.4028245528377424
to their,0.015650927505852334
to them,0.13698570276000474
to therapist,0.19024200839800315
to therapy,-0.05629773206948435
to there,-0.0709731111248052
to these,-0.03601456744320343
to things,-0.020950923945967277
to think,0.31755211822419044
to thinking,0.07212291423565752
to this,0.1123709558280251
to those,-0.1133070432865006
to threaten,-0.09491877103381953
to throw,0.052431487332554226
to time,0.07382360970071826
to to,0.04319449032832449
to today,-0.05117521983174688
to top,0.0856763452220437
to touch,-0.043350409334375735
to transfer,0.021370008463134145
to travel,-0.17452141300964139
to treat,0.10178903191058493
to treatment,-0.094213782003208
to trigger,0.05358336191822984
to trust,0.11219305326108003
to try,-0.1888134168847957
to trying,0.070294729236074
to turn,0.24766956299220136
to understand,0.040544931383838995
to university,0.08254339630364463
to update,-0.016892094028996756
to url,-0.009190662087590545
to us,-0.07295170209280881
to use,-0.05150725176906009
to vent,-0.08047853736509158
to verify,0.009376364724404073
to view,-0.013841692716012596
to visit,-0.053849997518069716
to volunteers,-0.03074105019184583
to wait,0.1736358449911231
to wake,0.026117386872230024
to walk,-0.1428624713153192
to walmart,-0.11230615823745378
to wander,0.08621961942192675
to want,0.09931613073412507
to was,-0.0858559295071411
to wash,0.039360955271189844
to waste,0.16451116423460008
to watch,0.16665654545016
to we,-0.015576668142082795
to wear,-0.04675981840863928
to what,-0.052872293855893863
to when,-0.06451698088263827
to where,0.023668543413225808
to whether,-0.020159849464345174
to which,-0.10954298260067402
to why,-0.0416600265198616
to win,-0.14194736180004427
to without,0.054117233140854634
to woman,0.007650741960223383
to women,0.05442823339868273
to work,0.1362712085039367
to working,0.03546558505026518
to worry,-0.06867960590713197
to write,-0.14786381435878385
to years,0.07396147074282713
to yell,0.011362839879948993
to yesterday,-0.002361490283232517
to you,-0.30232951308853623
to your,-0.09271646012381152
to yourself,-0.07097993575081443
today,0.32267311928447906
today am,0.10205863392111303
today and,0.06804775840886573
today at,-0.09815395667656103
today but,-0.0640083304919797
today can,0.07214232372163312
today got,0.03564770037726835
today had,-0.023731482300939948
today have,-0.09722241955289987
today he,-0.06632983863806591
today is,0.14837845522269605
today it,0.07705451502947568
today know,0.026313173682497793
today my,-0.1235656237916899
today she,-0.03515957346754922
today that,0.08194158920891192
today the,-0.007325904445184923
today to,0.020710199997850703
today ve,-0.019375650695192523
today was,0.04969246272059737
today we,0.08034271265286155
today when,0.10362178560597142
together,-0.6499035538939928
together after,0.13436468793439885
together and,0.16614755024576514
together as,-0.10691243012439768
together but,0.0021918317919879257
together during,-0.13313846086105943
together everything,-0.0755752032316965
together for,0.01074383069297516
together in,-0.07057092388988241
together it,0.05968630034011157
together like,-0.07427908636735894
together she,-0.12912938587688155
together so,-0.09616375154334013
together that,-0.02122316207873191
together the,-0.025902636733539288
together there,-0.06743752955209531
together tl,-0.02469263913393872
together to,0.005991087803174186
together was,-0.13141595423483224
together we,-0.17228156639037753
together well,-0.0673505298488407
together what,-0.02380374220968772
together which,-0.043742767955615464
together while,-0.09965827982851422
together with,-0.12619370715481504
together years,-0.07413823686431929
toilet,0.09506525533376843
toilet paper,0.10088821022012748
told,-0.015289794463499453
told and,0.0029913293528280676
told anyone,0.10056925794765124
told by,-0.08041551930489867
told her,-0.24173101478667797
told him,0.03192017441314457
told his,-0.020164044825826257
told it,-0.0949084315808984
told me,-0.05915812898012712
told my,0.1496558386316275
told myself,0.07745950651218633
told our,0.012883613700323315
told that,0.07763020966078577
told the,-0.18021160634479608
told their,-0.01370276973378085
told them,0.12884177376392295
told to,-0.04871455693208303
told us,0.01161219737747687
toll,0.0839739035449324
toll on,0.018842226442187027
tom,0.012955458615224295
tomorrow,0.19559135810422099
tomorrow and,0.11391345091635258
tomorrow ll,-0.015013975911685011
tomorrow morning,0.015427141357170486
tomorrow so,0.04721215990875257
ton,-0.10938989288326884
ton of,-0.05749976706268288
tone,0.03200730908421129
tongue,0.10319597727807386
tonight,-0.15997245583415748
tonight and,-0.013260350140246931
tons,-0.09260514690430478
tons of,-0.09260514690430478
too,-0.057659258434919994
too afraid,-0.0855592241472003
too also,-0.11034029804751411
too am,-0.0290226640100406
too and,0.08859361944343094
too anxious,0.1466759341012392
too bad,0.02085562581318912
too big,-0.010735598285078935
too but,-0.21104523966061814
too cold,-0.003212480686383974
too depressed,0.060790364711755786
too embarrassed,0.06222847333047099
too expensive,-0.09747148509167519
too far,0.036819187501395054
too fast,0.08615796791354738
too hard,0.22137025150518447
too have,-0.11056751358729193
too he,0.10508662599184154
too high,-0.062175031892351885
too in,-0.010971193983693377
too late,0.09762306587177522
too long,0.04992781821805849
too many,-0.01612432808127652
too much,0.03768623196840982
too often,0.08054241794240742
too or,-0.0781115408813895
too overwhelming,-0.014931891848256825
too proud,-0.10837343743916415
too sad,0.01522042212829066
too scared,0.10524725299275636
too she,-0.07791349453188101
too skinny,0.008577564333520872
too so,-0.02013848826604326
too soon,-0.03604730089268374
too sort,-0.10318357121069584
too stubborn,0.011377636041506009
too stupid,-0.03605831094451502
too tired,0.056708682450810684
too url,-0.07665207705971022
too which,0.07643738670467645
too young,-0.013970446272964732
took,-0.4807621311212329
took an,0.04205761204304849
took care,-0.031956298947319994
took her,-0.015145249548889631
took higher,0.08269455417427914
took him,-0.126832950194742
took his,-0.09879165454143221
took it,-0.13655439872416608
took me,0.0055109836896204915
took my,-0.09024290241376917
took off,-0.17610281121235988
took over,0.1067497417554784
took some,-0.0023705773696757913
took that,-0.0886342247060443
took the,-0.09676713039484233
took time,-0.09340847462699438
took while,0.016994394657409487
tools,0.013420740450368385
tooth,0.14060833753074503
tooth had,0.0011666480957156491
toothbrush,-0.0058822664255766275
toothpaste,9.273602147392412e-05
top,0.06369036378343496
top and,-0.029349639853614915
top it,0.12539693431936458
top of,0.2319148712958347
topic,-0.0762277789887971
topic of,0.01963161070419525
topic will,-0.0395484419386061
topics,0.11354254669164512
torment,0.046608434487563154
torment and,0.017636373011382007
torn,0.1125542823758223
toronto,-0.03131030373162917
toronto is,-0.006820249158610241
torture,0.1289755318924929
total,0.18376667775117767
totally,-0.3521609944283225
totally different,-0.12144145567803705
totally in,-0.12243807839007577
totally not,-0.004523489671560217
touch,-0.07915508702110195
touch her,-0.08363251748800671
touch me,0.17804575160244113
touch with,-0.07199929510709863
touched,0.050152275157236983
touched me,0.07055767684545185
touched my,-0.04854517228666031
touches,-0.023718629359740263
touches me,-0.023718629359740263
touching,0.014336541651595279
touching the,0.04271554282440388
touchy,0.04251847117391559
touchy feely,-0.02274764162578711
tough,0.02794065214376539
tough time,-0.1231860362356568
tough to,0.0016386619151499025
toughest,-0.013727707323932484
tour,-0.10917214663649143
toward,-0.20938881990322372
toward me,-0.032036468877525176
toward the,-0.10247163324924488
towards,-0.2433257314860976
towards her,0.03907583096911305
towards him,0.038540538978220254
towards me,-0.134875450146608
towards my,0.05407317464330375
towards the,-0.022290216805941093
towards these,-0.01321958308212592
towers,-0.0052988793746630335
town,0.067727547569019
town and,-0.05342329128749101
town on,-0.004365772701061881
town over,-0.0008191030833893857
town she,0.023342072577351755
town that,-0.010296454055916138
town we,-0.07548294281725518
town where,0.03732207383863005
toxic,-0.007923300880645603
toxic relationship,-0.00026589943310490805
toy,-0.06455042640436585
track,-0.12151794253744745
tracked,-0.039717742189812506
traditional,-0.033436229855344786
traffic,0.11527427318168239
traffic or,0.08932508405411099
tragedy,-0.00788806190004761
trail,-0.06895719031857155
trailer,-0.07662340837652573
train,-0.1567906240243261
trained,-0.2592698001463249
trained or,-0.12729936861755686
trained to,-0.10757236040579805
training,-0.20594876921831304
tram,-0.014029558949756476
trans,0.062329314647814715
transactions,-0.13225805039516658
transfer,-0.0876429054398039
transfer to,-0.14134178379601423
transferred,0.0276241796423894
transferring,-0.09068817030608288
transferring to,0.0026357300566675823
transgender,0.08547619734958277
transition,0.0008839339541878214
transitioned,-0.0032090730651558232
transmission,0.03269982166037124
transmission is,0.09906716730161451
transpired,0.007605134853473911
transport,0.02984151637427204
transport and,0.02984151637427204
transportation,0.052946888030670526
transportation and,-0.09395507655567924
trap,0.10425341741219196
trapped,0.23239725747579487
trapped and,0.09271051268308593
trapped in,0.04926976432668288
trash,-0.0028369333799754823
trash bags,0.018001594604121797
trash out,-0.01831182243446278
trauma,0.3391598414425285
trauma and,0.1603709572486993
trauma is,0.051602973360715364
trauma therapy,-0.011578297253786209
trauma ve,-0.1019434007641524
trauma was,0.1578133790879131
traumas,0.09466931015609492
traumatic,0.18868829128898099
traumatic and,-0.019912345640379043
traumatic brain,0.040556495345142975
traumatic childhood,-0.003996522329702566
traumatic event,0.037916127185981134
traumatic events,0.08230327872536744
traumatic experience,0.059095480852465236
traumatic stress,-0.10651072414648252
traumatized,0.018316795979074974
traumatizing,-0.03006334570326055
travel,-0.30512009504974374
travel and,-0.07396787015820977
travel to,-0.19245273968679744
traveled,-0.050911103417107244
traveled to,-0.05952257125429121
traveling,-0.0753984144704143
traveling for,-0.0292919701519698
traveling in,-0.010469240562640427
travelling,-0.05820831468726209
trazodone,-0.1145411468376421
treadmill,0.1510862097432161
treat,-0.135083108664938
treat me,-0.058485647263860144
treat the,0.08848452390822034
treat their,-0.008490917615569742
treat them,-0.07752635978700287
treated,0.14262831950119517
treated like,0.10204203486713391
treated me,0.08620278796833139
treated with,-0.06910380989488261
treating,-0.005314640009405955
treatment,-0.05686595111215562
treatment and,-0.07752732032881485
treatment change,-0.04509382103789202
treatment for,0.02441538769022372
treatment from,0.09606439862418226
treatment match,-0.04509382103789202
treatment preferences,-0.04509382103789202
treatment she,-0.06592041076204953
treatment the,-0.04509382103789202
treatment to,-0.058473531224560976
treatments,0.04598510971197443
treats,-0.05087182716789218
treats me,0.020482614143669958
tree,-0.30814151557077424
tree and,-0.10478580647590623
trees,-0.09418892973485539
trek,0.11114066458250714
tremendously,0.083843814066948
trend,-0.09041590358746537
trial,0.17469073590761247
trials,-0.13061305079714752
tricks,-0.02093856664240047
tricky,-0.07371061613469938
tried,0.3399817664890302
tried all,-0.03159241780879293
tried asking,0.09541080535050399
tried bringing,0.10178202339059499
tried every,0.08314136832306249
tried getting,0.050433185151422255
tried my,0.18182684599086044
tried so,-0.1346117973734459
tried talking,0.06265281731208751
tried to,0.2103529831293996
tries,0.012030021616510355
tries to,0.012030021616510355
trigger,0.40289729869952373
trigger and,0.08441269708427396
trigger but,-0.003439841725061389
trigger for,0.12011930844882464
trigger it,0.019713841429130675
trigger like,0.057580918724745814
trigger me,0.04379779418437918
trigger warning,0.03698914458362494
trigger would,0.06290640473847622
triggered,0.532024701000618
triggered by,0.18730944676670302
triggered my,0.10830493399017133
triggering,0.1782396129295717
triggering me,0.04749765766808893
triggering this,0.06969850139666518
triggers,0.2512944105085949
triggers but,0.07397626687128724
triggers my,0.06356037090113058
trip,0.013867462567734736
trip and,0.02809359284060238
trip decided,-0.09349187037491251
trip itself,0.02809359284060238
trip we,-0.03074105019184583
trip with,-0.01809136968101372
tripped,0.05875925773091797
trips,-0.10677136721503751
trips to,-0.06077320953720817
trivial,0.016428405285591727
trouble,0.39091616768218346
trouble for,0.01295691916767792
trouble getting,0.10442559630700007
trouble or,0.11094110139895307
trouble with,0.08138829270703156
troubled,-0.01714701663022431
troubles,0.11314763385059264
trough,-0.020120226429834503
truck,-0.1668229038812362
truck and,-0.06573209488918032
true,0.1252450611955181
true and,0.09371914049774319
true because,0.06118787660916073
true but,0.15427258273795874
true nature,-0.04738722196380042
true that,-0.03026751277667022
true we,-0.06794565276347202
truly,-0.004802246280319056
truly feel,0.105461861679421
truly is,-0.0031337835681695034
truly tried,-0.005058447757498999
trump,0.22009494042598546
trust,0.29052150636135726
trust and,-0.03396472636010293
trust anyone,0.11418561977290304
trust her,0.0920964836002075
trust him,-0.17977900388527554
trust in,-0.0021132030078819214
trust is,0.04377730922166325
trust issues,-0.04131923586155864
trust me,-0.03574988317221828
trust my,0.014537396119431244
trust or,0.06770264504334718
trust people,0.03957184036763612
trusted,0.07780725754066764
trusted and,0.09815491955756898
trusting,-0.13372248155383948
trusts,-0.026823722722872485
trustworthy,-0.0538370301086766
truth,0.04133646673948223
truth about,0.10366689524511244
truth and,0.009435984237863976
truth the,0.06089897414633878
try,-0.2780341089507164
try again,-0.1399493265004554
try and,-0.27871585363499496
try can,0.07261702420956599
try for,0.007074577434211923
try it,0.07523852426610796
try my,0.06385510944878588
try not,-0.18906818818218182
try so,0.09678938717421283
try to,0.0677632654025449
trying,0.7202125096121169
trying but,0.030116913758107083
trying my,0.07915562394702094
trying not,0.1110010691233043
trying so,0.0973986789642801
trying the,-0.0467985902121295
trying to,0.5926375933570935
trying until,-0.08413822501457095
tube,-0.003104649296884555
tuesday,0.09273418579767614
tuesday and,0.03840468159216767
tuesday but,-0.0038522923223882825
tuition,0.21034829426931392
tumor,0.09377555674857944
tuned,0.050719001029259074
tunnel,0.17683719734760225
turbulent,0.07708811485414654
turkey,-0.009627239940601664
turmoil,0.025300094460334783
turn,0.528861234160152
turn for,0.012083577180612145
turn him,-0.03438285374161999
turn into,0.051951178549270054
turn it,-0.012043091952563882
turn on,0.004871472790759092
turn them,-0.019396967715744038
turn to,0.2566392598110691
turned,-0.5242520442849135
turned 18,-0.0011241265115687943
turned away,0.011481271872876097
turned down,-0.15853249524265353
turned into,-0.016513815038327554
turned it,-0.15023432039543225
turned me,0.06621831628713803
turned my,-0.00616574975314793
turned out,0.1279594109884695
turned the,0.0011032105971519176
turned their,0.07653634239366908
turned to,-0.19961383741791724
turning,-0.13452704711566943
turning it,-0.14947924953081218
turning out,-0.0014384288520263911
turning point,0.021085007835388095
turns,0.03924424666492068
turns around,-0.02686783721649748
turns into,0.11011085884426634
turns it,0.04624032300563339
turns out,-0.12408625988990221
tutor,0.050413360927567694
tv,-0.09934305477819402
tv and,0.007862080650637704
tv movies,-0.11536137531754359
tv show,-0.023408402252395086
tw,0.056502118786824054
twenties,0.1122711143443683
twenty,-0.0833729819521485
twice,0.23700915989728163
twice and,0.11429724293604178
twice in,0.08128302852841102
twice week,-0.01802282571064414
twin,-0.04642176146397091
twist,0.07193409401359518
twisted,0.04744862831346872
twitter,-0.19364905277564914
twitter and,-0.14403971034212804
twitter or,-0.05016287897569812
two,0.08101294902048044
two and,-0.015905125072212464
two bedroom,0.08789088264253575
two children,-0.08122632286913951
two days,0.17430757922178322
two different,0.01599758146765406
two friends,-0.009719118519967327
two girls,-0.12054494083778243
two kids,-0.025283096318093504
two months,0.24864520427806988
two of,0.0800321607210148
two options,0.09175274539797229
two or,0.027434400454625793
two other,-0.031766803067656064
two to,0.04820347508777162
two week,-0.058816157382287
two weeks,0.30415861239121555
two years,-0.19631357165693722
type,-0.009575541564801952
type it,-0.05934338094313655
type of,-0.049927926923375984
type situation,0.08580513407427554
type this,0.09572197473194594
types,-0.035879554956216746
types of,0.03649994133749701
typical,0.03576188318182372
typically,-0.10387107325439446
typing,0.16561033391064486
typing this,0.11158955983932355
uber,-0.044243822246825944
ugh,0.1353771039314962
ugly,0.0940400932311083
ugly and,0.07565730464847754
uh,-0.003808974721618201
uk,-0.22392623997505282
uk but,-0.03074105019184583
ultimate,-0.03891295854512686
ultimate aim,-0.03172256879923077
ultimately,-0.14155140124696494
un,0.07348533774544559
unable,0.5890576164868834
unable to,0.5890576164868834
unacceptable,0.008898534526819931
unavailable,0.03020008390044084
unaware,-0.0055167528623421645
unbearable,0.11677217339450761
unbeknownst,0.026558705230059654
unbeknownst to,0.026558705230059654
unbelievable,0.05871506369771637
uncertainty,0.07232133557840716
uncle,-0.09057073628716535
uncle has,-0.09700161614767
uncles,-0.011808713879479122
uncomfortable,0.28154235198987676
uncomfortable and,0.23376830553987893
uncomfortable around,0.08489336474089851
uncomfortable but,-0.2094789391069446
uncomfortable for,0.0771301027679972
uncomfortable in,-0.023564376910126465
uncomfortable with,0.09475059306151742
unconditional,-0.04949784213867973
unconditional positive,-0.04949784213867973
unconscious,-0.0212169456930786
uncontrollable,0.012112829413198951
uncontrollably,0.006729847926993693
under,-0.15864012890392476
under 18,-0.027547453310445995
under her,-0.022144719444622107
under me,0.055291654660498506
under my,-0.0684892556926009
under the,-0.022379122934882055
undergrad,-0.05460874921411345
underlying,-0.009503084998164034
undermines,-0.033612179106408235
undermines my,-0.033612179106408235
understaffed,0.013618452038177575
understand,0.054924244107082014
understand and,0.11387093663906683
understand because,-0.03758552381426837
understand but,0.0018828059731422525
understand he,0.09977268328661038
understand her,-0.05057590017601658
understand how,-0.02209276730980683
understand if,-0.04938736953793374
understand it,-0.12976972156230626
understand just,0.06568818983204969
understand me,0.07910639721544824
understand my,0.03716554291605604
understand or,0.078466377234182
understand that,-0.04979817299107829
understand the,-0.08568123668315974
understand this,-0.028952858092033136
understand what,-0.013948145192676713
understand when,-0.016405457097003355
understand why,0.23740786823220017
understandable,0.08198253175996414
understanding,-0.19966331809442783
understanding about,-0.024796816157092016
understanding and,0.004358541052551082
understanding is,-0.11316312201293195
understanding of,-0.004496954441728084
understanding that,0.06957136452156569
understands,-0.09051859585357222
understands me,-0.003322834210852898
understands what,-0.03954826055624509
understood,-0.027666162422784087
understood that,-0.03308130151209151
underwear,-0.023506874688569497
unemployed,0.3090344141555997
unemployed and,0.03547292149853484
unemployed don,0.05362636869514095
unemployed for,0.10837323311871204
unemployment,-0.022611767271122202
unethical,-0.014401990430659019
unexpected,0.002242908662616715
unexpectedly,-0.012957853244396389
unfair,-0.0398078619195343
unfair to,0.08128650799566448
unfamiliar,-0.014309466095769437
unfortunate,0.03206049986984288
unfortunately,0.1834794046709673
unfortunately don,-0.07595051673976197
unfortunately have,0.06135995672194386
unfortunately he,0.01120805829557431
unfortunately no,0.04362629146405733
unfortunately ve,0.08901369927152959
unfortunately you,-0.03632146800876842
ungrateful,0.08284550261369544
unhappy,0.014782135489421807
unhappy summary,0.044783699728152236
unhappy with,-0.030605239385597054
unhealthy,0.0235705513407933
unhelpful,-0.04191155719552771
uni,0.18802465671478097
unintentionally,-0.09846782842412483
uninterested,-0.04497339298137514
unique,-0.04199140719769638
unique and,-0.03172256879923077
unit,-0.16420973539924297
united,0.016731720690571137
united states,0.016731720690571137
units,0.02117195604100736
units need,0.08580513407427554
universe,-0.049979752322385364
university,-0.21072292806614829
university and,0.13770354327315892
university but,-0.01445191522453914
university company,-0.052360604150883464
university got,0.01035119213816876
university in,-0.09216542788061777
university of,-0.026894601998658178
university student,-0.09906955655876623
university the,-0.05623970429938907
university unfortunately,-0.03632146800876842
unknown,-0.08726279719168661
unknown to,-0.09682821173671896
unleash,-0.029524316086656326
unless,-0.009463577591515355
unless absolutely,0.08054241794240742
unless it,-0.0030372876211669604
unless she,-0.09105449875707569
unless they,0.03883588576520302
unless we,0.13180375417483306
unless you,-0.11070640040241009
unlikable,-0.014725379202450822
unlike,-0.02397352840463382
unlikely,0.02851539298726016
unlocked,0.04622866111779502
unlovable,0.08432663056157103
unnecessary,0.051945134456209706
unpaid,0.023306883389529867
unpleasant,0.05246146592680088
unprepared,-0.05079900153044078
unprofessional,-0.09448511736562135
unprofessional and,-0.09448511736562135
unreasonable,-0.15640007009943038
unresolved,0.1129892559648738
unsafe,0.21112516852723331
unstable,0.2243541638005118
unstable family,0.07039299015957882
unsure,0.15486815235112752
unsure how,0.08404203296891452
unsure if,0.05703870163229046
unsure of,0.12485811810251755
until,0.1715513088102992
until about,0.10856243080230592
until after,-0.03272128663521571
until am,-0.17493116719090882
until can,-0.001088049031290309
until feel,0.05143242041747522
until few,-0.03677540013227139
until friday,0.07053891509620258
until get,0.07463684199623606
until got,0.1360180926907524
until had,0.05835665063525019
until have,-0.13851257980950285
until he,0.10536272131849533
until it,0.005551118148379078
until january,0.06396467595740478
until just,-0.015043358321988306
until left,0.09134631461350819
until middle,0.07055767684545185
until moved,0.07267623961590637
until my,0.04612695147880122
until next,-0.009559436195938738
until now,-0.06841823089335872
until realized,-0.00606642923238351
until recently,-0.1367523080541987
until she,0.026201511020867898
until someone,-0.008118789667710914
until started,-0.014488930016718271
until that,-0.04361011990257227
until the,0.14820872311858718
until then,0.11531588909944686
until they,-0.01596102139649929
until this,-0.03670680079251286
until today,-0.10632198429945607
until tomorrow,0.007353148251188118
until was,-0.0350022366742517
until we,-0.03810043835698757
until you,-0.08585686286361442
until your,-0.0705169816704155
untill,0.018761820781969547
untreated,0.01940366462666444
unwanted,0.07644164027256097
unwilling,0.024518325160085955
unwilling to,0.08900885963497383
up,0.5120104988368355
up about,0.09589823081051037
up after,0.07003495395249355
up again,0.05534871047632042
up against,-0.025648459069574376
up always,-0.03065362061939054
up am,-0.03348942057085694
up an,-0.022852620675276176
up and,0.1622423807195766
up any,-0.05504650569746838
up anything,0.07391628663056658
up around,-0.12875507114971602
up as,-0.10097625523097245
up at,-0.1967008883228366
up because,0.05076524720089214
up being,0.11780403630431728
up believing,-0.046173833390180295
up but,-0.15233642115155815
up by,-0.008446343245210956
up call,0.11402686778301035
up costing,-0.02449259726157937
up crying,-0.012771009190920874
up doing,0.12604544837665693
up don,0.08951340744677949
up either,-0.07898671364830916
up enough,-0.11896193088530602
up even,-0.0008356171755536314
up everything,0.0201526481046926
up failing,0.037286092292452326
up feel,-0.002864461513577654
up feeling,0.08955902728405941
up few,0.016896877697962026
up for,-0.13547074604813164
up from,0.05481827348315235
up getting,0.04477273956968639
up gofundme,0.14155234561243
up going,-0.07415389684275
up hating,0.06309091130090101
up he,-0.06463176031769034
up her,-0.09338179715375373
up here,0.0008521765360596599
up his,-0.0172034412528769
up homeless,0.025134620523999847
up hooking,-0.08126393224193382
up if,-0.09207005854838646
up immediately,0.008164963033778044
up in,0.17904242156138236
up is,0.09353979826692665
up it,0.17358889382998705
up just,-0.0682586069618344
up knowing,0.05043706579835218
up late,-0.13995233063402843
up leaving,0.09075422514766689
up like,0.05603828410636653
up little,-0.09508393715510181
up losing,0.12991695898609645
up making,-0.07993574464986428
up meeting,0.029941665061924427
up months,-0.015294534865180228
up more,0.05853970165280466
up my,-0.006572657066474198
up next,-0.09697063417445542
up no,0.11692303216887788
up north,-0.02080657014612873
up not,0.04494550225229906
up now,0.11602081155408059
up of,-0.1248255506491245
up on,0.4639674808654357
up or,0.15096539379013618
up over,0.16061171827467047
up plans,0.009419783675044693
up really,-0.12940051610753087
up scenarios,-0.02924907214779816
up she,0.15410838257349105
up should,0.10372880709464068
up so,0.028648914802508994
up some,-0.16473315430431057
up spending,-0.08102036269212134
up taking,-0.09739512714972624
up talking,-0.1080054957774297
up that,0.0030448273904122116
up the,-0.04314101104015207
up there,-0.011890025989906875
up this,-0.005300856604160988
up through,-0.009168844028521667
up til,-0.07728036758421303
up to,-0.32141425730058415
up told,0.08786341593281602
up too,-0.005219984610589626
up until,0.11956009318713803
up ve,0.0765998291042301
up want,0.08556011423193981
up we,0.009136967109685609
up what,-0.0190975579336874
up when,-0.014028016579849593
up which,-0.06360556407575736
up while,0.02170671434976117
up with,0.5761300098589842
up without,0.07522375160560414
upbringing,0.02974126849696013
upcoming,0.08610793689212211
upcoming trip,0.02809359284060238
update,0.11872754026826259
update my,-0.01770119571719757
update thanks,-0.0023005493663418217
upon,-0.06243177328458462
upon the,-0.08593922272054774
upper,-0.06813602792146839
ups,0.2029730895072728
upset,0.3459972996604397
upset about,0.06594811767501323
upset and,0.06813546677893016
upset that,0.09656395411893724
upstairs,-0.03623309668528046
urgency,-0.02757557191675487
urgent,-0.01714389230905038
urine,0.09935847740478826
url,-1.5700247593984984
url also,-0.047164034405944084
url and,-0.0649730909132476
url edit,-0.07210744225452552
url feel,0.02636520487076415
url if,-0.09202046307881438
url in,-0.04608607745334993
url is,-0.07775229128010858
url my,-0.09694316517216015
url or,-0.027547453310445995
url so,0.03400078236519236
url thank,-0.10933615991064662
url thanks,-0.052329339934632485
url there,-0.06216036739055709
url to,-0.0009405204565379237
url url,-0.09532033971360361
url was,-0.04339886978967431
url we,-0.07326631176151557
url which,-0.04257557464814518
url x200b,-0.16670859560548212
url you,-0.04595600452560958
us,-0.41507588115362476
us all,0.010778345160041919
us and,0.06305160280763501
us anymore,-0.0012339024096511442
us are,-0.08505113296434466
us as,-0.0073846603843327994
us at,-0.04224834310554631
us being,0.04935812807681844
us both,0.06173202237105491
us but,0.10729767794444432
us by,0.08216056624871751
us didn,-0.1197937211627538
us feel,-0.11896049284686026
us for,-0.11645549045034449
us he,0.02801851139647561
us home,-0.021492110371898243
us if,0.04000298499124418
us in,-0.09800966350901313
us it,-0.033067961835243576
us kids,-0.1300672315107664
us or,0.03311672853532011
us private,-0.04889274569267998
us she,-0.1315200838985501
us that,-0.036469917881500995
us theres,-0.06318390136461079
us to,-0.1719155086941464
us we,0.05977040990136957
us were,-0.12329173551819746
us which,0.04160770794891812
us with,-0.009146346236228103
us you,-0.09321334228077045
usa,0.08461141764355681
use,0.001524660530686327
use for,-0.042789675004730875
use his,0.06942998172490515
use it,-0.09384490582758384
use me,0.10128795297258564
use my,0.0021399142205413917
use of,0.016138622383938667
use some,0.18633532743597675
use the,0.055880950671679544
use their,-0.05903831109315599
use this,0.02436429438570833
use to,0.18156190467486344
used,-0.15852935011055072
used for,-0.013858904140442965
used in,-0.07051487388394442
used is,-0.13357302135973867
used it,-0.0626038961751633
used that,-0.0959748028298178
used the,-0.12690446582037856
used to,0.26958532043754285
used up,-0.015787765613595774
useful,-0.3108049015360171
useful and,-0.012209609436886287
useful for,-0.07516206878180941
useless,0.1861072457993613
useless am,0.08204529612886427
useless and,0.07415984346780426
user,-0.17433936080075105
username,-0.11609678213600333
username and,-0.08629372652517017
users,-0.1592906341506351
uses,-0.19681577130438355
uses his,-0.10570636098386395
using,0.22638896223925095
using drugs,0.06507207985535107
using head,-0.04949784213867973
using his,0.019443414348851603
using it,0.08183204745334845
using that,0.07047547363549632
using the,-0.05598622950390696
using throwaway,0.002544633386326833
usual,-0.009604257002813513
usually,0.14591569088080317
usually comes,-0.022762256593245263
usually get,-0.04038950580135885
usually the,0.0009667246245874598
usually there,-0.02412079935700646
usually when,0.11345635469749515
utilities,-0.06353320641474651
utility,0.004175429525207642
utility bills,0.004175429525207642
utterly,0.06054811397044671
va,-0.06683897277030096
va and,0.012536471787147828
va is,-0.07996473371485904
vacation,0.07117854227985869
vacuum,-0.017790726576583205
vagina,-0.027447241947593952
vague,0.0015451431914407351
vaguely,0.0021716548103535046
vaguest,0.053148907224460154
vaguest sense,0.053148907224460154
valentine,0.060790429712093266
valentine day,0.060790429712093266
valentines,-0.022653984006483063
validation,0.0008938186817815154
validation in,-0.08558905656410476
validity,0.053373807770499826
validity of,0.053373807770499826
valium,0.1052674150520954
valley,-0.007367481577389127
valuable,-0.1199545047094512
valuable in,-0.020430901918932813
valuable skills,-0.08227689753536944
value,-0.47900784424419196
value and,-0.021265561638128285
value in,-0.10582303076040828
value that,0.010858705776447897
values,-0.04240438444823405
van,-0.1183512580709055
vanderbilt,-0.03632146800876842
vanderbilt university,-0.03632146800876842
varied,0.13932412734988717
variety,-0.01614685035001432
variety of,-0.04348511880519254
various,-0.18777741754043753
various health,-0.026580602645439776
varying,0.003149988912858269
ve,0.89746095451305
ve actually,0.10226852247663991
ve all,0.01708801417549151
ve already,0.03144850709225595
ve also,0.0225534771036391
ve always,0.32034051131618074
ve applied,-0.013203005466375645
ve asked,-0.0038730803419753553
ve become,0.07223174162617065
ve been,0.35245221369725055
ve both,-0.04686528793619232
ve broken,0.042928772277725
ve built,-0.11325666584349785
ve come,0.14637034701833102
ve considered,0.05664829138781475
ve currently,-0.14484244398364057
ve dealt,-0.10189961146663717
ve decided,-0.04012135697551737
ve done,-0.13832415583541652
ve endured,0.054680577879399554
ve even,0.08115125183180255
ve ever,0.05935048683354157
ve exhausted,0.08807075093835239
ve explained,-0.036233412639477484
ve failed,0.065658283148058
ve felt,-0.12089821167372185
ve found,0.22933973431703703
ve gone,-0.07818465125042404
ve got,0.07449662702104592
ve gotten,-0.011558210823016436
ve had,0.06157836286789924
ve heard,-0.12591244806472457
ve hit,0.02436932081320015
ve just,0.19394295085758964
ve known,-0.036525237020229265
ve learned,-0.01653687921489444
ve literally,0.0023431029126472556
ve lived,0.011210631861453378
ve made,0.10718102247062072
ve managed,-0.040395882095094655
ve met,-0.2358868593725021
ve moved,-0.012495592296127633
ve needed,-0.10823104915495388
ve never,0.16173893205341128
ve not,0.09247350774552661
ve noticed,-0.04613648134713787
ve only,0.08701047853870417
ve overcome,0.0790917923486735
ve posted,-0.13091854868323086
ve put,0.0598392197640885
ve read,-0.028411498394621017
ve realized,0.10832319181679793
ve really,0.039844457645996964
ve received,0.07874546015785741
ve recently,0.10755152058613258
ve run,0.10951442975837766
ve said,0.1074857112767302
ve seen,-0.06928695098353785
ve set,0.020324104656371345
ve since,0.07016403871623983
ve spent,0.11382067492055177
ve started,-0.018848858114942694
ve still,-0.004796172935542486
ve stopped,-0.02616467002771756
ve struggled,0.030103952149301564
ve taken,0.11798986545391911
ve talked,0.09716316001795543
ve thought,0.09385184995983067
ve told,0.06969413158747344
ve tried,0.46487408595005303
ve used,-0.06467638049694854
ve wanted,0.08125804283295614
ve worked,-0.06603539386812288
vegas,0.04866687643366541
vehicle,-0.045185577886313735
vehicle and,0.01267548137704615
vent,-0.06847931355672615
vent and,0.035935145634731
venting,0.12401094462095992
verbal,0.13089345623381887
verbal abuse,-0.05861095832093001
verbally,0.07978810201019085
verbally abusive,-0.018942092258853252
verge,-0.025707139619717517
verge of,-0.025707139619717517
verify,0.009376364724404073
versa,-0.02483384158352251
version,0.12498707230958994
version of,0.12498707230958994
very,0.24117210016523175
very abusive,0.1566429401635102
very angry,0.017709241860141264
very anxious,0.0470081584396419
very attached,-0.002147240919688151
very bad,0.031685580115421844
very beginning,-0.0015060967068273885
very caring,-0.06645175926922561
very clear,-0.059303902672051954
very clearly,0.10816112276825761
very close,0.06246525694231416
very concerned,0.00455242766255634
very cool,0.009928962793047951
very different,-0.08302791943130593
very difficult,-0.08889513192753927
very easily,0.0022105995425529485
very easy,0.07056644903028393
very emotional,-0.09354757743820988
very excited,-0.08215232855891882
very few,0.09285783076210202
very good,-0.03934743982208448
very grateful,-0.03514220946325745
very happy,0.003713358992299412
very hard,0.2991871265817681
very heavy,0.07612029504009897
very helpful,-0.20081356541100878
very immature,-0.020066508237198126
very intelligent,-0.06367545255747471
very least,0.09623229356169043
very limited,-0.1033859633358086
very little,0.07695812546789411
very long,0.13588773972363644
very loving,-0.0006402354319304063
very low,0.08340538581894802
very manipulative,0.016414492568344638
very much,-0.27973947037193053
very nervous,0.08753441077242362
very nice,0.0019829978879386716
very often,-0.009748908478082791
very personal,0.052320058149898804
very popular,-0.10508933125291718
very present,-0.11318795367689413
very recently,0.08037220150039216
very rough,0.05042788324942062
very scared,0.15578304126406423
very sensitive,-0.04154219303828021
very seriously,-0.010387438562228159
very severe,0.10225107115897758
very similar,-0.0774485397144142
very soon,-0.06519695351153872
very successful,-0.009494503550674467
very supportive,-0.14231891260469712
very sweet,0.04055373473134174
very uncomfortable,0.020502558853784398
very unhappy,0.05121285515957442
very upset,0.013420727168706946
very vaguely,-0.011522714156216638
very very,0.20074973948036484
very well,0.0525296298364728
very young,-0.0953612836109027
vet,0.042923130316366215
vet and,-0.02999173700578615
veteran,-0.07680892107520067
veterans,-0.16793071127871453
via,-0.26674245658592927
via my,-0.033768153692446394
via text,-0.1098947781291709
viable,0.07229135638507701
vibe,-0.02833636089941758
vibe well,-0.06589914647739595
vibes,-0.030783825863583254
vice,-0.07466262178290817
vice versa,-0.02483384158352251
vicious,0.17758215752641643
vicious circle,0.12541481882968092
vicious cycle,0.06635342943666978
victim,0.2636575224447441
victim and,-0.048457793470000454
victim of,0.06102965815513923
victim to,-0.041690218663756225
victimized,-0.026942599539790356
victims,0.029917175750188253
victims of,0.037183288922327466
video,-0.14291346017621867
video games,-0.01064375466357054
video of,0.04098697458399133
video was,0.10687536103935871
videos,0.2011955989079142
videos of,0.10807292871998461
videos on,0.07661777587414895
view,-0.10231254235768596
view of,-0.1014168309124147
view the,-0.029145072294535508
views,-0.09218330796042233
vindictive,0.018529590153945504
vinyl,0.058066532188749714
violated,0.13044295091026697
violence,0.29419944250303437
violence awareness,-0.016334538462345803
violence that,-0.007026084891593965
violent,0.4787211370020713
violent and,0.006377518286146278
violently,0.05237572296567398
virgin,-0.05213631067042824
virus,-0.019100352735756266
visa,0.03405646240313691
visible,-0.045537514149164494
visibly,0.023843992423251456
visibly uncomfortable,-0.06872610565383894
vision,-0.06857206545895819
visit,-0.4039063910418771
visit and,-0.006940244878812329
visit as,0.0019656073012344947
visit her,-0.07609450360625768
visit him,-0.09264931682822601
visit me,-0.028079672644023085
visit my,0.06385590567179339
visit our,-0.043742767955615464
visit that,0.012371782032388449
visit the,-0.07272304545864407
visit them,-0.03282288922396673
visitation,0.05631581314271636
visited,-0.0454018732895015
visited her,0.023121760266871023
visiting,-0.022712542334233102
visits,-0.07708949056317654
visits to,-0.12667870383459828
vital,-0.013670748582482309
vivid,0.09918325048748079
vivid and,0.040701628984591606
vividly,0.09123739288235043
voice,0.4147884877502891
voice and,0.15438736087473315
voice in,-0.1077173883626321
voicemail,-0.013647189267960574
voices,-0.02083771456943955
voluntary,0.009984222386562732
volunteer,-0.19115149709719628
volunteered,-0.12941886289221535
volunteering,-0.111694764407906
volunteering at,-0.05576579958815969
volunteers,-0.13055668189141983
volunteers and,-0.03074105019184583
vomit,0.10031142273434965
vomiting,0.06376171843203784
vote,-0.09280969256201346
voting,-0.06951893899248154
voucher,0.013545650625554715
voucher you,-0.05427865834755191
vouchers,-0.0764286844022549
vs,-0.08598421334820477
vs if,-0.08598421334820477
vulnerability,-0.08179604606392546
vulnerable,-0.1067925364434236
vulnerable and,0.0003110985251057641
vulnerable people,-0.08109648985682473
wa,0.018671747213386103
wage,0.10052462647881527
wage job,0.06119612828761097
wages,0.0914402479505783
wages are,0.0914402479505783
wail,0.11120417033820369
wait,0.002190499431200421
wait for,0.09065275278860856
wait it,0.1059279057266059
wait till,0.049865760875541947
wait to,-0.17774131836050294
wait until,0.040431947416248976
wait year,0.06932296884412079
waited,-0.09627006345049398
waited to,0.005891388682235381
waiting,0.2702106903598912
waiting for,0.06714579600700127
waiting list,0.005586433221992397
waiting room,0.01918837585118763
waiting to,0.16730773971017948
wake,0.43694134746783025
wake me,0.04845030286335633
wake up,0.4075069722560251
waking,0.04444238574806795
waking up,0.04444238574806795
wal,-0.12780106858864015
wal mart,-0.12780106858864015
walk,0.26994799818838705
walk all,0.09890721146295432
walk for,0.06293938963710267
walk in,0.04405367868164498
walk me,0.04548898020764339
walk up,0.06713536191107926
walked,-0.11414660897166418
walked in,-0.0966195348318829
walked into,0.06259080393156893
walked out,-0.013418540590776374
walked up,0.003473419566297636
walking,-0.05838167504300358
walking in,0.0015724271889799965
walking out,0.03412516772568666
walking to,-0.0013456748792706292
walks,0.030137625952628554
wall,0.13809957747516755
wall and,0.0901549714688825
wall is,0.08584185752466712
wall of,0.03013428551356596
wallet,0.0183247883554649
wallowing,-0.003661907831356192
wallowing in,-0.003661907831356192
walls,-0.11105622354183747
walmart,-0.14654115038689264
wander,0.11942481965882526
wanna,0.09468326343762179
want,0.46719106244477154
want and,0.10995898282321269
want anyone,-0.0029791393436922656
want everything,0.06412687108256686
want help,0.06021077541339593
want her,-0.030926790335666927
want him,0.11645420359380677
want his,0.041766310836515656
want is,-0.03564507495101498
want it,-0.17175089151573836
want job,-0.027353413152624007
want me,0.09032541038550358
want minimum,0.0657359134608534
want my,0.07537914955669689
want others,-0.03172268806825269
want our,-0.0034952188375993788
want out,-0.05379227508690612
want some,0.048621534351626736
want someone,0.04693988142940695
want that,-0.09139061071373865
want the,0.12191464548056791
want them,-0.12840864831589507
want this,0.06565468898555965
want to,0.36744119549976967
wanted,-0.2363458507438843
wanted he,0.05256991750468591
wanted him,0.14902532536716678
wanted in,-0.054030047772080654
wanted it,-0.07017369671053815
wanted me,0.07140051418313795
wanted my,-0.1623586120636326
wanted some,0.12760132704751967
wanted someone,-0.0690380925354971
wanted the,0.020283737903622184
wanted to,-0.18614931242402719
wanted us,0.05847661850845576
wanted was,0.05768722927418565
wanting,-0.09919386035650761
wanting to,0.03791575006777858
wants,-0.31858504514517766
wants and,-0.024839376478403893
wants him,-0.032182920432745774
wants me,-0.027701255936947732
wants relationship,-0.1401802955980229
wants to,-0.18295619984187644
wants you,0.08548439041827409
war,0.17255771662247826
war in,0.045603393137644
ward,0.1983087894218123
ward she,0.048120407246205886
warm,-0.0736431979475684
warm and,-0.0133093292352482
warm weather,-0.033834621597691655
warming,-0.10911800070037934
warming we,-0.10911800070037934
warned,-0.005950187976559921
warning,0.11183556946547449
wary,-0.01295457437642399
wary of,-0.01295457437642399
was,0.09736845610101255
was 10,-0.005047210764288
was 11,-0.05496211011441475
was 12,0.22756769419363854
was 13,-0.0793103156987825
was 14,0.04171658214372831
was 16,-0.0371224421367171
was 17,-0.15774569613968228
was 18,-0.06165561042510219
was 19,-0.08315103112432873
was 21,0.0952871465245034
was 23,0.0036680557141942887
was able,-0.12627001248180575
was about,-0.02625311760847256
was absolutely,-0.004985278445961855
was abuse,0.04932044302420686
was abused,0.1790460791680948
was abusive,0.020679326881813887
was accidental,-0.0522980927022654
was acting,-0.08987509123366169
was actually,0.02033133076472093
was admitted,-0.011552686356598221
was afraid,0.053243351201094996
was all,0.01320019400080061
was almost,0.13043860591727113
was already,0.07959523943480476
was also,0.1353974986292116
was always,-0.14432710559742
was an,0.11518897418140897
was and,0.12242427808171735
was angry,-0.16448490298399676
was another,-0.03430253792434734
was anxiety,0.04743423219373524
was anxious,0.07506116508499647
was anything,-0.13554474966504057
was around,0.07726481147495684
was arrested,-0.08961537747449157
was asking,-0.12928402015771598
was asleep,0.002552481011075658
was assaulted,0.116450899784511
was assigned,0.0828815905416984
was at,0.17599385467080503
was attracted,-0.021252667579952804
was available,-0.09511255856174032
was bad,-0.06710083608719723
was basically,0.06346942699814791
was because,-0.07138455174574199
was before,-0.13697795826041867
was begging,-0.0014883916370454818
was behind,0.0017389333152600477
was being,-0.09113127959895628
was best,0.006384089177269307
was big,-0.0870543283000173
was bit,-0.1038217297684262
was bleeding,0.06750873390042374
was born,-0.2349053008196599
was bothering,-0.07667011546688321
was bound,-0.08107060157293154
was burden,0.0697684842126765
was busy,0.07176895769081
was but,0.027738603842065123
was called,0.0016047966467594421
was child,-0.01981785642535524
was clearly,-0.17649887236945402
was close,0.08382975457734695
was coming,0.05770004588076424
was common,0.06866417666471662
was completely,0.0176337636501839
was concerned,-0.03059151038501092
was constantly,0.01617912571921381
was convinced,0.05502560376775767
was couple,-0.030787220601735745
was crazy,-0.07366515518087641
was crying,-0.022944321227385937
was dating,0.06670796759178334
was definitely,-0.13815341303153628
was denied,0.0579013321943268
was depressed,0.016543050927348646
was determined,0.12456168137364991
was diagnosed,0.12704275458936976
was different,-0.1496449149042049
was disgusting,-0.03511707816196526
was doing,-0.006809175071027745
was don,0.0907863395114703
was done,0.18451005707169785
was down,0.0017928772230182911
was downstairs,-0.11328800873513818
was drinking,0.06161943388723492
was driving,-0.1864636518565138
was drunk,-0.08486418475285483
was easier,-0.00025350460710157354
was easy,0.09218931394790321
was enough,-0.014524761194254044
was even,0.10239215969347894
was ever,0.007578232482275007
was excited,-0.07802469063536017
was expecting,0.08528684136814255
was extremely,0.061927348781933546
was fairly,0.04551479681115889
was feeling,0.20068625028384954
was few,-0.0004814460657869128
was fifteen,-0.012675615013166379
was finally,-0.08869728726358118
was fine,0.10803819949585126
was first,-0.06678306410894032
was floored,0.056965026720961556
was for,0.02960523827997345
was forced,0.02950519950622038
was freaking,0.11234708867781311
was from,-0.08536299674316883
was full,0.030452036188892365
was fun,9.849596098120193e-05
was funny,-0.12896651488704267
was furious,-0.026121062503573367
was generally,-0.004900069059573377
was genuinely,0.04620286644850633
was getting,-0.07793794209386376
was giving,-0.03994378895470439
was going,-0.18037010915642468
was gone,-0.02570031113260496
was gonna,0.17039573753245346
was good,-0.08447671343409717
was great,-0.23808334059588707
was guy,-0.015649887397628324
was hanging,0.0038125644850886993
was happening,-0.08113304700530607
was happy,-0.13811734431741235
was having,-0.013649764886566064
was he,0.07932565162083245
was healthy,0.05727118709061383
was her,-0.07671830317995591
was hesitant,-0.08155255684266273
was him,0.01972955749978777
was his,0.22506031224293807
was home,-0.179661677137437
was homeless,-0.1394103235549865
was hoping,0.03554198879936047
was horrible,0.12860725718883148
was hysterically,-0.03622579386339515
was important,-0.03173317700858658
was in,-0.27273396972947866
was incredibly,0.051381230470630535
was introduced,-0.14111406944109178
was is,0.017729479419467176
was it,0.1625471499865537
was just,0.13214571324857413
was kid,0.13617919540111031
was kind,0.03244182251816012
was kinda,-0.06076275330386759
was last,0.00012693186681168335
was leaving,0.032108347127742805
was left,0.07942079123312287
was less,-0.008153948599662217
was like,-0.14223134302795887
was listening,0.014449704987739394
was literally,0.041250987365918666
was little,0.07084386345626074
was living,0.07781010530179727
was locked,-0.10593732304817573
was long,-0.0924854884565482
was looking,-0.03542609804474473
was lot,0.08545715246476718
was lying,-0.03791562223701504
was mad,-0.01809562978146981
was making,-0.0011121609601969773
was married,-0.05495604774672915
was me,-0.07987927175599384
was mentioned,-0.007362859065484704
was met,-0.025260616214885828
was missing,-0.08976819092948408
was molested,-0.03104428611975234
was more,0.04628874272033783
was mostly,-0.08541171371587057
was my,-0.07907041786004564
was naive,-0.08634586928884781
was necessary,-0.021266328777486253
was never,0.023379470091414847
was nice,0.020306912873315586
was no,0.10595308809820218
was normal,0.00395715782683381
was not,-0.24297939447159844
was nothing,0.06458069755730075
was obsessed,0.021473767133485866
was off,-0.18165619029108232
was often,0.006712886360269561
was ok,0.042102379660328926
was okay,0.034752687931051934
was on,-0.02888185851801831
was one,-0.10083700403906522
was only,-0.05116655405162219
was or,0.08917673828471512
was originally,-0.09319062055154324
was out,-0.08361774064676859
was over,-0.06030416747464771
was physically,0.11122062377608555
was pissed,0.0862133755224744
was planning,-0.02159099757868731
was playing,-0.004780764449555829
was prescribed,0.04883719689683256
was pretty,0.012847811992582928
was previously,-0.08706978295214285
was probably,0.06122807357578205
was promised,0.056136687397320445
was pulling,-0.07177621949902657
was punched,0.08819203544353667
was purely,0.006210880621990483
was put,0.09176710002356527
was quite,-0.044483060217920596
was racing,0.092255262983044
was raised,-0.01982266289865434
was raped,0.2067262692982685
was ready,0.019000553172928383
was real,-0.025597653367610943
was really,0.04404697713997491
was recently,0.05286823676862141
was rejected,-0.003962033013035723
was relatively,0.06615246444672097
was removed,0.043138156959487514
was right,0.15331188176965038
was rough,-0.02742984518524705
was rude,-0.0046905887328869385
was rushed,-0.023945377294660636
was sad,0.017027986498468244
was said,-0.006524989049257563
was saying,-0.06728726743247707
was scared,-0.15344902334336002
was screaming,0.10530510702604506
was sent,0.0069663408101517665
was seriously,-0.03937139743674344
was seventeen,0.018238622282350656
was severely,0.011250192578912471
was sexually,0.2223156297551421
was shocked,0.03131810661243055
was sick,-0.0999495047290367
was sitting,-0.0693337269332608
was six,0.07108193790167237
was sleeping,0.043725029238466696
was so,0.26924119347502595
was sobbing,-0.009168844028521667
was some,-0.07398982621223274
was someone,0.017605355201000115
was something,-0.13407015794728197
was speaking,-0.09109987289701489
was special,0.020099827234006943
was spending,0.08853549996812915
was standing,-0.07614400401534017
was still,0.11192935445796567
was strong,-0.09172079415597173
was struggling,-0.09670836785837324
was stuck,-0.010153521300271771
was stupid,-0.009415767009341984
was subtle,-0.00890443226894233
was super,-0.13212948920161863
was supposed,0.08392565244409242
was sure,0.1427374139051505
was taken,-0.09274981535194976
was taking,-0.09397528406628618
was talking,0.024153496903179687
was teenager,0.01107463870253593
was telling,-0.08884465235949336
was terrified,0.1589518426323337
was that,0.07790539974243531
was the,-0.23417401362363832
was there,-0.015973614841569995
was thinking,0.019360068705530618
was this,-0.036418313191808833
was three,-0.01359351811888165
was time,0.17856977661184137
was tired,-0.11235923992193511
was to,0.04262679847638957
was today,-0.008623218487901953
was told,-0.005633754028207331
was too,-0.13939648844881086
was totally,-0.021371553522745338
was tough,-0.0829668117581694
was trying,-0.0825086009708768
was two,0.010681730140612512
was unable,0.20348281713285227
was uncomfortable,-0.0802670123671016
was under,0.07744824589726848
was until,-0.09242022509464774
was up,0.19119816487423977
was upset,0.028392156113292464
was used,0.0867805620733427
was using,0.02548159991606104
was venting,0.020170994169446912
was very,-0.20434259160848015
was walking,0.0029770293916712718
was was,-0.022621679245703165
was watching,-0.0022786190853729665
was way,0.007951677346309164
was we,-0.05669546782506872
was weird,-0.06796437035264356
was well,0.022515932322123337
was what,-0.017179620057925303
was when,0.03010468592901565
was while,-0.03460378473288818
was with,0.03371602250537768
was wondering,0.13707508606207708
was work,-0.027298895106791513
was working,0.07296027111643179
was worse,0.07893704019085643
was wrong,0.05468229690503117
was year,0.05992062786670437
was years,-0.12681825807466607
was young,-0.09562393627114726
was younger,-0.0371826619816315
was your,0.09697735875773619
wash,0.02670014127258325
wash the,0.03625576552598563
washing,0.0059178002957099044
washington,0.1308624906567806
wasn,-0.14689950356773476
wasn able,-0.08915996794795347
wasn alone,-0.052473188428080235
wasn as,0.11477110602265565
wasn bad,-0.034067202250972956
wasn being,-0.1101989897303874
wasn doing,-0.08377667687323548
wasn enough,-0.0007310471846146569
wasn going,-0.054923249836701354
wasn good,0.08027009592584637
wasn in,-0.002439575379472628
wasn it,0.08046635809545757
wasn my,-0.029450748362117807
wasn normal,-0.0004697843591843361
wasn ready,-0.06575845376765553
wasn real,-0.00606642923238351
wasn so,-0.09741751904184
wasn sure,-0.16837513545895258
wasn that,-0.08095686885826152
wasn the,-0.012561676992054337
wasn there,-0.1221609134054245
wasn to,0.07941870395988135
wasn until,0.0668297418783414
wasnt,-0.039145868817251156
waste,0.28624538067992544
waste away,0.06851085527108905
waste of,0.09073145236570324
wasted,0.012934311244878373
wasting,0.033146123739028144
wasting my,0.033146123739028144
watch,-0.1424049123324858
watch him,-0.12357858125708283
watch my,0.09258035798806327
watch netflix,-0.009735411392689889
watch the,0.010302510110587216
watch tv,0.10042673494400672
watch you,-0.06267322764090875
watched,-0.12506952212196445
watched my,0.022531635103138888
watching,-0.1299712235807068
watching me,-0.06445583241807369
watching movies,-0.01941260274523314
watching my,0.04667524003210799
watching the,0.004840472389557804
watching tv,-0.09241964589497086
water,-0.3223612592460235
water and,-0.06510110861163433
water on,0.016996543198463738
water you,-0.08380119559451721
wave,0.0016216984916885334
wave of,-0.038327593411470205
waves,-0.03434668883844495
way,-0.47559781776403176
way about,0.1029425529706484
way again,-0.030773630032205814
way am,-0.014648726245845477
way and,-0.024442437170708913
way back,0.0597074661515898
way before,0.061568227530121304
way better,-0.08928645305658951
way but,-0.17440794373045532
way can,0.13469989920074668
way don,0.010541107519550699
way for,-0.060880489112983056
way have,0.03196067820641555
way he,-0.2545334380817947
way home,0.026294574288149297
way in,-0.156281865050503
way it,0.07225719637468216
way just,-0.11646346086596572
way know,-0.009369212265327654
way more,0.02010447491879258
way of,-0.17684013028391876
way or,-0.1688134567619959
way our,-0.0062545761808822705
way out,0.1870446157145995
way she,-0.11886779996401449
way so,0.006031901145156258
way that,-0.16855440965747945
way they,0.005411191853568433
way things,0.09529427573687498
way think,0.057639177683388935
way through,-0.004149247602490231
way to,0.06937156370963568
way too,-0.053252568975320366
way ve,0.03682528188849925
way want,-0.08346371495493128
way was,-0.04765362468871874
way we,-0.011897897034148239
way which,-0.009783863216573619
way will,0.05127359465554784
way you,-0.12256346525719661
ways,-0.03628626469350056
ways and,0.019651025636185555
ways but,-0.07380084195104428
ways can,0.02141169491574441
ways feel,0.04438176447421569
ways for,0.0867670119818383
ways of,-0.08714943602816587
ways that,-0.01397859619471596
ways to,-0.016229021745985707
ways ve,-0.020579344202652953
we,-1.8218490391294702
we agreed,-0.08063149906607839
we all,-0.16312295769977633
we also,-0.09088772100230559
we always,-0.03742038530882219
we are,-0.20248832828740188
we aren,-0.13651025122631538
we arrived,0.030943939801577013
we ask,-0.04342984301551446
we began,-0.12046220829795984
we believe,-0.043742767955615464
we both,-0.1951646789044363
we break,-0.10319368030143415
we broke,-0.3441501239299359
we came,-0.08575534161770362
we can,-0.2051266102579079
we cannot,-0.0771437981881439
we come,-0.00427298371367435
we continued,-0.0842988031851095
we could,-0.17762412683540643
we couldn,-0.0021034155699503555
we dated,0.11297266371454623
we decided,-0.05833091459032975
we did,-0.05926752140295506
we didn,0.09360088926273885
we do,0.01674318924895894
we doing,0.06873847674106313
we don,0.08121925094293368
we dont,-0.0019913320487967424
we end,-0.029724815907974593
we ended,-0.13569502404573472
we even,0.10046833157644439
we feel,-0.027613169945262934
we fell,0.03791962699222806
we fight,0.09964127687509805
we finally,0.08427166305063079
we first,-0.007114677831650568
we get,-0.2092205682030254
we go,-0.06728970912201909
we got,0.16448105519646078
we had,0.009942788016400118
we hadn,-0.02541504096931218
we hang,-0.009615549801653201
we have,-0.09050241155855858
we haven,0.03761945095285992
we hope,-0.10647225500389802
we hung,-0.1254810600101802
we joke,0.0030905118354296645
we just,-0.008918951990248086
we kept,-0.10670240250719995
we laughed,-0.10161205924337885
we like,-0.015809947991777686
we live,0.10336375675020966
we lived,0.1335265763058693
we ll,0.14957856746920506
we love,0.03379745273843771
we made,-0.04076468990114567
we managed,0.024860676711308073
we meet,-0.03739380377113029
we met,-0.27812400536614945
we moved,-0.2229689167958576
we need,0.2784591301945137
we never,0.012878765618159576
we no,-0.12149218278556836
we often,-0.08906508434793224
we only,0.00974449181343079
we own,-0.09481624306429219
we planned,-0.047243801215131775
we put,-0.018439764228824946
we quickly,-0.06526522776483243
we re,0.12656254986843923
we really,-0.09353223878094234
we receive,0.012262646618267916
we recently,0.04415072146642353
we returned,0.052447675134430535
we saw,-0.08274758211744329
we set,-0.02118278889119443
we should,-0.03253172498616575
we slept,0.013194862756473191
we spend,-0.1631632041088157
we spent,0.0926273641242974
we split,-0.016993881356633316
we spoke,-0.16642699689546717
we started,-0.20455122021905545
we still,-0.16036190698362557
we stop,-0.11191985521409742
we stopped,-0.05586108374729407
we talk,0.040594373720362543
we talked,-0.1293710181053033
we think,-0.08519996690721876
we thought,-0.06624246298357127
we use,0.062408245163026364
we used,0.007650448877987004
we ve,-0.1106628878128997
we vibe,-0.06589914647739595
we want,-0.07963658332851623
we wanted,-0.08018318838741713
we went,-0.30069860533542125
we were,-0.3224797582762732
we weren,-0.0451775711403283
we where,0.01902699508806275
we will,0.07734319985432339
we won,-0.14518154921728735
we worked,-0.027701078555733515
we would,-0.161587808086911
weak,0.0008084940571356802
weak in,0.06892077530797736
weak or,0.06325911352167342
weak that,0.034149792647620934
weaker,-0.01874566700615088
weakness,0.08560265024516595
weapon,0.007141247079018468
wear,0.19899895606609508
wear the,0.09231293180735282
wear them,0.09428319755479746
wearing,-0.1368656775889969
wears,-0.009323457773571022
weary,0.11342836076651211
weather,-0.1998471852477589
web,0.025523056206060338
website,-0.2486984712897909
website and,-0.027547453310445995
wedding,0.02998922775926448
wedge,-0.0225220515655421
wedge between,-0.0225220515655421
wednesday,0.18030167442917916
wednesday and,0.058866544083359534
wee,-0.029186875784023427
weed,0.18984340306578784
weed with,-0.07109324220011536
week,0.08205280085136737
week ago,0.022086166238054518
week and,0.0949955513496314
week at,-0.093015853559075
week because,-0.045725985436699756
week but,-0.027859168673857477
week for,0.09246042776963147
week from,0.01631044216145575
week has,0.0904837112272291
week have,0.08171946318207202
week he,0.08472889560291352
week it,-0.0013488853108410022
week later,0.06865288583949959
week my,0.07459012761868145
week of,0.08919431780220513
week on,-0.01709544523519546
week or,-0.05040516903864922
week plus,-0.003845829501799012
week posted,-0.02554051477831207
week she,-0.03096808898388676
week so,0.015395526763922186
week sometimes,0.13724397829528584
week the,0.0015803384112177306
week to,0.10378875318604984
week vacation,-0.02362287643905603
week we,-0.12032708594348868
week when,-0.17440224199728813
week which,0.016269478135477446
weekend,-0.08796149609288303
weekend and,-0.012504679507298057
weekend he,-0.043389672407526475
weekend in,-0.012177277185817067
weekend to,-0.06618291058774231
weekend was,-0.09067923519282464
weekend we,-0.07762684619329531
weekends,-0.09248372525166672
weekends and,0.03041840994857279
weekly,0.09018701062405955
weekly basis,0.0004194382807648472
weeks,0.2067617527953104
weeks after,0.09230497520326235
weeks ago,-0.20066251080793346
weeks and,0.19341923879341005
weeks but,0.06468879096744407
weeks early,0.03082736496952165
weeks he,0.06248583578598936
weeks it,0.06540542744429628
weeks later,-0.0168871481381354
weeks now,0.038516618985061694
weeks of,0.1565293662738953
weeks or,0.04723920169826788
weeks so,-0.0761492275312344
weeks they,-0.006916042835582254
weeks to,-0.14127397657562651
weeks ve,0.07044356426201566
weeks was,0.12865143626794887
weeks we,-0.041697832779917995
weeks which,0.003350233431102481
weeks with,-0.04124064644099567
weigh,-0.08165456069052039
weight,-0.03511747654266341
weight and,0.015018268850873352
weight gain,-0.03461332884640196
weight he,0.008380628399553154
weight on,0.05546384142263825
weight which,-0.0020000644680948677
weird,-0.14664743255407958
weird and,0.1473846950866846
weird at,0.05145309540407064
weird because,-0.011517346848277507
weird but,-0.1140013312901346
weird feeling,-0.0553612276157536
weird for,-0.043367210263834687
weird gut,0.018390454179551274
weird he,-0.033637000824344815
weird my,0.07055767684545185
weird that,0.03117438072636601
weird to,0.03886155708944024
weirdly,-0.11654642882090889
welcome,-0.27065972549793393
welcome if,-0.056559738481369304
welcome this,-0.05116124148560803
welcoming,0.11370669740685363
welfare,0.15857659438770397
well,-0.03333363924977428
well am,0.106026960292969
well and,-0.10514217829439136
well as,0.04128771933208106
well at,0.016996543198463738
well be,-0.0033355963856388222
well being,-0.10394935256214975
well but,0.026918791984827425
well connected,0.017144655973527632
well controlled,-0.0876227638704544
well did,-0.10499356939211373
well don,-0.009284637830436704
well for,0.03528713772275338
well found,0.05362636869514095
well had,-0.0219325719141392
well have,0.015898180672012187
well he,0.030761749972189206
well here,-0.007550062545498289
well in,-0.025752315199581318
well it,0.10807209826774758
well known,0.24368935236596712
well my,0.2005578257909589
well not,-0.01623419948666653
well researched,-0.0701372769730401
well she,-0.10105070033619469
well since,0.06422672396651243
well so,0.030935966737235757
well thank,-0.06456377981504663
well that,0.021658264806775535
well the,-0.052710635330776856
well together,-0.09675521671742951
well ve,-0.07309072302564477
well was,-0.024775245974130607
well we,-0.14865285663756161
well which,0.04559728405785707
well with,-0.011418188479150725
wellbeing,-0.025277002321496374
wellbutrin,-0.10395714133357753
wellness,-0.10044828724356067
went,-0.20784863292753517
went along,-0.012850638055375783
went away,0.04768933742522748
went back,0.05115099526884221
went down,-0.2050356276700651
went from,-0.008413032342789345
went home,0.30223621467248885
went into,0.2187416746097194
went off,-0.07757240654019079
went on,-0.07577739201796573
went out,0.0270071269107703
went outside,-0.009539059257834975
went over,-0.0713762010804898
went really,-0.09465049712838967
went started,-0.039640081437487575
went straight,-0.0976958024228178
went there,-0.015769200923101967
went through,-0.245330181432853
went to,0.29715653820090443
went well,-0.09844190445941528
went with,-0.05876665426516025
went wrong,-0.05841618621294982
were,-0.7595290777055614
were able,0.13915340944262106
were all,0.05477097457210328
were already,0.05699219738573967
were also,0.06045101233861306
were always,-0.11983795931922814
were and,0.08877812076551599
were at,0.15485651471583536
were both,0.02401533505206321
were called,0.15241940952853253
were confirmed,-0.01413155591078635
were doing,-0.0904669378471066
were driving,0.002587020361181958
were engaged,-0.09563472397974941
were ever,-0.05297245353318484
were fine,0.005316724400620495
were friends,-0.06369289369701607
were getting,-0.08045586230679663
were going,-0.07481130520357965
were good,0.02051713928657209
were homeless,-0.00827574863139249
were in,0.11927839535356022
were inseparable,-0.06410556002428587
were just,0.10311238008975966
were long,-0.15059576809546535
were my,0.0035279927166114015
were never,-0.10588227701388479
were no,-0.025591748077139508
were not,-0.11361730997099526
were okay,0.15175922607334058
were on,-0.015599557481859696
were pretty,-0.04108421334087889
were raped,-0.04949784213867973
were really,0.09087370530342073
were saying,0.0017152816462692785
were sleeping,-0.014095610935016331
were so,-0.1449107859496051
were some,-0.08006847767715994
were still,-0.060904442614854545
were super,0.007087365514903816
were that,-0.01580484771562125
were the,0.009041977687892814
were there,0.1557551981748624
were times,0.014104720708017701
were together,0.08920899534367373
were too,-0.17559234865980497
were up,0.004944306839833451
were very,-0.0709876677206808
were working,-0.09899544598156576
weren,-0.10724953999016579
weren in,-0.06880129773463659
west,-0.07880110596517347
west coast,-0.07880110596517347
wet,-0.20537240160807924
whack,-0.021477799679381165
what,1.4058577841715427
what actually,-0.11048878070475326
what advice,-0.10615262445670573
what am,0.023121518997651296
what any,-0.037342179671836666
what are,-0.12242685994845506
what bothers,0.07314926352790659
what can,0.26893148058546984
what could,0.059547672298363025
what dealing,0.11243132876270676
what did,0.24997720280009256
what didn,-0.03775214842171846
what do,0.0293357944896624
what doing,-0.1565878189788063
what else,0.03559076172056582
what ever,-0.14375563835414776
what exactly,-0.02929011873746823
what feel,0.0783861734154414
what going,0.0050620671196202295
what had,0.12251552907091955
what happened,0.2029228203042391
what happening,-0.09667356079639453
what happens,0.14931495588734656
what has,0.035836812976322435
what have,-0.11374943529311317
what he,0.27849081471897064
what helped,-0.051660942715227816
what her,-0.0906524681744586
what if,0.21345792413915268
what ifs,0.08671925911722686
what in,0.01599004175080645
what is,-0.202323461909635
what it,0.08539891403146044
what kind,-0.1277719146137969
what know,-0.07343000849476018
what lead,0.07917361399636125
what learned,-0.004889178973893069
what life,0.026952606566517223
what little,0.07066706919897348
what looking,-0.07247502089596886
what made,-0.009156130440314613
what makes,-0.028850727480337908
what me,0.03142355837655378
what mental,-0.03172256879923077
what might,0.14321139300141905
what more,-0.004315827042115594
what my,-0.04493739822062111
what need,0.06892691932308333
what needed,0.055036492875337586
what not,0.05452293525923166
what other,0.004147296591972503
what others,-0.1276618886340608
what people,-0.045840498678002
what real,0.0715096552126116
what really,-0.06872620848618745
what remember,0.01887255247066582
what saw,-0.08412421036456462
what say,0.03508716684207553
what seemed,0.09060725670317038
what she,-0.051759346766437085
what should,0.05525109425891289
what talking,0.06796918137240623
what that,0.09567474207888925
what the,-0.07934083355045386
what their,-0.027565315670716992
what they,-0.061380314962181534
what think,-0.03359649681910978
what thinking,0.004974836693362132
what this,0.026062855872987747
what time,0.005237397407721547
what tips,-0.03518145744859996
what to,1.6424893339851079
what trying,0.0601520619636878
what ve,0.19128558867364748
what want,0.18641299669324232
what wanted,-0.06964494352781668
what was,-0.06617975239293575
what we,-0.13155433085078647
what went,-0.09009864083259363
what will,-0.12427293731938746
what won,0.08492660350524528
what would,0.10911229227121338
what wrong,0.1588582606411848
what wrote,-0.0001063021652466799
what you,-0.33155880814857047
what your,-0.08033876380593219
whatever,-0.11841190717007986
whatever detail,-0.03832236404144581
whatever fucking,0.09580738829465638
whatever he,0.07409520256968999
whatever it,-0.05273481856102927
whatever medication,-0.008161971765388274
whatever my,0.006776770111303028
whatever reason,-0.11168460515279334
whatever she,0.0016755182616027134
whatever that,-0.22780526799347864
whatever the,-0.036869190602034405
whatever was,-0.01928735351340723
whatever you,-0.06757569538013106
whatnot,0.05972752325430872
whats,-0.1017256556006854
whatsoever,-0.05260754299098189
whatsoever so,-0.06461966585773458
wheel,0.04368885201785026
wheelchair,0.00579014477919386
wheels,-0.12587318726005683
when,0.09536346783675556
when alone,-0.150561262039576
when already,-0.01811685603386216
when am,-0.019797430261715314
when around,-0.10858202000702694
when ask,-0.006736778158390818
when asked,-0.10227238040547587
when at,0.006637445622461741
when brought,-0.08502595432808352
when came,0.13882684395719327
when can,-0.012941474395566265
when changed,-0.06579570787935106
when come,-0.011397852712141113
when confronted,0.11675975183000831
when could,0.11725336987503242
when dealing,-0.058366896911415646
when did,0.06534971200058565
when do,-0.15391020808758904
when don,0.1209895129166366
when drunk,0.013354311010065172
when feel,0.17529960247735601
when feeling,-0.1491152521050451
when felt,0.12022126010957944
when finally,-0.09984655998911544
when finished,-0.08915957235272728
when first,-0.008942178009001472
when found,0.08818232050659548
when get,0.10731331845571815
when getting,0.002336104406849908
when give,0.11550269278240685
when go,-0.12947050156114953
when got,0.08839618622030902
when grace,-0.06801381494492897
when grew,0.011439860376366786
when guys,0.08142142278017137
when had,-0.10703123064347769
when have,-0.08568098192114264
when having,0.08819879935695862
when he,0.2157920705678445
when im,0.06701757994994754
when in,-0.0654178580187481
when it,0.3239876299802872
when its,-0.08610657795618037
when just,0.04526044170472589
when left,-0.02278829527806172
when life,0.09168132809241686
when move,-0.016429546865336108
when moved,0.03933263092327975
when my,0.19640697864042783
when need,0.07461857682235266
when not,-0.027332738140740196
when one,0.09589044722604301
when or,-0.01033041063594765
when our,-0.059461966798160897
when people,-0.07174989477892167
when prompted,-0.02921530124171524
when read,-0.012902681326316268
when realize,-0.07957794807606107
when realized,0.09343343805233989
when saw,-0.025622452524301148
when say,-0.029136781332861243
when see,0.004005507117447969
when she,-0.0338222193414666
when should,0.00887682078320732
when sleep,0.07816724949020504
when someone,0.11856683809008506
when something,-0.09759344467751051
when spoke,-0.060276598874500105
when started,0.15943849943470165
when talk,0.04766081961456451
when talking,-0.04564655483305139
when tell,0.08452318148772066
when that,0.08422910194059229
when the,-0.0519179028898883
when there,-0.012674564850447342
when they,0.04687945115879426
when things,0.08301406177799968
when think,-0.005940211592881883
when this,-0.00906992973532203
when told,0.10155177561069115
when tried,-0.07101090731017695
when try,0.22081715562276
when turned,-0.03142771089515987
when ve,0.005375405239802532
when was,-0.08411924746181165
when wasn,0.05411245080730281
when we,-0.19925856580065637
when went,0.08168152314290483
when woke,0.02596000221958845
when you,-0.3457468405264187
when your,0.07766521709415465
whenever,0.15575564386594662
whenever ask,-0.09179735231491086
whenever did,-0.10765439036176978
whenever have,0.055484474018922106
whenever he,-0.043292947170660574
whenever see,0.08065080740696495
whenever she,0.16981962444107396
whenever the,0.07410982818158171
whenever they,0.08324041570420078
whenever think,0.04166473385864452
whenever we,0.020270051488725065
where,0.850710751376976
where am,0.04536474803798069
where and,0.06826114300004482
where can,0.16447935381701537
where could,-0.03854255088937187
where do,0.0037585181933416606
where don,0.08755730457082372
where else,0.07790725145753137
where ever,-0.06623982158463582
where feel,0.04962971596928595
where felt,0.12340997689470672
where go,0.0859133411927164
where have,0.06798716687929987
where haven,0.14473633630275415
where he,-0.02398512846738241
where it,0.0308533405291899
where know,0.061275483893504776
where live,0.07082850185750784
where ll,-0.026468718369602958
where my,0.28399902297296326
where others,0.0020116573163398493
where really,0.07172716319138478
where she,-0.07844248376925586
where so,0.07429450211878831
where that,0.07309522404102407
where the,-0.17525101910127572
where they,-0.22269374116167784
where this,0.12190486016211251
where to,0.1202992962881885
where was,-0.0026188057233604454
where we,-0.07238721985799892
where when,0.06755533392143871
where work,0.02728093496493542
where would,0.05790391971313354
where you,0.016712670407562302
whereas,-0.11235540534909409
whereas she,-0.08224664131270787
wherever,0.08524059167386129
whether,0.09209787177979527
whether he,0.08772304799025239
whether it,-0.181735845166613
whether should,0.13961874814397193
whether that,0.001167179599244248
whether the,-0.045719472656824155
whether to,0.061833941809239144
whether you,-0.009313182828977612
which,0.5784318164120819
which admittedly,-0.06589914647739595
which also,0.00390412450521256
which am,0.08956277339366325
which are,-0.05995924615115525
which can,0.008967592710525654
which causes,0.052761220198116666
which did,0.01645542221434128
which didn,0.0774827566354193
which do,0.03238898304300543
which doesn,0.1097122663149037
which don,-0.01119720474582733
which ended,-0.025457752834765045
which got,-0.012618578779147365
which had,0.02133807301778072
which hadn,0.08823276505688632
which has,0.1917392885553881
which have,0.13408313788055762
which haven,0.05664483126066825
which he,0.008856175428046151
which is,0.06790545663033572
which isn,-0.01850565629728922
which just,0.0015271696402062002
which know,0.06062029695484786
which leads,0.10575673563785662
which leaves,0.06926899218524128
which led,0.0762156074721136
which made,0.011878807791777994
which makes,0.12263499639091512
which many,0.09190183182354736
which means,-0.04293675425162056
which not,0.0883765847807122
which of,0.13166117698515922
which okay,0.0791112650670941
which point,-0.0029466404286454923
which she,-0.06669549669876892
which they,0.09104818986351698
which triggers,0.06038618097903232
which understand,0.06441645340317728
which was,-0.0009439199217098852
which we,-0.0367117527861653
which will,-0.14489981296848173
which would,-0.087924464686883
which yes,-0.05402848776647974
whichever,0.0110007464506887
while,0.07883801767787729
while ago,-0.011319308060195675
while also,0.02588553954711541
while am,-0.03199227621606892
while and,0.08510876460567356
while at,0.003819244698160373
while back,-0.003894907431404854
while being,-0.16023315575110172
while but,-0.058493484427967354
while doing,0.04118634487739897
while everyone,-0.019461027891771197
while have,0.094661459253717
while he,0.08301047647776669
while her,-0.04573966230069451
while it,-0.008513364340450514
while living,-0.07853660474969615
while looking,0.006030028765551255
while my,0.0777471108424919
while now,-0.005673366941399416
while on,-0.08946453429815525
while or,0.010071996506549004
while outside,0.053148907224460154
while she,-0.03543617153158637
while sitting,0.13935929670712924
while so,-0.11307513055390643
while still,0.02100369627174572
while talking,-0.023925390092877006
while that,0.11637112660562739
while the,0.02971732072386539
while then,0.12069079996875162
while to,-0.08535324596311966
while trying,-0.13558808329093636
while ve,0.007316402816855291
while was,0.18081612248200982
while we,0.06378898880332967
while when,-0.0575758474216117
while working,0.10860148287399117
while you,0.052887136109494144
whilst,-0.01184984759525514
whining,-0.11203348048488629
whispers,0.004295353164189676
white,-0.26968665042894
who,-0.7706136662762664
who abused,0.07546810589913755
who actually,0.008332196052790725
who also,0.044814366326166435
who am,0.038804474275618055
who are,-0.26542807563054654
who been,0.015463613341449902
who can,-0.026883987516045007
who cannot,-0.009113188898512179
who cheated,-0.005746801322562873
who choose,0.0073037280942990866
who claimed,-0.08346533357829743
who could,-0.008115557301601942
who didn,-0.040977954689081435
who do,-0.027070521508955517
who doesn,-0.10068722599326264
who don,0.10669732957885804
who enters,-0.05427865834755191
who experience,-0.07295820300362277
who feels,-0.0509664521995918
who financially,-0.012930175133479585
who gave,-0.07059267474576933
who get,-0.008879247281644215
who got,-0.04977870451115056
who had,-0.03155390026016912
who has,-0.019185141531570204
who have,-0.20133925057661956
who he,-0.049845337498311985
who help,-0.07296535872697937
who helped,-0.07491968365650281
who helps,-0.07657824708048677
who in,0.002000016466816244
who is,0.21345093794154313
who knew,-0.014183639354876456
who know,0.062398104989805345
who knows,0.08013341425039802
who later,-0.07574076012159889
who like,-0.01882047955319817
who live,0.006561240750211147
who loves,0.000994949134961119
who made,-0.013654707121974677
who may,0.0010157737496745407
who might,-0.17843594170232846
who need,-0.1474809212978786
who needed,-0.09923002909801308
who only,0.054533491793110705
who or,0.07361262336778122
who reads,-0.056721096485950584
who says,-0.0904230340490068
who share,-8.045232738885022e-05
who she,0.08640319892980458
who should,0.09178360166185284
who they,-0.08145479830521189
who thought,0.06407630129573286
who took,-0.03695313795672574
who tried,-0.14267304119871993
who try,-0.09747091372616588
who used,-0.003950785163044472
who ve,-0.02057111284956514
who want,-0.054279928258422296
who wanted,0.07458378268355167
who wants,-0.08487017341442944
who was,0.11065173829543129
who were,-0.015596435152582229
who weren,0.014416483408700937
who will,-0.16000935720960754
who worked,-0.011524624012514847
who works,-0.016205522757560785
who would,-0.170346105830319
who you,-0.09206957711107697
whoever,-0.13149242468501302
whoever reads,-0.1217709448132895
whole,0.5913401822082001
whole body,0.08861999320864958
whole day,0.08468407496598361
whole deal,0.12115884841068754
whole family,0.1643723264868594
whole fucking,0.006307851980114557
whole life,-0.1277923879805255
whole process,0.05934616551415214
whole thing,0.0934067153090348
whole this,-0.03832236404144581
whole time,0.20418030364690912
whom,0.10743393914431626
whore,0.22207417934687085
whore and,0.07107887595428393
whose,-0.2047588614776667
whose been,-0.08232840387628462
why,0.8906704134320748
why am,0.19471993838926288
why and,0.07658356480829706
why are,-0.04320605819194248
why because,0.052679168246748155
why but,0.01664982736993619
why can,0.16154280646395294
why chose,-0.08542142561330028
why did,0.15364436060838885
why didn,-0.1177326925038887
why do,0.2213349371924632
why don,-0.13111526435418677
why feel,0.06946100691139273
why had,0.08141284621490168
why hate,0.10826194164016414
why he,0.3859756497105546
why in,-0.028516557667364235
why is,0.17882585049680838
why it,0.13977268312379268
why most,0.056028107082681806
why my,0.09515330205999226
why not,-0.14106277933460548
why peer,-0.043742767955615464
why posting,0.12085246749026005
why she,0.04560398531683253
why so,0.006158885434565847
why the,0.003407408836571603
why they,0.10607647767365108
why this,-0.14568936116592943
why though,0.06243710715728103
why was,0.0647552534938856
why we,-0.09638236494730452
why when,0.060976251673024194
why would,0.047506479345451935
why you,0.06468047869078894
wichita,0.0657359134608534
wichita kansas,0.0657359134608534
wide,-0.2264377310172366
widely,0.006023891475659995
widely known,0.006023891475659995
wife,0.18404669148128547
wife and,-0.08337525816870657
wife for,0.10493655992209487
wife is,0.1381913064619449
wife of,-0.03386602735983347
wife she,-0.0812645133555408
wife was,0.021839682580498912
wife when,-0.008122908669025476
wife would,-0.10405142780983039
wifi,0.07362662694594291
wiki,-0.10701371300974438
wikipedia,0.011402596830706341
wild,0.15809032305013612
wildly,0.13390989546427784
will,-0.761619315936791
will activate,-0.12345309793359574
will also,-0.07231549414156983
will always,-0.15416902228391813
will ask,0.07554594280447058
will be,-0.33941705431998986
will become,-0.11989856837847718
will believe,-0.07420685731028423
will bring,-0.006020225122449129
will call,0.11694091633993331
will change,0.1709910360738775
will come,0.1588353805452055
will commit,0.044783699728152236
will complete,-0.07046726035509988
will continue,-0.036326113712533144
will cover,-0.08537436028498151
will definitely,-0.09485705810704312
will do,-0.06474595165079597
will drive,-0.10911800070037934
will end,-0.042544704553978546
will feel,-0.0057704608743284645
will force,-0.01233436939727964
will get,0.04069634793629481
will give,-0.011972736822253955
will go,-0.018612497804684828
will happen,-0.15283449092303864
will have,-0.23188334027345012
will heal,-0.04361458378108298
will help,-0.4102105978486781
will hopefully,0.009881710397852983
will include,-0.08868038722632728
will involve,-0.03571177968025058
will just,0.11153871778676469
will keep,0.09114620262417654
will leave,-0.08004149803936574
will let,0.06448366435156758
will look,0.09949795575728587
will make,-0.05556729769866181
will need,-0.08422415024258084
will never,0.22251577449181525
will no,-0.12101198669036957
will not,-0.025199443709798108
will often,-0.011351898647582934
will only,-0.014248489274267466
will probably,-0.16095162238523006
will realize,-0.01799728873788222
will result,-0.10479997968312807
will ruin,0.20086530233182126
will say,0.12849048913604721
will see,-0.10137888257463154
will send,-0.07720059151715235
will she,-0.09443000973774317
will start,-0.007376991792058779
will stay,-0.05532485586166127
will stop,-0.011137606381349495
will suffer,0.07790797131275493
will take,-0.16911161064215485
will tell,0.05676867997857803
will the,0.08980830302365349
will think,-0.02762156567466823
will this,0.07279308271186814
will to,-0.027508688658884516
will too,-0.006273620079414246
will try,0.07554389734277724
will understand,-0.006841043545403307
will work,0.06154489583322016
willing,-0.3044507390996881
willing to,-0.3044507390996881
willy,-0.10210648385838016
willy nilly,-0.10210648385838016
wilson,0.08302392840817514
win,-0.3111745725599402
win 100,-0.05427865834755191
win this,-0.07833323646023661
winded,0.07778134147913555
window,-0.06180165402601521
windows,0.033355871606690124
wine,0.0234148665102615
wine and,-0.002832668048553302
winner,0.050529659869714735
winners,-0.08401017950201389
winter,-0.12751681575884533
winter break,-0.07363241230146698
wisdom,0.18197953889704824
wise,-0.1151675533239877
wish,-0.056395014956645145
wish could,0.11268113950897293
wish had,0.052621399795916374
wish it,-0.032531068121730476
wish list,-0.13990522781563802
wish me,-0.11716762912436547
wish so,0.06904669534503993
wish someone,-0.0265578315328733
wish there,0.01648255729578353
wish to,-0.03707157293604683
wish was,0.09269791990377933
wish we,-0.09334796789114493
wish wouldn,0.06680684480451313
wish you,-0.009796304628524514
wished,0.10853639643921428
wishes,-0.021592305236746177
wishing,0.027949515787701763
wishing was,0.07829313626997818
wishlist,-0.21089850505944882
wishlist link,-0.07940121264206373
wit,0.05894386804938177
wit end,0.05894386804938177
with,-0.11369133714330344
with 30,-0.0824355897103125
with about,-0.02818595555155375
with after,0.00012878138622643485
with agoraphobia,0.0845322042223751
with alcoholism,-0.036391712315988485
with all,0.03756956493813664
with an,0.18799891699482277
with and,-0.12948561933594
with another,0.029182872892247497
with anxiety,0.28779088598712566
with any,-0.101134714916448
with anyone,0.09244217815700755
with as,-0.10541648040573845
with at,0.02740828480227899
with baby,0.008136164562239314
with because,0.080673314322415
with being,-0.048897818808819424
with belt,-0.02519571378662862
with bipolar,0.07907977454238248
with both,0.10186609316267582
with broken,-0.04929614478476066
with but,-0.11659840242133737
with chronic,0.12513404161522482
with co,0.08869500636754124
with depression,-0.06338308723550892
with different,-0.06812262910897851
with disorder,-0.06326174345795864
with doctors,-0.01670527990162511
with domestic,0.07524828274764299
with dread,0.08249678402940133
with each,-0.1208449672924137
with either,-0.0699874664202683
with everyone,-0.016953966477552006
with everything,-0.059282597385069344
with except,0.08734567412486519
with fake,-0.07996473371485904
with family,0.0383351058370193
with feelings,-0.012960986451688914
with few,-0.07662627207102576
with finances,0.08543184005155582
with for,-0.13220989050190374
with friend,-0.20820762471424947
with friends,0.18866949431850116
with gad,0.04724192021887509
with generalized,-0.10067946995220765
with girl,-0.1333114056096104
with girls,0.002741858077439847
with going,-0.0012339024096511442
with good,0.06358120036909058
with grad,0.13299347437063147
with grain,-0.11327717104257562
with guy,0.015871169049018807
with have,0.09869179168770204
with having,-0.13887114734697517
with her,-0.4298092135541816
with him,-0.4116423444426302
with his,-0.2056849456219775
with home,0.022965127964444162
with how,0.23426072281848032
with huge,0.012277730370459516
with in,-0.05669392109965279
with is,0.164349229006658
with it,0.13187937840896563
with job,0.007199478282063649
with just,0.14596843336495605
with kids,-0.11432634919111817
with knife,-0.06530254586358217
with life,-0.08787147929876156
with little,0.012257499332008474
with lot,0.021482422594952054
with man,0.06727856135938583
with many,-0.14698665317575157
with me,0.36629212781455656
with memory,0.08530471039055446
with mental,-0.010751567734552077
with missing,0.06275731630146583
with money,0.10536579120683966
with more,-0.20240004882065651
with most,-0.00916920385795577
with my,0.5006868759321631
with myself,0.2312806580147423
with never,-0.11318795367689413
with new,0.012002498780095025
with nightmares,-0.022748870258860326
with no,0.33197592385797314
with not,0.09687953452363193
with nothing,-0.07343073755195621
with one,-0.11208010385913811
with only,-0.04952285442071865
with other,0.06593478641466415
with others,0.07151387075815423
with our,-0.06390573119723209
with panic,0.019521532687403864
with people,-0.17773921837751194
with phone,-0.006643630754558059
with pictures,-0.094463303034094
with psychiatrist,-0.020708960458650654
with ptsd,0.1438101408815248
with real,-0.0559329345268228
with reality,-0.012805179260824159
with really,0.04852042846539119
with relative,-0.034008276744901526
with respect,0.011953982264010598
with rules,-0.05581193537247974
with said,0.0972436011282006
with self,-0.019488640772308326
with severe,0.08463607666985692
with short,-0.06739732402195296
with single,-0.07583643393494906
with small,0.1439282777062674
with so,-0.0018616433525743927
with some,0.09677374468255964
with somebody,0.022207732604185786
with someone,-0.11761328421458861
with something,-0.10966314074935184
with stage,-0.007196562968836637
with strangers,0.08434734196618598
with that,-0.16138551367095624
with the,0.02808534421834054
with their,-0.2873576272108781
with them,-0.1896292706533912
with therapy,0.024227407421051818
with these,-0.06705267237777791
with things,0.0917698578703437
with this,0.5675709828386901
with those,0.035629216288293214
with three,0.09987067060410679
with time,-0.01759948281573174
with trying,-0.04195094014451179
with two,-0.021083921258330023
with us,-0.0538896541913135
with very,0.0585598023700402
with was,-0.004059178107445757
with weight,-0.03526504774999176
with what,0.14955643635916016
with whatever,0.027410564589393116
with where,0.02208879921351889
with which,0.012104833857626616
with will,-0.009508973539385696
with woman,0.007057797222749206
with work,0.07273189154932659
with would,-0.10529959259486227
with you,0.01923259399728604
with your,-0.02381501335402225
with zoloft,0.0012920887019348402
withdraw,0.011465038890373692
withdrawal,-0.0006032316723748214
withdrawal symptoms,-0.02679288525935487
withdrawing,0.12859587002292053
withhold,-0.11904350233606849
withholding,-0.09754017276408129
within,-0.2630166982790019
within 20,-0.08260249748130766
within my,-0.1752205949883727
within myself,0.10234072830923256
within the,-0.030473360198381406
without,0.27853144060561424
without anxiety,-0.01282067246247009
without any,-0.10113528720330757
without being,-0.06599031426460786
without eating,0.0021420730087026636
without even,0.041024396332519114
without feeling,0.12423552258293323
without freaking,0.04534110697295788
without getting,0.1141902262131119
without going,-0.03948631509086474
without having,0.13307587384975667
without her,0.0728616352673647
without him,0.10722128402052807
without it,0.02178701537304225
without me,0.16488213669026686
without my,0.08572032113717885
without needing,-0.08068073032742126
without saying,-0.06649205639512787
without the,0.016619683215407653
without them,-0.14708017723085634
without thinking,0.10384422203801937
without using,-0.08578851216520413
witness,-0.0006481920121513093
witnessed,0.16841607368297704
witnessed the,0.10953259812298087
witnesses,0.029471160910213373
witnesses and,-0.04723665031451912
wits,0.16745051815791975
wits end,0.08184876500919921
wmu,-0.04509382103789202
wmu psychology,-0.04509382103789202
woke,-0.04114702359664842
woke my,0.08982857974393532
woke up,-0.17050403497779396
woman,0.05286766571735311
woman and,-0.06556761871829275
woman he,-0.011535354980581346
woman is,0.10708314429173674
woman that,0.15236244638722252
woman university,-0.053725554386272474
woman who,0.027097556891440784
woman with,0.00876549940669053
women,0.20604217730643407
women and,0.1390826115275006
women in,0.09680881920470019
women it,-0.07248851184495358
won,0.5568147952382628
won accept,0.15575516938954256
won and,0.12270724774436205
won be,0.1801899086206092
won do,-0.058184690452772685
won even,-0.07471196201990607
won find,0.06533728144379332
won get,0.15171193854191975
won give,-0.10735513928253919
won have,-0.12190274832317731
won leave,-0.0024619801520348247
won let,0.12027144845419722
won lie,-0.11946433186647604
won really,0.07934836870075852
won show,-0.015464600118635095
won stop,0.001439367395408185
won talk,-0.013880204875560883
wonder,0.32343398867284034
wonder if,0.17554471301879718
wonder what,0.09219587406668102
wonder whether,0.06957008251894461
wondered,-0.0034835286273442764
wondered if,-0.0034835286273442764
wonderful,-0.3321479684540155
wonderful and,0.0021420730087026636
wonderful to,0.02099340160519506
wonderful world,-0.06185949811034257
wondering,0.3658242393658272
wondering how,0.02794787152162056
wondering if,0.12189374251667578
wondering what,0.24461859011308082
wondering why,-0.004249749708120075
wonders,-0.04909777911508898
wont,-0.0386555293911204
wood,-0.013540159912996463
woods,0.005146786040415833
word,-0.17712306051134716
word for,-0.004341058239716535
word is,0.09450464878406788
words,0.18562078437357413
words and,0.04629197259322052
words for,-0.06481733049977326
words just,0.047890409539234784
words not,0.020457370869739634
words of,0.06453569561087473
words that,-0.09126520165657419
words the,0.045412588562142434
work,0.41896803567126517
work about,0.08933378185525129
work abroad,-0.0751615514073665
work and,0.3351896398830471
work anymore,0.03810574166680682
work as,0.05235105408064209
work at,-0.05745216572717931
work be,-0.02217192810686433
work because,0.2108324034494696
work but,-0.17542666905626705
work came,0.10840314486980186
work day,-0.016628384984970768
work do,0.15497255487125708
work done,-0.09971394427221354
work environment,-0.03697494589894157
work experience,-0.09389270375215614
work feel,-0.06298839534949685
work for,-0.10489932582594781
work from,-0.14277721357534418
work full,0.06228661992104315
work get,0.10006134099175533
work had,0.0715616047203741
work have,0.03421251736219288
work he,0.0672603240696523
work here,-0.006459387766392627
work hours,0.043596785035598114
work in,0.0036596568214411146
work instead,-0.08889998348218785
work is,0.151652497798837
work it,0.10564976998232072
work just,-0.06566192695333495
work moving,0.08333987614354972
work my,0.09733208561069934
work need,-0.007759746044389563
work on,-0.057497985258989116
work one,-0.00985315914453997
work or,0.1287324402625927
work out,0.11207581005833768
work part,-0.10207573738647478
work right,0.11530371447855521
work she,-0.06909688916489858
work so,-0.14999779914232536
work that,-0.07937440802312719
work the,0.13333473307865676
work there,-0.009424857420683032
work this,0.07110197991306065
work through,-0.1400946474328342
work to,0.00834056806339188
work today,0.10490623598288841
work together,-0.21790899104945796
work we,-0.13245987137319157
work well,0.08464124739640139
work which,-0.018098805008705164
work with,0.1683972171441553
workaholic,0.044783699728152236
workaholic he,0.044783699728152236
worked,-0.21347462720027927
worked at,-0.08028934159282429
worked for,0.05385264074095471
worked in,-0.031046889626277878
worked on,-0.057643109907321875
worked out,0.0999808570291719
worked so,-0.08935318227047274
worked together,-0.10962733627090028
worked up,0.08216628225559262
worked with,-0.01720219315634327
worker,0.06784965890089091
workers,-0.02291462190759948
workers and,-0.13348054490153854
workers comp,0.022290954431737314
working,0.14301555901737942
working and,0.16785946942259203
working as,-0.04813007524665685
working at,-0.09741956253141085
working during,-0.06655026477653447
working for,-0.057000296739275154
working hard,-0.016560754785978505
working in,-0.025808229024523212
working it,-0.014126577834435577
working my,0.05502035680144404
working on,0.0477682643935989
working out,-0.062053775436633374
working part,-0.0344708720557375
working through,-0.0543985383823936
working towards,-0.05660852463278313
working very,0.08418933881782095
working well,0.058437603432425086
working with,-0.07470831292169085
workout,-0.039529742397412644
workplace,0.13292425428586285
works,-0.10690496145488938
works and,0.0291218479436238
works for,-0.15471782189465152
works in,-0.1648513122777639
world,-0.43380367128603753
world and,-0.12086729522132181
world is,0.08492099517905327
world of,-0.10701002439905125
world on,-0.018310732687390103
world that,-0.004418304132200527
world they,-0.06042167103280494
world those,-0.03074105019184583
world to,-0.029027711410586382
world was,0.059497135603066284
worms,0.01230233152637214
worn,0.12007106113253291
worried,0.8019344264643997
worried about,0.2703628158051088
worried because,0.07947597044415237
worried for,-0.002550944454819044
worried he,0.12208345699256622
worried that,0.17946106649034213
worried they,0.0606695557128707
worried this,-0.058049807608947006
worried ve,0.04969530344474279
worries,-0.028236293198752652
worries and,0.0021300738889081837
worries me,0.09066041778792135
worry,0.10722486086598036
worry about,-0.009697268276029979
worry for,-0.0722023111541364
worry so,0.058627495345960436
worry that,0.026999401147965067
worrying,0.18625052665420755
worrying about,0.0671705926057267
worrying and,0.06656405419458924
worse,0.7758978599006664
worse am,0.06947559628842016
worse and,0.11240075148927874
worse because,0.08099782363305055
worse it,0.07226914796309622
worse just,-0.044128365876621646
worse my,0.08100059965515076
worse off,0.08487266811045412
worse since,-0.0023456357771946754
worse than,0.05916315765092711
worse the,0.0909283715356744
worse when,0.06042049525774629
worst,0.4230656531248238
worst and,-0.06334354702009533
worst anxiety,0.0799178103174112
worst case,-0.0021202581298485333
worst feeling,0.0695845552453347
worst of,-0.04717564783326033
worst panic,0.1113884936103298
worst part,0.13065202862260802
worst that,-0.1525929430799365
worst thing,0.07850162194899217
worst things,0.058449678721605586
worst times,0.05143064146440887
worth,-0.023825596194727013
worth it,-0.0328585483301262
worth of,0.123411034308811
worth the,-0.002779838639702412
worth your,-0.004929881823423202
worthless,0.33452851425986607
worthless and,0.07289279525257437
worthwhile,-0.04100795108712758
worthy,-0.0746773379266875
worthy of,-0.020384711138396905
would,-1.1078348124620132
would affect,-0.08288163493025798
would also,-0.20152125292781947
would always,-0.03645099563638682
would appreciate,0.054148227271832106
would ask,0.051067959780249465
would be,-0.46840773431765403
would beat,-0.0634489746827076
would become,0.003894505319359742
would benefit,-0.06123882864439278
would bring,0.0042743477802535575
would buy,-0.0029390691501345505
would call,0.06127311712588216
would care,0.056443149208315106
would chase,-0.008006869991632123
would come,-0.08837081488616538
would definitely,0.10181456288935482
would die,0.1482618061515826
would distract,0.004830093781230566
would do,0.004150962133452592
would end,-0.029733730407516434
would even,0.009555089208920623
would ever,-0.1484912080851045
would face,-0.0821646967902425
would feel,0.16634706070221014
would get,0.014305799142509365
would give,-0.08317767943479575
would go,-0.02866469473201169
would greatly,0.018199833709484123
would happen,-0.04495495203464393
would hate,0.011758393056143691
would have,-0.11729467478091739
would he,0.037291530622290535
would help,0.0255530125633691
would hit,-0.07845191585986439
would it,-0.029003589822193133
would just,-0.12149907493294265
would keep,-0.09273566995316501
would lead,0.0849395147071864
would let,-0.036563887111884213
would like,-0.3816912007158529
would likely,0.08426029314654815
would literally,0.11978849452616365
would lose,-0.007373926610552463
would love,-0.32648952289026445
would make,-0.09874071373305499
would mean,-0.021658255076158872
would need,-0.06023155087053942
would never,0.020848130289588138
would not,-0.013001439242398537
would often,0.10970342281760978
would only,0.04907586282431485
would open,-0.0959202011521523
would play,0.09345620009792645
would probably,0.04417195118657427
would rather,0.09667039651089286
would really,-0.3049353077152288
would ruin,-0.03231345336760561
would say,-0.05988387051031258
would see,-0.14881020780381632
would seriously,0.1524448469677779
would share,-0.16652509437017984
would spend,0.016451809332329554
would stand,0.09187234286780746
would stay,-0.010915853325895945
would still,-0.012739083958472588
would stop,0.029347688015150853
would take,0.008089879658413488
would tell,0.028401336296905298
would think,0.07281246481221158
would try,-0.13454597584994477
would understand,-0.12136766689715156
would ve,-0.09914618458980388
would visit,-0.09264931682822601
would want,-0.16254289229401045
would work,0.12308479796242272
would you,0.13612306743330996
wouldn,-0.349613338964957
wouldn be,0.004693487365471429
wouldn care,0.12428518515697776
wouldn do,-0.09033647561833896
wouldn get,0.03419586088877102
wouldn have,-0.01715236105476751
wouldn know,-0.09726421730224877
wouldn put,0.10188740974553351
wouldn really,-0.02023958213561702
wouldn say,-0.15540767904367775
wouldn stop,-0.011887408207850586
wouldn take,-0.0019396347405805036
wouldn think,-0.028077996675850193
wouldnt,0.07227158391639549
wouldnt be,0.031516449652355887
wouldnʻt,0.04743423219373524
wouldnʻt want,0.04743423219373524
wound,0.22587629264483253
wound up,0.08155220344269234
wounded,-0.024725924574023214
wounds,-0.016157428398307035
wounds and,-0.007024710934001049
wow,-0.15242930341151767
wracking,0.04283253716850433
wrap,0.0672628003750906
wrapped,0.019474161658969466
wreck,0.21737345354089999
wrecked,0.05249944691674306
wrestle,0.004469244819824744
wrestle and,0.05904983572623045
wrestling,-0.04655397563901404
wrist,-0.030694427817468523
wrists,0.12722063333480507
wrists and,0.07450476447522675
write,-0.23336084892125633
write about,-0.1284240548903617
write as,-0.008331259562295298
write book,-0.00993937490133061
write down,-0.018407929288613577
write it,0.07371208827871699
write this,-0.0021962473712736014
write will,-0.039640081437487575
writing,-0.2529797428432332
writing about,-0.026513043524477423
writing in,-0.038795813412633655
writing is,-0.10311071117852304
writing it,0.02187010388398705
writing novel,-0.04989070848110661
writing on,0.01053970971447723
writing the,-0.018604747404299685
writing this,0.012073465503605949
written,-0.10718846802079221
written letter,-0.08105083711384896
wrong,0.2551824158933361
wrong and,0.07044169988706425
wrong because,0.04871383788370395
wrong but,-0.02453562732886614
wrong he,0.04893748883969621
wrong it,-0.01666647182272922
wrong just,0.05975647758884605
wrong now,0.06392711973031295
wrong or,-0.1541474890815108
wrong she,0.008344383197208932
wrong so,0.07462576934793877
wrong the,0.07088398444056095
wrong this,-0.09492965659971084
wrong to,0.09162695608842382
wrong with,0.09918915989341522
wrote,-0.03271963094925108
wrote and,-0.08136338726897398
wrote them,0.02892061342401867
wrote this,0.08612057995334804
wtf,0.2638248466852929
wtf is,0.12089651632842037
x200b,-0.5944189642545666
x200b edit,-0.06401876425831257
x200b however,-0.08087629329715561
x200b time,0.0473380051416468
x200b url,-0.13197488007887476
x200b ve,-0.017725209987975554
x200b x200b,-0.09293254210727975
xanax,0.017207112839865858
xr,-0.012300486583607197
ya,-0.09704304840411448
ya know,0.0018183717679944162
yard,0.06400023875729048
yards,0.08782854166738452
yay,-0.046800994928702155
yeah,-0.032538214781198956
yeah and,0.0569968146241319
year,-0.007933985793657488
year after,-0.05766392558229527
year ago,-0.06965443025958477
year am,0.0651789299664843
year and,0.15263112006165927
year as,-0.09066449453874356
year at,0.09641427910612324
year attending,-0.06655026477653447
year before,0.0455061325305728
year but,-0.14982443041928756
year due,0.0657359134608534
year for,-0.023225075354703122
year got,0.01074424106840531
year have,-0.031403361712017845
year if,-0.04509382103789202
year in,-0.07704924150645318
year is,-0.020745644890315895
year later,0.14001410642510387
year my,0.01190070114988136
year now,-0.0009229308511462003
year of,0.0483634824541257
year old,-0.11009588647516502
year olds,0.1265713888523308
year on,0.060276822536656845
year or,0.01788178867385566
year period,0.017433379606672378
year relationship,0.0395499177801444
year she,-0.08151858373422548
year since,0.07430360744486794
year so,-0.0672098557088324
year the,-0.1436071426027763
year this,-0.07377044789062735
year to,-0.04801319398012072
year ve,-0.00498161923457486
year waiting,-0.06318390136461079
year was,-0.07099713472138235
year we,0.12143302659962675
year when,-0.06356559271737179
year with,0.04009448581465064
year work,-0.031135939046114166
year you,-0.0047655875019797225
years,-1.0386072523721048
years after,0.06028061083079041
years ago,-0.38458296380766865
years also,0.04560710197192726
years and,-0.12849908289789033
years as,0.005060875893259293
years back,-0.05077609646172007
years before,-0.03245368510395124
years being,-0.0025628226004752986
years broke,-0.10032212530531118
years but,0.006071950219003209
years don,-0.0475246641403463
years eve,-0.07265241514374976
years everything,-0.08927926513375961
years for,0.1232405029194671
years has,-0.01542730260856003
years have,0.06964648954693142
years he,0.059095529733484004
years in,0.0616575488751469
years it,-0.019856440089945224
years later,0.05014191962829954
years married,-0.14033836867858043
years my,0.09476595226215276
years now,-0.19381483301383035
years of,-0.24177641473704356
years old,-0.262480051965591
years older,-0.21523055540153538
years on,-0.07706151643584548
years or,-0.08165354682918112
years she,-0.10795643088043065
years since,0.08686075874029207
years so,-0.06811155970434153
years the,0.04358516987328102
years there,0.0071640075854112195
years to,-0.028135017482575287
years together,-0.047207473712811386
years ve,0.10519475580161412
years was,-0.15694973331419196
years we,0.03708712608850481
years who,-0.042735433189529964
years with,-0.16291336875272408
years younger,-0.06568217225846075
yell,0.0032398700083827075
yell and,-0.022257923516763048
yell at,0.04565280101214559
yelled,-0.14915379852227145
yelled at,-0.027416247557826748
yelling,0.08990684197181806
yelling about,-0.0017462648294653898
yelling and,-0.035788412412498756
yelling at,-0.01809328237468729
yells,-0.04264518053623192
yells and,-0.030528586363828228
yelped,-0.11147179406666258
yes,-0.33362712345445655
yes and,-0.11516807726511433
yes do,0.08555438922905366
yes he,-0.13510344215562006
yes it,0.12209858623942255
yes she,-0.0962890430908075
yes they,-0.07770948136656733
yes ve,0.13059584272615565
yes we,-0.14299610287381107
yes you,0.02144027627161299
yesterday,0.17632741748349284
yesterday and,-0.03364533144479361
yesterday my,0.10277173549178421
yesterday so,0.08209432492642378
yesterday that,-0.12001421021518936
yet,0.245112147442908
yet and,0.0017508961795173303
yet another,0.07692412032514404
yet but,-0.033287086891993285
yet feel,0.06446025829288779
yet he,0.10292163843671942
yet just,-0.019590189809970383
yet my,0.08722306565250536
yet so,-0.15285736974833228
yet still,0.10792784267156388
yet the,0.10823247535983793
yet to,-0.07101314046922595
yet ve,-0.05118404795570808
yo,-0.022226910445966502
yoga,-0.08008004412192277
york,-0.16316943184220253
york city,-0.010564792691408824
you,-2.4682399157604813
you about,-0.11245038007318066
you actually,0.09488684128615593
you again,-0.035729437180173455
you all,-0.23408957414863735
you already,-0.06754646469574077
you also,0.04820984716617285
you always,-0.05504751949642484
you and,-0.09513246814052587
you are,-0.35806446286811466
you aren,0.04302847384764535
you as,-0.12677437693572663
you back,0.08530280344130776
you be,-0.06373474457509047
you but,-0.08592021703286291
you call,0.08723667249197581
you can,-1.0178985486674883
you cannot,-0.05280494738487228
you choose,-0.12099492840639324
you come,-0.0006017145227870468
you contact,-0.04889274569267998
you contribute,-0.03172256879923077
you cope,-0.12207058598283849
you could,-0.21280397544575008
you deal,0.1061140672263691
you deserve,-0.15031543805226136
you did,0.011109028429096156
you didn,-0.01826797616383832
you do,0.21884686102768075
you doing,-0.009846173869830388
you don,-0.13784086194685533
you dont,-0.0031939604546615884
you down,-0.0028560146963730495
you edit,-0.09289782398513584
you even,0.10216272595609371
you ever,0.266751267139399
you everyone,0.0015535236066667774
you feel,-0.005728248479723154
you finally,0.003322113788176916
you find,-0.1633988583040563
you first,0.05402521028907026
you for,-0.09691833270829736
you forget,-0.08062803189784296
you found,0.10575372409279879
you get,-0.08918006741203967
you give,-0.01733503528785038
you go,-0.10607287096308567
you got,-0.11144573440810619
you guys,-0.4027254348760128
you had,-0.05329197843071653
you have,-0.45464331303232125
you haven,0.005769969749506121
you he,0.09277258796973224
you here,0.10544559524502488
you hold,-0.03832236404144581
you how,0.012333070366495998
you if,-0.11926603097320324
you in,-0.2044595330950708
you is,-0.060522982106207136
you it,-0.15409291494409313
you just,0.07332108623255813
you keep,-0.1021080418692929
you kind,-0.0103463936647806
you kindly,-0.020430901918932813
you knew,-0.02343207575263877
you know,-0.2158458727070299
you leave,-0.014075183933325481
you let,-0.012515119194035139
you like,-0.048842810905410976
you link,-0.04889274569267998
you live,-0.11426461297370076
you ll,-0.021564846199607687
you love,-0.07434709649225314
you made,0.01367334014676331
you make,0.005216977869604706
you manipulate,-0.04949784213867973
you may,-0.36541470094145656
you might,0.040081946848930766
you more,-0.06019649631430184
you my,-0.08503450122186214
you name,0.05979358343543947
you need,-0.19837291618766625
you not,0.034654753081390814
you noticed,0.028631887588477248
you off,0.08041184173513648
you only,-0.07012058698795924
you or,-0.03235028535375688
you out,-0.1079351290540074
you overcome,0.06321455618884295
you participated,-0.03632146800876842
you please,-0.018473006741557937
you probably,-0.10478502649921363
you provide,-0.04457371702293766
you pseudo,-0.039640081437487575
you qualify,-0.0877212910476421
you rather,0.089444571848101
you re,0.17059424395125494
you read,0.016541284408795605
you reading,-0.06183137164846749
you realize,0.019328265506324355
you really,-0.1426097692219376
you recommend,-0.016390226194006208
you reddit,-0.06291083194655112
you relate,0.10840761361856097
you say,0.02433065851476693
you see,-0.038411193648101735
you seek,-0.019722259735585942
you share,-0.07070606833813538
you should,-0.1326483073443031
you so,-0.13049751493046513
you somehow,-0.016989427103344255
you start,-0.07817312625403067
you sure,-0.11758047444810552
you take,-0.11200949347284361
you tell,-0.001606557606957832
you that,-0.10407419930419046
you the,-0.21471021864451448
you they,-0.01197286225398703
you think,-0.392349177808827
you this,-0.0637567647942547
you through,-0.03074105019184583
you to,-0.3809416522966898
you too,-0.13640166029518738
you try,0.027725049844422627
you type,-0.01460696579803659
you up,-0.05254531626815139
you use,-0.10748674140880017
you ve,-0.17594580543210903
you very,-0.11535325883910418
you want,-0.3022057185548085
you went,-0.039640081437487575
you were,0.035734856885985725
you what,-0.1264544852803335
you who,-0.09771235236431254
you will,-0.3064402505665747
you wish,-0.06488459007779644
you with,-0.026491998050354258
you won,-0.07481152896539621
you would,-0.21614513176095995
you wouldn,-0.17207983565305124
you write,-0.009390192309117272
you you,-0.10005044773852728
young,-0.36863416781207764
young adults,0.004104198119608275
young age,0.013668130653209449
young and,-0.11380504580152903
young enough,0.010687121904340789
young kid,0.021005619354007955
younger,-0.2213832591936025
younger brother,0.06383043877430337
younger but,-0.08038819837002766
younger sister,-0.08162461633128126
younger than,-0.13930519682329418
youngest,0.16500568591787568
your,-1.603379816420714
your assistance,-0.06222005088985627
your attention,-0.0003680375481309884
your body,-0.03596130105683301
your brain,-0.15399787072879884
your client,-0.07808563233962593
your confidentiality,-0.020430901918932813
your consideration,-0.06823580180762359
your credit,-0.07844257153769944
your daddy,0.025769244241530112
your episodes,-0.04361458378108298
your experience,0.008229813182170913
your experiences,-0.31483340606490223
your face,0.08998827162315948
your facebook,0.04199600966220791
your family,-0.06818781046794772
your fault,-0.025661645514176476
your feedback,-0.0030090219337012753
your feet,-0.059053490325620996
your first,-0.0015822463084849579
your food,-0.055153987246052645
your friends,-0.0775382943437087
your full,-0.0395484419386061
your hands,-0.14425878586342886
your head,0.0045376033014499426
your help,-0.16589585709693236
your job,0.15602665227088935
your journey,-0.054869065623581
your life,-0.19481223286011118
your lives,-0.07219853113666158
your mental,0.05100156057743652
your mind,-0.09281125433333962
your mom,0.03134643640579202
your mother,-0.0679995610408922
your opinion,0.009276593516913612
your opinions,-0.10155571221099602
your own,-0.1022432067961056
your parents,-0.011843405216469838
your participation,-0.07630754930308613
your personal,0.010631439118053218
your preferences,-0.04509382103789202
your ptsd,-0.09045138313907697
your quality,-0.04509382103789202
your responses,-0.04457371702293766
your school,0.005661515393614703
your side,-0.06247395785305444
your situation,-0.07770021976748018
your story,-0.060841607254231427
your support,-0.14744461993724664
your survey,-0.08528203325212488
your thoughts,-0.20619423184069843
your time,0.05755704379461328
your voice,0.029169304763552333
your way,-0.07509011140004773
yourself,0.12124878961283815
yourself and,-0.011113236786586966
yourself in,-0.026503648964388307
yourself to,-0.021316951476269025
youth,-0.09326297630999766
youtube,-0.12686021541159834
youtube and,-0.013832297846812272
youtube videos,0.06568043891373423
yr,0.052467014774280354
yr old,0.010287883732553533
yrs,-0.06914729853409432
yrs old,-0.10416368540741255
zach,-0.14783566643795953
zach and,-0.07702340439285663
zen,-0.03241532902132218
zero,0.1501398689156974
zip,-0.09982655664099692
zip code,-0.09982655664099692
zoloft,-0.20006105448377007
zoloft and,-0.13463533090805552
zoloft for,0.08186688365926417
zone,-0.012487149236087625
